{
    "@odata.type": "#microsoft.graph.deviceAndAppManagementRoleDefinition",
    "displayName": "Autopilot Hardware Hash Import1",
    "description": "",
    "rolePermissions": [
        {
            "resourceActions": [
                {
                    "allowedResourceActions": [
                        "Microsoft.Intune_AppleEnrollmentProfiles_Delete",
                        "Microsoft.Intune_AppleEnrollmentProfiles_Assign",
                        "Microsoft.Intune_AppleEnrollmentProfiles_Create",
                        "Microsoft.Intune_AppleEnrollmentProfiles_Update",
                        "Microsoft.Intune_AppleDeviceSerialNumbers_Update",
                        "Microsoft.Intune_AppleDeviceSerialNumbers_Delete",
                        "Microsoft.Intune_AppleDeviceSerialNumbers_Create",
                        "Microsoft.Intune_AppleDeviceSerialNumbers_Read",
                        "Microsoft.Intune_AppleEnrollmentProfiles_Read"
                    ],
                    "notAllowedResourceActions": []
                }
            ]
        }
    ],
    "isBuiltIn": false
}