<Configuration ID="8444efb6-9352-4eb3-9add-983b27e05730">
	<Add OfficeClientEdition="64" Channel="MonthlyEnterprise">
		<Product ID="O365ProPlusRetail">
			<Language ID="MatchOS" />
			<ExcludeApp ID="Access" />
			<ExcludeApp ID="Groove" />
			<ExcludeApp ID="OneDrive" />
			<ExcludeApp ID="Lync" />
			<ExcludeApp ID="Publisher" />
			<ExcludeApp ID="Bing" />
			<ExcludeApp ID="Bing" />
			<ExcludeApp ID="Bing" />
		</Product>
		<Product ID="VisioProRetail">
			<Language ID="MatchOS" />
			<ExcludeApp ID="Access" />
			<ExcludeApp ID="Groove" />
			<ExcludeApp ID="OneDrive" />
			<ExcludeApp ID="Lync" />
			<ExcludeApp ID="Publisher" />
			<ExcludeApp ID="Bing" />
			<ExcludeApp ID="Bing" />
			<ExcludeApp ID="Bing" />
		</Product>
		<Product ID="ProjectProRetail">
			<Language ID="MatchOS" />
			<ExcludeApp ID="Access" />
			<ExcludeApp ID="Groove" />
			<ExcludeApp ID="OneDrive" />
			<ExcludeApp ID="Lync" />
			<ExcludeApp ID="Publisher" />
			<ExcludeApp ID="Bing" />
			<ExcludeApp ID="Bing" />
			<ExcludeApp ID="Bing" />
		</Product>
	</Add>
	<Property Name="SharedComputerLicensing" Value="0" />
	<Property Name="FORCEAPPSHUTDOWN" Value="FALSE" />
	<Property Name="DeviceBasedLicensing" Value="0" />
	<Property Name="SCLCacheOverride" Value="0" />
	<Updates Enabled="TRUE" />
	<RemoveMSI />
	<AppSettings>
		<User Key="software\microsoft\office\16.0\common\general" Name="shownfirstrunoptin" Value="1" Type="REG_DWORD" App="office16" Id="L_DisableOptinWizard" />
		<User Key="software\microsoft\office\16.0\firstrun" Name="disablemovie" Value="1" Type="REG_DWORD" App="office16" Id="L_DisableMovie" />
		<User Key="software\microsoft\office\16.0\firstrun" Name="bootedrtm" Value="1" Type="REG_DWORD" App="office16" Id="L_DisableOfficeFirstrun" />
		<User Key="software\microsoft\office\16.0\excel\options" Name="defaultformat" Value="51" Type="REG_DWORD" App="excel16" Id="L_SaveExcelfilesas" />
		<User Key="software\microsoft\office\16.0\powerpoint\options" Name="defaultformat" Value="27" Type="REG_DWORD" App="ppt16" Id="L_SavePowerPointfilesas" />
		<User Key="software\microsoft\office\16.0\word\options" Name="defaultformat" Value="" Type="REG_SZ" App="word16" Id="L_SaveWordfilesas" />
	</AppSettings>
	<Display Level="None" AcceptEULA="TRUE" />
	<Logging Level="Standard" Path="%windir%\Temp" />
</Configuration>