{
    "airPlay":  "AirPlay",
    "airPrint":  "AirPrint",
    "androidDefenderAtp":  "Microsoft Defender for Endpoint",
    "androidDeviceOwnerApplications":  "Applications",
    "androidForWorkPassword":  "Device password",
    "appManagement":  "Allow or Block apps",
    "applicationGuard":  "Microsoft Defender Application Guard",
    "applicationRestrictions":  "Restricted Apps",
    "applicationVisibility":  "Show or Hide Apps",
    "applications":  "App Store",
    "applicationsAndGames":  "App Store, Doc Viewing, Gaming",
    "applicationsAndGoogle":  "Google Play Store",
    "appsAndExperience":  "Apps and experience",
    "associatedDomains":  "Associated domains",
    "autonomousSingleAppMode":  "Autonomous Single App Mode",
    "azureOperationalInsights":  "Azure operational insights",
    "bitLocker":  "Windows Encryption",
    "browser":  "Browser",
    "builtinApps":  "Built-in Apps",
    "cellular":  "Cellular",
    "cloudAndStorage":  "Cloud and Storage",
    "cloudPrint":  "Cloud Printer",
    "complianceEmailProfile":  "Email",
    "connectedDevices":  "Connected Devices",
    "connectivity":  "Cellular and connectivity",
    "contentCaching":  "Content caching",
    "controlPanelAndSettings":  "Control Panel and Settings",
    "credentialGuard":  "Microsoft Defender Credential Guard",
    "customCompliance":  "Custom Compliance",
    "customConfiguration":  "Custom Configuration Profile",
    "customOMASettings":  "Custom OMA-URI Settings",
    "customPreferences":  "Preference file",
    "defender":  "Microsoft Defender Antivirus",
    "defenderAntivirus":  "Microsoft Defender Antivirus",
    "defenderExploitGuard":  "Microsoft Defender Exploit Guard",
    "defenderFirewall":  "Microsoft Defender Firewall",
    "defenderLocalSecurityOptions":  "Local device security options",
    "defenderSecurityCenter":  "Microsoft Defender Security Center",
    "deliveryOptimization":  "Delivery Optimization",
    "derivedCredentialAuthenticationConfiguration":  "Derived credential",
    "deviceExperience":  "Device experience",
    "deviceFirmwareConfigurationInterface":  "Device Firmware Configuration Interface",
    "deviceGuard":  "Microsoft Defender Application Control",
    "deviceHealth":  "Device Health",
    "devicePassword":  "Device password",
    "deviceProperties":  "Device Properties",
    "deviceRestrictions":  "General",
    "deviceSecurity":  "System security",
    "display":  "Display",
    "domainJoin":  "Domain Join",
    "domains":  "Domains",
    "edgeBrowser":  "Microsoft Edge Legacy (Version 45 and earlier)",
    "edgeBrowserSmartScreen":  "Microsoft Defender SmartScreen",
    "edgeKiosk":  "Microsoft Edge kiosk mode",
    "editionUpgrade":  "Edition Upgrade",
    "education":  "Education",
    "educationDeviceCerts":  "Device certificates",
    "educationStudentCerts":  "Student certificates",
    "educationTakeATest":  "Take a Test",
    "educationTeacherCerts":  "Teacher certificates",
    "emailProfile":  "Email",
    "enterpriseDataProtection":  "Windows Information Protection",
    "expeditedCheckin":  "Mobile device management configuration",
    "extensibleSingleSignOn":  "Single sign-on app extension",
    "filevault":  "FileVault",
    "firewall":  "Firewall",
    "games":  "Games",
    "gatekeeper":  "Gatekeeper",
    "healthMonitoring":  "Health monitoring",
    "homeScreenLayout":  "Home Screen Layout",
    "iOSWallpaper":  "Wallpaper",
    "importedPFX":  "PKCS Imported Certificate",
    "iosDefenderAtp":  "Microsoft Defender for Endpoint",
    "iosKiosk":  "Kiosk",
    "kernelExtensions":  "Kernel extensions",
    "keyboardAndDictionary":  "Keyboard and Dictionary",
    "kiosk":  "Kiosk",
    "kioskAndroidEnterprise":  "Dedicated devices",
    "kioskConfiguration":  "Kiosk",
    "kioskConfigurationV2":  "Kiosk",
    "kioskWebBrowser":  "Kiosk web browser",
    "lockScreenMessage":  "Lock Screen Message",
    "lockedScreenExperience":  "Locked Screen Experience",
    "logging":  "Reporting and Telemetry",
    "loginItems":  "Login items",
    "loginWindow":  "Login window",
    "macDefenderAtp":  "Microsoft Defender for Endpoint",
    "maintenance":  "Maintenance",
    "malware":  "Malware",
    "messaging":  "Messaging",
    "networkBoundary":  "Network boundary",
    "networkProxy":  "Network proxy",
    "notifications":  "App Notifications",
    "pKCS":  "PKCS Certificate",
    "password":  "Password",
    "personalProfile":  "Personal profile",
    "personalization":  "Personalization",
    "policyOverride":  "Override Group Policy",
    "powerSettings":  "Power Settings",
    "printer":  "Printer",
    "privacy":  "Privacy",
    "privacyPerApp":  "Per-app privacy exceptions",
    "privacyPreferences":  "Privacy preferences",
    "projection":  "Projection",
    "sCCMCompliance":  "Configuration Manager Compliance",
    "sCEP":  "SCEP Certificate",
    "sCEPProperties":  "SCEP Certificate",
    "sMode":  "Mode switch (Windows Insider only)",
    "safari":  "Safari",
    "search":  "Search",
    "session":  "Session",
    "sharedDevice":  "Shared iPad",
    "sharedPCAccountManager":  "Shared multi-user device",
    "singleSignOn":  "Single Sign On",
    "smartScreen":  "Microsoft Defender SmartScreen",
    "softwareUpdates":  "Settings",
    "start":  "Start",
    "systemExtensions":  "System extensions",
    "systemSecurity":  "System Security",
    "trustedCert":  "Trusted Certificate",
    "updates":  "Updates",
    "userRights":  "User Rights",
    "usersAndAccounts":  "Users and Accounts",
    "vPN":  "Base VPN",
    "vPNApps":  "Automatic VPN",
    "vPNAppsAndTrafficRules":  "Apps and Traffic Rules",
    "vPNConditionalAccess":  "Conditional Access",
    "vPNConnectivity":  "Connectivity",
    "vPNDNSTriggers":  "DNS Settings",
    "vPNIKEv2":  "IKEv2 settings",
    "vPNProxy":  "Proxy",
    "vPNSplitTunneling":  "Split Tunneling",
    "vPNTrustedNetwork":  "Trusted Network Detection",
    "webContentFilter":  "Web Content Filter",
    "wiFi":  "Wi-Fi",
    "win10Wifi":  "Wi-Fi",
    "windowsAtp":  "Microsoft Defender for Endpoint",
    "windowsDefenderATP":  "Microsoft Defender for Endpoint",
    "windowsHelloForBusiness":  "Windows Hello for Business",
    "windowsSpotlight":  "Windows Spotlight",
    "wiredNetwork":  "Wired network",
    "wireless":  "Wireless",
    "wirelessProjection":  "Wireless projection",
    "workProfile":  "Work profile settings",
    "workProfilePassword":  "Work profile password",
    "xboxServices":  "Xbox services",
    "zebraMx":  "MX profile (Zebra only)"
}
