﻿[
    {
        "Name":  "en",
        "EnglishName":  "English",
        "NativeName":  "English‎",
        "FullName":  "en-us"
    }, 
    {
        "Name":  "de",
        "EnglishName":  "German",
        "NativeName":  "Deutsch‎",
        "FullName":  "de-de"
    },
    {
        "Name":  "es",
        "EnglishName":  "Spanish",
        "NativeName":  "Español‎",
        "FullName":  "es-es"
    },
    {
        "Name":  "fr",
        "EnglishName":  "French",
        "NativeName":  "Français‎",
        "FullName":  "fr-fr"
    },
    {
        "Name":  "it",
        "EnglishName":  "Italian",
        "NativeName":  "Italiano‎",
        "FullName":  "it-it"
    },
    {
        "Name":  "hu",
        "EnglishName":  "Hungarian",
        "NativeName":  "Magyar‎",
        "FullName":  "hu-hu"
    },
    {
        "Name":  "nl",
        "EnglishName":  "Dutch",
        "NativeName":  "Nederlands‎",
        "FullName":  "nl-nl"
    },
    {
        "Name":  "pl",
        "EnglishName":  "Polish",
        "NativeName":  "Polski‎",
        "FullName":  "pl-pl"
    },
    {
        "Name":  "pt",
        "EnglishName":  "Portuguese",
        "NativeName":  "Português‎",
        "FullName":  "pt-br"
    },
    {
        "Name":  "sv",
        "EnglishName":  "Swedish",
        "NativeName":  "Svenska‎",
        "FullName":  "sv-se"
    },
    {
        "Name":  "tr",
        "EnglishName":  "Turkish",
        "NativeName":  "Türkçe‎",
        "FullName":  "tr-tr"
    },
    {
        "Name":  "cs",
        "EnglishName":  "Czech",
        "NativeName":  "Čeština‎",
        "FullName":  "cs-cz"
    },
    {
        "Name":  "ru",
        "EnglishName":  "Russian",
        "NativeName":  "Русский‎",
        "FullName":  "ru-ru"
    },
    {
        "Name":  "zh",
        "EnglishName":  "Chinese",
        "NativeName":  "中文‎",
        "FullName":  "zh-cn"
    },
    {
        "Name":  "zh-hans",
        "EnglishName":  "Chinese (Simplified)",
        "NativeName":  "中文(简体)‎",
        "FullName":  "zh-cn"
    },
    {
        "Name":  "zh-chs",
        "EnglishName":  "Chinese (Simplified) Legacy",
        "NativeName":  "中文(简体) 旧版‎",
        "FullName":  "zh-cn"
    },
    {
        "Name":  "zh-hant",
        "EnglishName":  "Chinese (Traditional)",
        "NativeName":  "中文(繁體)‎",
        "FullName":  "zh-tw"
    },
    {
        "Name":  "zh-cht",
        "EnglishName":  "Chinese (Traditional) Legacy",
        "NativeName":  "中文(繁體) 舊版‎",
        "FullName":  "zh-tw"
    },
    {
        "Name":  "ja",
        "EnglishName":  "Japanese",
        "NativeName":  "日本語‎",
        "FullName":  "ja-jp"
    },
    {
        "Name":  "ko",
        "EnglishName":  "Korean",
        "NativeName":  "한국어‎",
        "FullName":  "ko-kr"
    }
]
