﻿[
    {
        "ObjectType":  "#microsoft.graph.androidCustomConfiguration",
        "PolicyType":  "AndroidCustom",
        "PolicyTypeLanguageId":  "custom",
        "PlatformLanguageId":  "Android",
        "Categories":  [

                       ]
    },
    {
        "ObjectType":  "#microsoft.graph.androidEasEmailProfileConfiguration",
        "PolicyType":  "AndroidEmailProfile",
        "PolicyTypeLanguageId":  "emailSamsungKnoxOnly",
        "PlatformLanguageId":  "Android",
        "Categories":  [

                       ]
    },
    {
        "ObjectType":  "#microsoft.graph.androidGeneralDeviceConfiguration",
        "PolicyType":  "AndroidGeneral",
        "PolicyTypeLanguageId":  "deviceRestrictions",
        "PlatformLanguageId":  "Android",
        "Categories":  [
                           "DeviceRestrictions",
                           "Password",
                           "ApplicationsAndGoogle",
                           "ApplicationRestrictions",
                           "Browser",
                           "AppManagement",
                           "CloudAndStorage",
                           "Connectivity",
                           "KioskAndroidEnterprise",
                           "Kiosk"
                       ]
    },
    {
        "ObjectType":  "#microsoft.graph.androidImportedPFXCertificateProfile",
        "PolicyType":  "AndroidImportedPFX",
        "PolicyTypeLanguageId":  "pkcsImportedCertificate",
        "PlatformLanguageId":  "Android",
        "Categories":  [

                       ]
    },
    {
        "ObjectType":  "#microsoft.graph.androidOmaCpConfiguration",
        "PolicyType":  "AndroidZebraMx",
        "PolicyTypeLanguageId":  "mxProfileZebraOnly",
        "PlatformLanguageId":  "Android",
        "Categories":  [

                       ]
    },
    {
        "ObjectType":  "#microsoft.graph.androidPkcsCertificateProfile",
        "PolicyType":  "AndroidPKCS",
        "PolicyTypeLanguageId":  "pkcsCertificate",
        "PlatformLanguageId":  "Android",
        "Categories":  [

                       ]
    },
    {
        "ObjectType":  "#microsoft.graph.androidScepCertificateProfile",
        "PolicyType":  "AndroidSCEP",
        "PolicyTypeLanguageId":  "scepCertificate",
        "PlatformLanguageId":  "Android",
        "Categories":  [

                       ]
    },
    {
        "ObjectType":  "#microsoft.graph.androidTrustedRootCertificate",
        "PolicyType":  "AndroidTrustedCertificate",
        "PolicyTypeLanguageId":  "trustedCertificate",
        "PlatformLanguageId":  "Android",
        "Categories":  [

                       ]
    },
    {
        "ObjectType":  "#microsoft.graph.androidVpnConfiguration",
        "PolicyType":  "AndroidVPN",
        "PolicyTypeLanguageId":  "vpn",
        "PlatformLanguageId":  "Android",
        "Categories":  [

                       ]
    },
    {
        "ObjectType":  "#microsoft.graph.androidWiFiConfiguration",
        "PolicyType":  "AndroidWiFi",
        "PolicyTypeLanguageId":  "wiFi",
        "PlatformLanguageId":  "Android",
        "Categories":  [

                       ]
    },
    {
        "ObjectType":  "#microsoft.graph.androidDeviceOwnerGeneralDeviceConfiguration",
        "PolicyType":  "AndroidDeviceOwnerGeneral",
        "PolicyTypeLanguageId":  "deviceRestrictions",
        "PlatformLanguageId":  "AndroidForWork",
        "Categories":  [
                           "DeviceRestrictions",
                           "DeviceSecurity",
                           "KioskAndroidEnterprise",
                           "DeviceExperience",
                           "DevicePassword",
                           "PowerSettings",
                           "UsersAndAccounts",
                           "AndroidDeviceOwnerApplications",
                           "VPNConnectivity",
                           "WorkProfilePassword",
                           "PersonalProfile",
                           "AndroidDeviceOwnerPolicyMessages"
                       ],
        "ShowDisabled":  true
    },
    {
        "ObjectType":  "#microsoft.graph.androidDeviceOwnerWiFiConfiguration",
        "PolicyType":  "AndroidDeviceOwnerWiFi",
        "PolicyTypeLanguageId":  "wiFi",
        "PlatformLanguageId":  "AndroidForWork",
        "Categories":  [

                       ]
    },
    {
        "ObjectType":  "#microsoft.graph.androidDeviceOwnerEnterpriseWiFiConfiguration",
        "PolicyType":  "AndroidDeviceOwnerWiFi",
        "PolicyTypeLanguageId":  "wiFi",
        "PlatformLanguageId":  "AndroidForWork",
        "Categories":  [

                       ]
    },
    {
        "ObjectType":  "#microsoft.graph.androidDeviceOwnerTrustedRootCertificate",
        "PolicyType":  "AndroidDeviceOwnerTrustedCertificate",
        "PolicyTypeLanguageId":  "trustedCertificate",
        "PlatformLanguageId":  "AndroidForWork",
        "Categories":  [

                       ]
    },
    {
        "ObjectType":  "#microsoft.graph.androidDeviceOwnerImportedPFXCertificateProfile",
        "PolicyType":  "AndroidDeviceOwnerImportedPFX",
        "PolicyTypeLanguageId":  "pkcsImportedCertificate",
        "PlatformLanguageId":  "AndroidForWork",
        "Categories":  [

                       ]
    },
    {
        "ObjectType":  "#microsoft.graph.androidDeviceOwnerPkcsCertificateProfile",
        "PolicyType":  "AndroidDeviceOwnerPKCS",
        "PolicyTypeLanguageId":  "pkcsCertificate",
        "PlatformLanguageId":  "AndroidForWork",
        "Categories":  [

                       ]
    },
    {
        "ObjectType":  "#microsoft.graph.androidDeviceOwnerScepCertificateProfile",
        "PolicyType":  "AndroidDeviceOwnerSCEP",
        "PolicyTypeLanguageId":  "scepCertificate",
        "PlatformLanguageId":  "AndroidForWork",
        "Categories":  [

                       ]
    },
    {
        "ObjectType":  "#microsoft.graph.androidDeviceOwnerVpnConfiguration",
        "PolicyType":  "AndroidDeviceOwnerVpn",
        "PolicyTypeLanguageId":  "vpn",
        "PlatformLanguageId":  "AndroidForWork",
        "Categories":  [

                       ]
    },
    {
        "ObjectType":  "#microsoft.graph.androidDeviceOwnerDerivedCredentialAuthenticationConfiguration",
        "PolicyType":  "AndroidDeviceOwnerDerivedCredentialAppAuthenticationConfiguration",
        "PolicyTypeLanguageId":  "derivedPersonalIdentityVerificationCredential",
        "PlatformLanguageId":  "AndroidForWork",
        "Categories":  [

                       ]
    },
    {
        "ObjectType":  "#microsoft.graph.androidEnterpriseWiFiConfiguration",
        "PolicyType":  "AndroidWiFi",
        "PolicyTypeLanguageId":  "wiFi",
        "PlatformLanguageId":  "Android",
        "Categories":  [

                       ]
    },
    {
        "ObjectType":  "#microsoft.graph.androidForWorkCustomConfiguration",
        "PolicyType":  "AndroidForWorkCustom",
        "PolicyTypeLanguageId":  "custom",
        "PlatformLanguageId":  "AndroidForWork",
        "Categories":  [

                       ]
    },
    {
        "ObjectType":  "#microsoft.graph.androidWorkProfileCustomConfiguration",
        "PolicyType":  "AndroidForWorkCustom",
        "PolicyTypeLanguageId":  "custom",
        "PlatformLanguageId":  "AndroidForWork",
        "Categories":  [

                       ]
    },
    {
        "ObjectType":  "#microsoft.graph.androidForWorkGmailEasConfiguration",
        "PolicyType":  "AndroidForWorkEmailProfile",
        "PolicyTypeLanguageId":  "email",
        "PlatformLanguageId":  "AndroidForWork",
        "Categories":  [

                       ]
    },
    {
        "ObjectType":  "#microsoft.graph.androidWorkProfileGmailEasConfiguration",
        "PolicyType":  "AndroidForWorkEmailProfile",
        "PolicyTypeLanguageId":  "email",
        "PlatformLanguageId":  "AndroidForWork",
        "Categories":  [

                       ]
    },
    {
        "ObjectType":  "#microsoft.graph.androidForWorkNineWorkEasConfiguration",
        "PolicyType":  "AndroidForWorkEmailProfile",
        "PolicyTypeLanguageId":  "email",
        "PlatformLanguageId":  "AndroidForWork",
        "Categories":  [

                       ]
    },
    {
        "ObjectType":  "#microsoft.graph.androidWorkProfileNineWorkEasConfiguration",
        "PolicyType":  "AndroidForWorkEmailProfile",
        "PolicyTypeLanguageId":  "email",
        "PlatformLanguageId":  "AndroidForWork",
        "Categories":  [

                       ]
    },
    {
        "ObjectType":  "#microsoft.graph.androidForWorkGeneralDeviceConfiguration",
        "PolicyType":  "AndroidForWorkGeneral",
        "PolicyTypeLanguageId":  "deviceRestrictions",
        "PlatformLanguageId":  "AndroidForWork",
        "Categories":  [
                           "WorkProfile",
                           "Password",
                           "DeviceSecurity",
                           "VPNConnectivity"
                       ]
    },
    {
        "ObjectType":  "#microsoft.graph.androidWorkProfileGeneralDeviceConfiguration",
        "PolicyType":  "AndroidForWorkGeneral",
        "PolicyTypeLanguageId":  "deviceRestrictions",
        "PlatformLanguageId":  "AndroidForWork",
        "Categories":  [
                           "WorkProfile",
                           "Password",
                           "DeviceSecurity",
                           "VPNConnectivity"
                       ]
    },
    {
        "ObjectType":  "#microsoft.graph.androidForWorkWiFiConfiguration",
        "PolicyType":  "AndroidForWorkWiFi",
        "PolicyTypeLanguageId":  "wiFi",
        "PlatformLanguageId":  "AndroidForWork",
        "Categories":  [

                       ]
    },
    {
        "ObjectType":  "#microsoft.graph.androidWorkProfileWiFiConfiguration",
        "PolicyType":  "AndroidForWorkWiFi",
        "PolicyTypeLanguageId":  "wiFi",
        "PlatformLanguageId":  "AndroidForWork",
        "Categories":  [

                       ]
    },
    {
        "ObjectType":  "#microsoft.graph.androidForWorkEnterpriseWiFiConfiguration",
        "PolicyType":  "AndroidForWorkWiFi",
        "PolicyTypeLanguageId":  "wiFi",
        "PlatformLanguageId":  "AndroidForWork",
        "Categories":  [

                       ]
    },
    {
        "ObjectType":  "#microsoft.graph.androidWorkProfileEnterpriseWiFiConfiguration",
        "PolicyType":  "AndroidForWorkWiFi",
        "PolicyTypeLanguageId":  "wiFi",
        "PlatformLanguageId":  "AndroidForWork",
        "Categories":  [

                       ]
    },
    {
        "ObjectType":  "#microsoft.graph.androidForWorkVpnConfiguration",
        "PolicyType":  "AndroidForWorkVpn",
        "PolicyTypeLanguageId":  "vpn",
        "PlatformLanguageId":  "AndroidForWork",
        "Categories":  [

                       ]
    },
    {
        "ObjectType":  "#microsoft.graph.androidWorkProfileVpnConfiguration",
        "PolicyType":  "AndroidForWorkVpn",
        "PolicyTypeLanguageId":  "vpn",
        "PlatformLanguageId":  "AndroidForWork",
        "Categories":  [

                       ]
    },
    {
        "ObjectType":  "#microsoft.graph.androidForWorkImportedPFXCertificateProfile",
        "PolicyType":  "AndroidForWorkImportedPFX",
        "PolicyTypeLanguageId":  "pkcsImportedCertificate",
        "PlatformLanguageId":  "AndroidForWork",
        "Categories":  [

                       ]
    },
    {
        "ObjectType":  "#microsoft.graph.androidForWorkPkcsCertificateProfile",
        "PolicyType":  "AndroidForWorkPKCS",
        "PolicyTypeLanguageId":  "pkcsCertificate",
        "PlatformLanguageId":  "AndroidForWork",
        "Categories":  [

                       ]
    },
    {
        "ObjectType":  "#microsoft.graph.androidWorkProfilePkcsCertificateProfile",
        "PolicyType":  "AndroidForWorkPKCS",
        "PolicyTypeLanguageId":  "pkcsCertificate",
        "PlatformLanguageId":  "AndroidForWork",
        "Categories":  [

                       ]
    },
    {
        "ObjectType":  "#microsoft.graph.androidForWorkScepCertificateProfile",
        "PolicyType":  "AndroidForWorkSCEP",
        "PolicyTypeLanguageId":  "scepCertificate",
        "PlatformLanguageId":  "AndroidForWork",
        "Categories":  [

                       ]
    },
    {
        "ObjectType":  "#microsoft.graph.androidWorkProfileScepCertificateProfile",
        "PolicyType":  "AndroidForWorkSCEP",
        "PolicyTypeLanguageId":  "scepCertificate",
        "PlatformLanguageId":  "AndroidForWork",
        "Categories":  [

                       ]
    },
    {
        "ObjectType":  "#microsoft.graph.androidForWorkTrustedRootCertificate",
        "PolicyType":  "AndroidForWorkTrustedCertificate",
        "PolicyTypeLanguageId":  "trustedCertificate",
        "PlatformLanguageId":  "AndroidForWork",
        "Categories":  [

                       ]
    },
    {
        "ObjectType":  "#microsoft.graph.androidWorkProfileTrustedRootCertificate",
        "PolicyType":  "AndroidForWorkTrustedCertificate",
        "PolicyTypeLanguageId":  "trustedCertificate",
        "PlatformLanguageId":  "AndroidForWork",
        "Categories":  [

                       ]
    },
    {
        "ObjectType":  "#microsoft.graph.androidManagedStoreAppConfiguration",
        "PolicyType":  "AndroidForWorkOemConfig",
        "PolicyTypeLanguageId":  "oemConfig",
        "PlatformLanguageId":  "AndroidForWork",
        "Categories":  [

                       ]
    },
    {
        "ObjectType":  "#microsoft.graph.aospDeviceOwnerDeviceConfiguration",
        "PolicyType":  "AOSPDeviceOwnerDevice",
        "PolicyTypeLanguageId":  "deviceRestrictions",
        "PlatformLanguageId":  "AndroidAOSP",
        "Categories":  [
                           "DevicePassword",
                           "DeviceRestrictions"
                       ]
    },
    {
        "ObjectType":  "#microsoft.graph.aospDeviceOwnerEnterpriseWiFiConfiguration",
        "PolicyType":  "AOSPDeviceOwnerWiFi",
        "PolicyTypeLanguageId":  "wiFi",
        "PlatformLanguageId":  "AndroidAOSP",
        "Categories":  [

                       ]
    },
    {
        "ObjectType":  "#microsoft.graph.aospDeviceOwnerTrustedRootCertificate",
        "PolicyType":  "AOSPDeviceOwnerTrustedCertificate",
        "PolicyTypeLanguageId":  "trustedCertificate",
        "PlatformLanguageId":  "AndroidAOSP",
        "Categories":  [

                       ]
    },
    {
        "ObjectType":  "#microsoft.graph.aospDeviceOwnerPkcsCertificateProfile",
        "PolicyType":  "AOSPDeviceOwnerPKCS",
        "PolicyTypeLanguageId":  "pkcsCertificate",
        "PlatformLanguageId":  "AndroidAOSP",
        "Categories":  [

                       ]
    },
    {
        "ObjectType":  "#microsoft.graph.aospDeviceOwnerScepCertificateProfile",
        "PolicyType":  "AOSPDeviceOwnerSCEP",
        "PolicyTypeLanguageId":  "scepCertificate",
        "PlatformLanguageId":  "AndroidAOSP",
        "Categories":  [

                       ]
    },
    {
        "ObjectType":  "#microsoft.graph.aospDeviceOwnerWiFiConfiguration",
        "PolicyType":  "AOSPDeviceOwnerWiFi",
        "PolicyTypeLanguageId":  "wiFi",
        "PlatformLanguageId":  "AndroidAOSP",
        "Categories":  [

                       ]
    },
    {
        "ObjectType":  "#microsoft.graph.editionUpgradeConfiguration",
        "PolicyType":  "WindowsEditionUpgrade",
        "PolicyTypeLanguageId":  "editionUpgradeAndModeSwitch",
        "PlatformLanguageId":  "Windows10",
        "Categories":  [
                           "EditionUpgrade",
                           "SMode"
                       ]
    },
    {
        "ObjectType":  "#microsoft.graph.hardwareConfiguration",
        "PolicyType":  "HardwareConfigurations",
        "PolicyTypeLanguageId":  "hardwareConfigurations",
        "PlatformLanguageId":  "Windows10",
        "Categories":  [

                       ]
    },
    {
        "ObjectType":  "#microsoft.graph.iosCustomConfiguration",
        "PolicyType":  "IosCustom",
        "PolicyTypeLanguageId":  "custom",
        "PlatformLanguageId":  "Ios",
        "Categories":  [

                       ]
    },
    {
        "ObjectType":  "#microsoft.graph.iosDeviceFeaturesConfiguration",
        "PolicyType":  "IosDeviceFeatures",
        "PolicyTypeLanguageId":  "deviceFeatures",
        "PlatformLanguageId":  "Ios",
        "Categories":  [
                           "AirPrint",
                           "HomeScreenLayout",
                           "Notifications",
                           "LockScreenMessage",
                           "SingleSignOn",
                           "WebContentFilter",
                           "ExtensibleSingleSignOn"
                       ]
    },
    {
        "ObjectType":  "#microsoft.graph.iosDerivedCredentialAuthenticationConfiguration",
        "PolicyType":  "IosDerivedCredentialAuthenticationConfiguration",
        "PolicyTypeLanguageId":  "derivedPersonalIdentityVerificationCredential",
        "PlatformLanguageId":  "Ios",
        "Categories":  [

                       ]
    },
    {
        "ObjectType":  "#microsoft.graph.iosEasEmailProfileConfiguration",
        "PolicyType":  "IosEmailProfile",
        "PolicyTypeLanguageId":  "email",
        "PlatformLanguageId":  "Ios",
        "Categories":  [

                       ]
    },
    {
        "ObjectType":  "#microsoft.graph.iosEduDeviceConfiguration",
        "PolicyType":  "IosEducation",
        "PolicyTypeLanguageId":  "education",
        "PlatformLanguageId":  "Ios",
        "Categories":  [
                           "EducationTeacherCerts",
                           "EducationStudentCerts"
                       ]
    },
    {
        "ObjectType":  "#microsoft.graph.iosGeneralDeviceConfiguration",
        "PolicyType":  "IosGeneral",
        "PolicyTypeLanguageId":  "deviceRestrictions",
        "PlatformLanguageId":  "Ios",
        "Categories":  [
                           "ApplicationsAndGames",
                           "AutonomousSingleAppMode",
                           "BuiltinApps",
                           "CloudAndStorage",
                           "ConnectedDevices",
                           "Domains",
                           "DeviceRestrictions",
                           "KeyboardAndDictionary",
                           "Kiosk",
                           "LockedScreenExperience",
                           "Password",
                           "ApplicationRestrictions",
                           "SharedDevice",
                           "ApplicationVisibility",
                           "Wireless"
                       ]
    },
    {
        "ObjectType":  "#microsoft.graph.iosImportedPFXCertificateProfile",
        "PolicyType":  "IosImportedPFX",
        "PolicyTypeLanguageId":  "pkcsImportedCertificate",
        "PlatformLanguageId":  "Ios",
        "Categories":  [

                       ]
    },
    {
        "ObjectType":  "#microsoft.graph.iosPkcsCertificateProfile",
        "PolicyType":  "IosPKCS",
        "PolicyTypeLanguageId":  "pkcsCertificate",
        "PlatformLanguageId":  "Ios",
        "Categories":  [

                       ]
    },
    {
        "ObjectType":  "#microsoft.graph.iosPresetsProfile",
        "PolicyType":  "IosPresets",
        "PolicyTypeLanguageId":  "presets",
        "PlatformLanguageId":  null,
        "Categories":  [

                       ]
    },
    {
        "ObjectType":  "#microsoft.graph.iosScepCertificateProfile",
        "PolicyType":  "IosSCEP",
        "PolicyTypeLanguageId":  "scepCertificate",
        "PlatformLanguageId":  "Ios",
        "Categories":  [

                       ]
    },
    {
        "ObjectType":  "#microsoft.graph.iosTrustedRootCertificate",
        "PolicyType":  "IosTrustedCertificate",
        "PolicyTypeLanguageId":  "trustedCertificate",
        "PlatformLanguageId":  "Ios",
        "Categories":  [

                       ]
    },
    {
        "ObjectType":  "#microsoft.graph.iosVpnConfiguration",
        "PolicyType":  "IosVPN",
        "PolicyTypeLanguageId":  "vpn",
        "PlatformLanguageId":  "Ios",
        "Categories":  [

                       ]
    },
    {
        "ObjectType":  "#microsoft.graph.iosikEv2VpnConfiguration",
        "PolicyType":  "IosVPN",
        "PolicyTypeLanguageId":  "vpn",
        "PlatformLanguageId":  "Ios",
        "Categories":  [

                       ]
    },
    {
        "ObjectType":  "#microsoft.graph.iosWiFiConfiguration",
        "PolicyType":  "IosWiFi",
        "PolicyTypeLanguageId":  "wiFi",
        "PlatformLanguageId":  "Ios",
        "Categories":  [

                       ]
    },
    {
        "ObjectType":  "#microsoft.graph.iosEnterpriseWiFiConfiguration",
        "PolicyType":  "IosWiFi",
        "PolicyTypeLanguageId":  "wiFi",
        "PlatformLanguageId":  "Ios",
        "Categories":  [

                       ]
    },
    {
        "ObjectType":  "#microsoft.graph.iosUpdateConfiguration",
        "PolicyType":  "IosUpdate",
        "PolicyTypeLanguageId":  "softwareUpdates",
        "PlatformLanguageId":  "Ios",
        "Categories":  [

                       ]
    },
    {
        "ObjectType":  "#microsoft.graph.iosExpeditedCheckinConfiguration",
        "PolicyType":  "IosExpeditedCheckin",
        "PolicyTypeLanguageId":  "expeditedCheckin",
        "PlatformLanguageId":  "Ios",
        "Categories":  [
                           "ExpeditedCheckin"
                       ]
    },
    {
        "ObjectType":  "#microsoft.graph.macOSCustomConfiguration",
        "PolicyType":  "MacCustom",
        "PolicyTypeLanguageId":  "custom",
        "PlatformLanguageId":  "MacOS",
        "Categories":  [

                       ]
    },
    {
        "ObjectType":  "#microsoft.graph.macOSCustomAppConfiguration",
        "PolicyType":  "MacCustomPreferences",
        "PolicyTypeLanguageId":  "preferenceFile",
        "PlatformLanguageId":  "MacOS",
        "Categories":  [

                       ]
    },
    {
        "ObjectType":  "#microsoft.graph.macOSDeviceFeaturesConfiguration",
        "PolicyType":  "MacDeviceFeatures",
        "PolicyTypeLanguageId":  "deviceFeatures",
        "PlatformLanguageId":  "MacOS",
        "Categories":  [
                           "AirPrint",
                           "AssociatedDomains",
                           "ContentCaching",
                           "LoginItems",
                           "LoginWindow",
                           "ExtensibleSingleSignOn"
                       ]
    },
    {
        "ObjectType":  "#microsoft.graph.macOSEndpointProtectionConfiguration",
        "PolicyType":  "MacEndpointProtection",
        "PolicyTypeLanguageId":  "endpointProtection",
        "PlatformLanguageId":  "MacOS",
        "Categories":  [
                           "FileVault",
                           "Firewall",
                           "Gatekeeper"
                       ]
    },
    {
        "ObjectType":  "#microsoft.graph.macOSExtensionsConfiguration",
        "PolicyType":  "MacExtensions",
        "PolicyTypeLanguageId":  "extensions",
        "PlatformLanguageId":  "MacOS",
        "Categories":  [
                           "KernelExtensions",
                           "SystemExtensions"
                       ]
    },
    {
        "ObjectType":  "#microsoft.graph.macOSGeneralDeviceConfiguration",
        "PolicyType":  "MacGeneral",
        "PolicyTypeLanguageId":  "deviceRestrictions",
        "PlatformLanguageId":  "MacOS",
        "Categories":  [
                           "ApplicationsAndGames",
                           "BuiltinApps",
                           "CloudAndStorage",
                           "ConnectedDevices",
                           "Domains",
                           "DeviceRestrictions",
                           "Password",
                           "PrivacyPreferences",
                           "ApplicationRestrictions"
                       ]
    },
    {
        "ObjectType":  "#microsoft.graph.macOSImportedPFXCertificateProfile",
        "PolicyType":  "MacImportedPFX",
        "PolicyTypeLanguageId":  "pkcsImportedCertificate",
        "PlatformLanguageId":  "MacOS",
        "Categories":  [

                       ]
    },
    {
        "ObjectType":  "#microsoft.graph.macOSPkcsCertificateProfile",
        "PolicyType":  "MacOSPKCS",
        "PolicyTypeLanguageId":  "pkcsCertificate",
        "PlatformLanguageId":  "MacOS",
        "Categories":  [

                       ]
    },
    {
        "ObjectType":  "#microsoft.graph.macOSScepCertificateProfile",
        "PolicyType":  "MacSCEP",
        "PolicyTypeLanguageId":  "scepCertificate",
        "PlatformLanguageId":  "MacOS",
        "Categories":  [

                       ]
    },
    {
        "ObjectType":  "#microsoft.graph.macOSTrustedRootCertificate",
        "PolicyType":  "MacTrustedCertificate",
        "PolicyTypeLanguageId":  "trustedCertificate",
        "PlatformLanguageId":  "MacOS",
        "Categories":  [

                       ]
    },
    {
        "ObjectType":  "#microsoft.graph.macOSVpnConfiguration",
        "PolicyType":  "MacVPN",
        "PolicyTypeLanguageId":  "vpn",
        "PlatformLanguageId":  "MacOS",
        "Categories":  [

                       ]
    },
    {
        "ObjectType":  "#microsoft.graph.macOSWiFiConfiguration",
        "PolicyType":  "MacWiFi",
        "PolicyTypeLanguageId":  "wiFi",
        "PlatformLanguageId":  "MacOS",
        "Categories":  [

                       ]
    },
    {
        "ObjectType":  "#microsoft.graph.macOSEnterpriseWiFiConfiguration",
        "PolicyType":  "MacWiFi",
        "PolicyTypeLanguageId":  "wiFi",
        "PlatformLanguageId":  "MacOS",
        "Categories":  [

                       ]
    },
    {
        "ObjectType":  "#microsoft.graph.macOSWiredNetworkConfiguration",
        "PolicyType":  "MacWiredNetwork",
        "PolicyTypeLanguageId":  "wiredNetwork",
        "PlatformLanguageId":  "MacOS",
        "Categories":  [

                       ]
    },
    {
        "ObjectType":  "#microsoft.graph.macOSSoftwareUpdateConfiguration",
        "PolicyType":  "MacOSSoftwareUpdate",
        "PolicyTypeLanguageId":  "softwareUpdates",
        "PlatformLanguageId":  "MacOS",
        "Categories":  [

                       ]
    },
    {
        "ObjectType":  "#microsoft.graph.sharedPCConfiguration",
        "PolicyType":  "Windows10SharedPC",
        "PolicyTypeLanguageId":  "sharedMultiUserDevice",
        "PlatformLanguageId":  "Windows10",
        "Categories":  [
                           "SharedPCAccountManager"
                       ]
    },
    {
        "ObjectType":  "#microsoft.graph.unsupportedDeviceConfiguration",
        "PolicyType":  "Unsupported",
        "PolicyTypeLanguageId":  "unsupported",
        "PlatformLanguageId":  "Unsupported",
        "Categories":  [
                           "Unsupported"
                       ]
    },
    {
        "ObjectType":  "#microsoft.graph.windowsDefenderAdvancedThreatProtectionConfiguration",
        "PolicyType":  "Windows10Atp",
        "PolicyTypeLanguageId":  "microsoftDefenderAtpWindows10Desktop",
        "PlatformLanguageId":  "Windows10",
        "Categories":  [

                       ]
    },
    {
        "ObjectType":  "#microsoft.graph.windowsDeliveryOptimizationConfiguration",
        "PolicyType":  "WindowsDeliveryOptimization",
        "PolicyTypeLanguageId":  "deliveryOptimization",
        "PlatformLanguageId":  "Windows10",
        "Categories":  [
                           "DeliveryOptimization"
                       ]
    },
    {
        "ObjectType":  "#microsoft.graph.windows10DeviceFirmwareConfigurationInterface",
        "PolicyType":  "Windows10DeviceFirmwareConfigurationInterface",
        "PolicyTypeLanguageId":  "deviceFirmwareConfigurationInterface",
        "PlatformLanguageId":  "Windows10",
        "Categories":  [
                           "UEFIAccess",
                           "DFCISecuritySettings",
                           "Cameras",
                           "MicrophonesAndSpeakers",
                           "Radios",
                           "BootOptions",
                           "Ports",
                           "WakeSettings"
                       ]
    },
    {
        "ObjectType":  "#microsoft.graph.windowsIdentityProtectionConfiguration",
        "PolicyType":  "WindowsIdentityProtection",
        "PolicyTypeLanguageId":  "identityProtection",
        "PlatformLanguageId":  "Windows10",
        "Categories":  [
                           "WindowsHelloForBusiness"
                       ]
    },
    {
        "ObjectType":  "#microsoft.graph.windows10CustomConfiguration",
        "PolicyType":  "Windows10Custom",
        "PolicyTypeLanguageId":  "custom",
        "PlatformLanguageId":  "Windows10",
        "Categories":  [

                       ]
    },
    {
        "ObjectType":  "#microsoft.graph.windows10GeneralConfiguration",
        "PolicyType":  "Windows10General",
        "PolicyTypeLanguageId":  "deviceRestrictions",
        "PlatformLanguageId":  "Windows10",
        "Categories":  [
                           "Applications",
                           "Connectivity",
                           "CloudAndStorage",
                           "CloudPrint",
                           "ControlPanelAndSettings",
                           "Display",
                           "DeviceRestrictions",
                           "LockedScreenExperience",
                           "Messaging",
                           "EdgeBrowser",
                           "NetworkProxy",
                           "Password",
                           "PrivacyPerApp",
                           "Personalization",
                           "Printer",
                           "Privacy",
                           "Projection",
                           "Logging",
                           "Search",
                           "Start",
                           "DefenderExclusions",
                           "EdgeBrowserSmartScreen",
                           "WindowsSpotlight",
                           "Defender",
                           "PowerSettings"
                       ]
    },
    {
        "ObjectType":  "#microsoft.graph.windows10EasEmailProfileConfiguration",
        "PolicyType":  "Windows10EmailProfile",
        "PolicyTypeLanguageId":  "email",
        "PlatformLanguageId":  "Windows10",
        "Categories":  [

                       ]
    },
    {
        "ObjectType":  "#microsoft.graph.windows10EndpointProtectionConfiguration",
        "PolicyType":  "Windows10EndpointProtection",
        "PolicyTypeLanguageId":  "endpointProtection",
        "PlatformLanguageId":  "Windows10",
        "Categories":  [
                           "ApplicationGuard",
                           "DefenderFirewall",
                           "SmartScreen",
                           "BitLocker",
                           "DefenderExploitGuard",
                           "DeviceGuard",
                           "CredentialGuard",
                           "DefenderSecurityCenter",
                           "DefenderLocalSecurityOptions",
                           "XboxServices",
                           "UserRights"
                       ]
    },
    {
        "ObjectType":  "#microsoft.graph.windowsKioskConfiguration",
        "PolicyType":  "Windows10Kiosk",
        "PolicyTypeLanguageId":  "kiosk",
        "PlatformLanguageId":  "Windows10",
        "Categories":  [
                           "KioskConfiguration",
                           "KioskWebBrowser",
                           "EdgeKiosk"
                       ]
    },
    {
        "ObjectType":  "#microsoft.graph.windows10NetworkBoundaryConfiguration",
        "PolicyType":  "Windows10NetworkBoundary",
        "PolicyTypeLanguageId":  "networkBoundary",
        "PlatformLanguageId":  "Windows10",
        "Categories":  [
                           "NetworkBoundary"
                       ]
    },
    {
        "ObjectType":  "#microsoft.graph.windows10InformationProtectionConfiguration",
        "PolicyType":  "Windows10EnterpriseDataProtection",
        "PolicyTypeLanguageId":  "windowsInformationProtection",
        "PlatformLanguageId":  "Windows10",
        "Categories":  [

                       ]
    },
    {
        "ObjectType":  "#microsoft.graph.windows10PolicyOverrideConfiguration",
        "PolicyType":  "Windows10PolicyOverride",
        "PolicyTypeLanguageId":  "overrideGroupPolicy",
        "PlatformLanguageId":  "Windows10",
        "Categories":  [
                           "PolicyOverride"
                       ]
    },
    {
        "ObjectType":  "#microsoft.graph.windows10PkcsCertificateProfile",
        "PolicyType":  "Windows10PKCS",
        "PolicyTypeLanguageId":  "pkcsCertificate",
        "PlatformLanguageId":  "Windows10",
        "Categories":  [

                       ]
    },
    {
        "ObjectType":  "#microsoft.graph.windows10ImportedPFXCertificateProfile",
        "PolicyType":  "Windows10ImportedPFX",
        "PolicyTypeLanguageId":  "pkcsImportedCertificate",
        "PlatformLanguageId":  "Windows10",
        "Categories":  [

                       ]
    },
    {
        "ObjectType":  "#microsoft.graph.windows10SecureAssessmentConfiguration",
        "PolicyType":  "Windows10SecureAssessmentProfile",
        "PolicyTypeLanguageId":  "secureAssessmentEducation",
        "PlatformLanguageId":  "Windows10",
        "Categories":  [
                           "EducationTakeATest"
                       ]
    },
    {
        "ObjectType":  "#microsoft.graph.windows10TeamGeneralConfiguration",
        "PolicyType":  "Windows10TeamGeneral",
        "PolicyTypeLanguageId":  "deviceRestrictionsWindows10Team",
        "PlatformLanguageId":  "Windows10",
        "Categories":  [

                       ]
    },
    {
        "ObjectType":  "#microsoft.graph.windows10VpnConfiguration",
        "PolicyType":  "Windows10VPN",
        "PolicyTypeLanguageId":  "vpn",
        "PlatformLanguageId":  "Windows10",
        "Categories":  [
                           "vpn"
                       ]
    },
    {
        "ObjectType":  "#microsoft.graph.windows81GeneralConfiguration",
        "PolicyType":  "Windows8General",
        "PolicyTypeLanguageId":  "deviceRestrictions",
        "PlatformLanguageId":  "Windows8",
        "Categories":  [
                           "DeviceRestrictions",
                           "Password",
                           "Browser",
                           "Cellular",
                           "CloudAndStorage"
                       ]
    },
    {
        "ObjectType":  "#microsoft.graph.windows81SCEPCertificateProfile",
        "PolicyType":  "Windows8SCEP",
        "PolicyTypeLanguageId":  "scepCertificate",
        "PlatformLanguageId":  "Windows8",
        "Categories":  [

                       ]
    },
    {
        "ObjectType":  "#microsoft.graph.windows81TrustedRootCertificate",
        "PolicyType":  "Windows8TrustedCertificate",
        "PolicyTypeLanguageId":  "trustedCertificate",
        "PlatformLanguageId":  "Windows8",
        "Categories":  [

                       ]
    },
    {
        "ObjectType":  "#microsoft.graph.windows81VpnConfiguration",
        "PolicyType":  "Windows8VPN",
        "PolicyTypeLanguageId":  "vpn",
        "PlatformLanguageId":  "Windows8",
        "Categories":  [

                       ]
    },
    {
        "ObjectType":  "#microsoft.graph.windowsPhone81CustomConfiguration",
        "PolicyType":  "WindowsPhoneCustom",
        "PolicyTypeLanguageId":  "custom",
        "PlatformLanguageId":  "WindowsPhone",
        "Categories":  [

                       ]
    },
    {
        "ObjectType":  "#microsoft.graph.windowsPhone81GeneralConfiguration",
        "PolicyType":  "WindowsPhoneGeneral",
        "PolicyTypeLanguageId":  "deviceRestrictions",
        "PlatformLanguageId":  "WindowsPhone",
        "Categories":  [
                           "DeviceRestrictions",
                           "Password",
                           "Applications",
                           "ApplicationRestrictions",
                           "Browser",
                           "Connectivity"
                       ]
    },
    {
        "ObjectType":  "#microsoft.graph.windowsPhone81ImportedPFXCertificateProfile",
        "PolicyType":  "WindowsPhoneImportedPFX",
        "PolicyTypeLanguageId":  "pkcsImportedCertificate",
        "PlatformLanguageId":  "WindowsPhone",
        "Categories":  [

                       ]
    },
    {
        "ObjectType":  "#microsoft.graph.windowsPhone81SCEPCertificateProfile",
        "PolicyType":  "WindowsPhoneSCEP",
        "PolicyTypeLanguageId":  "scepCertificate",
        "PlatformLanguageId":  "WindowsPhone",
        "Categories":  [

                       ]
    },
    {
        "ObjectType":  "#microsoft.graph.windowsPhone81TrustedRootCertificate",
        "PolicyType":  "WindowsPhoneTrustedCertificate",
        "PolicyTypeLanguageId":  "trustedCertificate",
        "PlatformLanguageId":  "WindowsPhone",
        "Categories":  [

                       ]
    },
    {
        "ObjectType":  "#microsoft.graph.windowsPhone81VpnConfiguration",
        "PolicyType":  "WindowsPhoneVPN",
        "PolicyTypeLanguageId":  "vpn",
        "PlatformLanguageId":  "WindowsPhone",
        "Categories":  [

                       ]
    },
    {
        "ObjectType":  "#microsoft.graph.windows81WifiImportConfiguration",
        "PolicyType":  "Windows8WiFi",
        "PolicyTypeLanguageId":  "wiFiImport",
        "PlatformLanguageId":  "Windows8",
        "Categories":  [

                       ]
    },
    {
        "ObjectType":  "#microsoft.graph.windowsPhoneEASEmailProfileConfiguration",
        "PolicyType":  "WindowsPhoneEmailProfile",
        "PolicyTypeLanguageId":  "email",
        "PlatformLanguageId":  "WindowsPhone",
        "Categories":  [

                       ]
    },
    {
        "ObjectType":  "#microsoft.graph.windowsUpdateForBusinessConfiguration",
        "PolicyType":  "Windows10DesktopSoftwareUpdate",
        "PolicyTypeLanguageId":  "softwareUpdates",
        "PlatformLanguageId":  "Windows10",
        "Categories":  [

                       ]
    },
    {
        "ObjectType":  "#microsoft.graph.windowsDomainJoinConfiguration",
        "PolicyType":  "WindowsDomainJoin",
        "PolicyTypeLanguageId":  "domainJoinPreview",
        "PlatformLanguageId":  "Windows10",
        "Categories":  [

                       ]
    },
    {
        "ObjectType":  "#microsoft.graph.windowsWifiConfiguration",
        "PolicyType":  "Windows10WiFi",
        "PolicyTypeLanguageId":  "wiFi",
        "PlatformLanguageId":  "Windows10",
        "Categories":  [
                           "Win10Wifi"
                       ]
    },
    {
        "ObjectType":  "#microsoft.graph.windowsWiredNetworkConfiguration",
        "PolicyType":  "Windows10WiredNetwork",
        "PolicyTypeLanguageId":  "wiredNetwork",
        "PlatformLanguageId":  "Windows10",
        "Categories":  [

                       ]
    },
    {
        "ObjectType":  "#microsoft.graph.windowsWifiEnterpriseEAPConfiguration",
        "PolicyType":  "Windows10WiFi",
        "PolicyTypeLanguageId":  "wiFi",
        "PlatformLanguageId":  "Windows10",
        "Categories":  [
                           "Win10Wifi"
                       ]
    },
    {
        "ObjectType":  "#microsoft.graph.windows10AdministrativeTemplate",
        "PolicyType":  "Windows10AdministrativeTemplate",
        "PolicyTypeLanguageId":  "administrativeTemplates",
        "PlatformLanguageId":  "Windows10",
        "Categories":  [

                       ]
    },
    {
        "ObjectType":  "#microsoft.graph.windowsHealthMonitoringConfiguration",
        "PolicyType":  "WindowsHealthMonitoring",
        "PolicyTypeLanguageId":  "windowsHealthMonitoring",
        "PlatformLanguageId":  "Windows10",
        "Categories":  [
                           "HealthMonitoring"
                       ]
    },
    {
        "ObjectType":  "#microsoft.graph.windows10XWifiConfiguration",
        "PolicyType":  "Windows10XWifi",
        "PolicyTypeLanguageId":  "wiFi",
        "PlatformLanguageId":  "Windows10X",
        "Categories":  [

                       ]
    },
    {
        "ObjectType":  "#microsoft.graph.windows10XVpnConfiguration",
        "PolicyType":  "Windows10XVPN",
        "PolicyTypeLanguageId":  "vpn",
        "PlatformLanguageId":  "Windows10X",
        "Categories":  [

                       ]
    },
    {
        "ObjectType":  "#microsoft.graph.windows10XTrustedRootCertificate",
        "PolicyType":  "Windows10XTrustedCertificate",
        "PolicyTypeLanguageId":  "trustedCertificate",
        "PlatformLanguageId":  "Windows10X",
        "Categories":  [

                       ]
    },
    {
        "ObjectType":  "#microsoft.graph.windows10XSCEPCertificateProfile",
        "PolicyType":  "Windows10XScep",
        "PolicyTypeLanguageId":  "scepCertificate",
        "PlatformLanguageId":  "Windows10X",
        "Categories":  [

                       ]
    },
    {
        "ObjectType":  "#microsoft.graph.androidCompliancePolicy",
        "PolicyType":  "ComplianceAndroid",
        "PolicyTypeLanguageId":  "androidCompliancePolicy",
        "PlatformLanguageId":  "Android",
        "Categories":  [

                       ]
    },
    {
        "ObjectType":  "#microsoft.graph.androidDeviceOwnerCompliancePolicy",
        "PolicyType":  "ComplianceAndroidDeviceOwner",
        "PolicyTypeLanguageId":  "deviceOwner",
        "PlatformLanguageId":  "AndroidForWork",
        "Categories":  [

                       ]
    },
    {
        "ObjectType":  "#microsoft.graph.androidForWorkCompliancePolicy",
        "PolicyType":  "ComplianceAndroidForWork",
        "PolicyTypeLanguageId":  "workProfile",
        "PlatformLanguageId":  "AndroidForWork",
        "Categories":  [

                       ]
    },
    {
        "ObjectType":  "#microsoft.graph.androidWorkProfileCompliancePolicy",
        "PolicyType":  "ComplianceAndroidForWork",
        "PolicyTypeLanguageId":  "workProfile",
        "PlatformLanguageId":  "AndroidForWork",
        "Categories":  [

                       ]
    },
    {
        "ObjectType":  "#microsoft.graph.aospDeviceOwnerCompliancePolicy",
        "PolicyType":  "ComplianceAOSPDeviceOwner",
        "PolicyTypeLanguageId":  "aospDeviceOwnerCompliancePolicy",
        "PlatformLanguageId":  "AndroidAOSP",
        "Categories":  [

                       ]
    },
    {
        "ObjectType":  "#microsoft.graph.iosCompliancePolicy",
        "PolicyType":  "ComplianceIos",
        "PolicyTypeLanguageId":  "iosCompliancePolicy",
        "PlatformLanguageId":  "Ios",
        "Categories":  [

                       ]
    },
    {
        "ObjectType":  "#microsoft.graph.macOSCompliancePolicy",
        "PolicyType":  "ComplianceMac",
        "PolicyTypeLanguageId":  "macCompliancePolicy",
        "PlatformLanguageId":  "MacOS",
        "Categories":  [

                       ]
    },
    {
        "ObjectType":  "#microsoft.graph.windows10CompliancePolicy",
        "PolicyType":  "ComplianceWindows10",
        "PolicyTypeLanguageId":  "windows10CompliancePolicy",
        "PlatformLanguageId":  "Windows10",
        "Categories":  [

                       ]
    },
    {
        "ObjectType":  "#microsoft.graph.windows10MobileCompliancePolicy",
        "PolicyType":  "ComplianceWindows10Mobile",
        "PolicyTypeLanguageId":  "windows10MobileCompliancePolicy",
        "PlatformLanguageId":  "Windows10",
        "Categories":  [

                       ]
    },
    {
        "ObjectType":  "#microsoft.graph.windows81CompliancePolicy",
        "PolicyType":  "ComplianceWindows8",
        "PolicyTypeLanguageId":  "windows8CompliancePolicy",
        "PlatformLanguageId":  "Windows8",
        "Categories":  [

                       ]
    },
    {
        "ObjectType":  "#microsoft.graph.windowsPhone81CompliancePolicy",
        "PolicyType":  "ComplianceWindowsPhone",
        "PolicyTypeLanguageId":  "windowsPhoneCompliancePolicy",
        "PlatformLanguageId":  "WindowsPhone",
        "Categories":  [

                       ]
    },
    {
        "ObjectType":  "#microsoft.graph.defaultDeviceCompliancePolicy",
        "PolicyType":  "ComplianceDefaultPolicy",
        "PolicyTypeLanguageId":  null,
        "PlatformLanguageId":  null,
        "Categories":  [

                       ]
    },
    {
        "ObjectType":  "#microsoft.graph.settingsCatalog",
        "PolicyType":  "SettingsCatalog",
        "PolicyTypeLanguageId":  "settingsCatalog",
        "PlatformLanguageId":  null,
        "Categories":  [

                       ]
    },
    {
        "ObjectType":  "settingsCatalogWindows10X",
        "PolicyType":  "SettingsCatalogWindows10X",
        "PolicyTypeLanguageId":  "settingsCatalog",
        "PlatformLanguageId":  "Windows10X",
        "Categories":  [

                       ]
    },
    {
        "ObjectType":  "settingsCatalogWindows10",
        "PolicyType":  "SettingsCatalogWindows10",
        "PolicyTypeLanguageId":  "settingsCatalog",
        "PlatformLanguageId":  "Windows10",
        "Categories":  [

                       ]
    },
    {
        "ObjectType":  "settingsCatalogMacOS",
        "PolicyType":  "SettingsCatalogMacOS",
        "PolicyTypeLanguageId":  "settingsCatalog",
        "PlatformLanguageId":  "MacOS",
        "Categories":  [

                       ]
    },
    {
        "ObjectType":  "settingsCatalogLinux",
        "PolicyType":  "SettingsCatalogLinux",
        "PolicyTypeLanguageId":  "settingsCatalog",
        "PlatformLanguageId":  "Linux",
        "Categories":  [

                       ]
    },
    {
        "ObjectType":  "settingsCatalogIOS",
        "PolicyType":  "SettingsCatalogIOS",
        "PolicyTypeLanguageId":  "settingsCatalog",
        "PlatformLanguageId":  "Ios",
        "Categories":  [

                       ]
    }
]
