[
    {
        "nameResourceKey":  "applicationConfiguration",
        "descriptionResourceKey":  "",
        "dataType":  8,
        "booleanActions":  0
    },
    {
        "nameResourceKey":  "EdgeAppConfig.ApplicationProxyRedirection.title",
        "descriptionResourceKey":  "",
        "entityKey":  "com.microsoft.intune.mam.managedbrowser.AppProxyRedirection",
        "dataType":  0,
        "booleanActions":  102,
        "category": "TACSettings.edgeSettings"
    },
    {
        "nameResourceKey":  "EdgeAppConfig.HomepageURL.title",
        "descriptionResourceKey":  "",
        "entityKey":  "com.microsoft.intune.mam.managedbrowser.homepage",
        "dataType":  20,
        "booleanActions":  0,
        "category": "TACSettings.edgeSettings"
    },
    {
        "nameResourceKey":  "EdgeAppConfig.Bookmarks.header",
        "descriptionResourceKey":  "",
        "entityKey":  "com.microsoft.intune.mam.managedbrowser.bookmarks",
        "dataType":  20,
        "booleanActions":  0,
        "category": "TACSettings.edgeSettings"
    },
    {
        "nameResourceKey":  "EdgeAppConfig.AllowedURLs.title",
        "descriptionResourceKey":  "",
        "entityKey":  "com.microsoft.intune.mam.managedbrowser.AllowListURLs",
        "dataType":  20,
        "booleanActions":  0,
        "category": "TACSettings.edgeSettings"
    },
    {
        "nameResourceKey":  "EdgeAppConfig.BlockedURLs.title",
        "descriptionResourceKey":  "",
        "entityKey":  "com.microsoft.intune.mam.managedbrowser.BlockListURLs",
        "dataType":  20,
        "booleanActions":  0,
        "category": "TACSettings.edgeSettings"
    },
    {
        "nameResourceKey":  "EdgeAppConfig.PersonalContext.label",
        "descriptionResourceKey":  "",
        "entityKey":  "com.microsoft.intune.mam.managedbrowser.AllowTransitionOnBlock",
        "dataType":  0,
        "booleanActions":  102,
        "category": "TACSettings.edgeSettings"
    }
]