[
    {
        "nameResourceKey":  "TableHeaders.configurationType",
        "descriptionResourceKey":  "",
        "entityKey":  "WindowsManagement.shellScriptObjectName",
        "dataType":  200,
        "booleanActions":  0,
        "category": 1000
    },
    {
        "nameResourceKey":  "WindowsManagement.shellScriptObjectName",
        "descriptionResourceKey":  "",
        "entityKey":  "fileName",
        "dataType":  20,
        "booleanActions":  0,
        "category": "WindowsManagement.scriptsettingsTabHeader"
    },
    {
        "nameResourceKey":  "WindowsManagement.scriptContextLabel",
        "descriptionResourceKey":  "WindowsManagement.scriptContextInfoBalloonContent",
        "entityKey":  "runAsAccount",
        "dataType":  16,
        "booleanActions":  0,
        "category": "WindowsManagement.scriptsettingsTabHeader",
        "options":  [
            {
                "nameResourceKey":  "no",
                "descriptionResourceKey":  "",
                "value":  "system"
            },
            {
                "nameResourceKey":  "yes",
                "descriptionResourceKey":  "",
                "value":  "user"
            }
        ]    
    },
    {
        "nameResourceKey":  "WindowsManagement.Mac.blockNotifications",
        "descriptionResourceKey":  "WindowsManagement.Mac.blockNotificationToolTip.toolTip",
        "entityKey":  "blockExecutionNotifications",
        "dataType":  0,
        "booleanActions":  109,
        "category": "WindowsManagement.scriptsettingsTabHeader"
    },
    {
        "nameResourceKey":  "WindowsManagement.Mac.executionFrequency",
        "descriptionResourceKey":  "WindowsManagement.Mac.executionFrequencyToolTip.toolTip",
        "entityKey":  "executionFrequency",
        "dataType":  16,
        "booleanActions":  0,
        "category": "WindowsManagement.scriptsettingsTabHeader",
        "options":  [
            {
                "nameResourceKey":  "WindowsManagement.PolicyFrequency.days1",
                "descriptionResourceKey":  "",
                "value":  "PT1D"
            },
            {
                "nameResourceKey":  "WindowsManagement.PolicyFrequency.hours1",
                "descriptionResourceKey":  "",
                "value":  "PT1H"
            },
            {
                "nameResourceKey":  "WindowsManagement.PolicyFrequency.hours12",
                "descriptionResourceKey":  "",
                "value":  "PT12H"
            },
            {
                "nameResourceKey":  "WindowsManagement.PolicyFrequency.hours2",
                "descriptionResourceKey":  "",
                "value":  "PT2H"
            },
            {
                "nameResourceKey":  "WindowsManagement.PolicyFrequency.hours3",
                "descriptionResourceKey":  "",
                "value":  "PT3H"
            },
            {
                "nameResourceKey":  "WindowsManagement.PolicyFrequency.hours6",
                "descriptionResourceKey":  "",
                "value":  "PT6H"
            },
            {
                "nameResourceKey":  "WindowsManagement.PolicyFrequency.minutes15",
                "descriptionResourceKey":  "",
                "value":  "PT15M"
            },
            {
                "nameResourceKey":  "WindowsManagement.PolicyFrequency.minutes30",
                "descriptionResourceKey":  "",
                "value":  "PT30M"
            }
        ]        
    },
    {
        "nameResourceKey":  "WindowsManagement.Mac.scriptRetry",
        "descriptionResourceKey":  "",
        "entityKey":  "retryCount",
        "dataType":  16,
        "booleanActions":  0,
        "category": "WindowsManagement.scriptsettingsTabHeader",
        "options":  [
            {
                "nameResourceKey":  "WindowsManagement.PolicyRetry.times1",
                "descriptionResourceKey":  "",
                "value":  "1"
            },
            {
                "nameResourceKey":  "WindowsManagement.PolicyRetry.times2",
                "descriptionResourceKey":  "",
                "value":  "2"
            },
            {
                "nameResourceKey":  "WindowsManagement.PolicyRetry.times3",
                "descriptionResourceKey":  "",
                "value":  "3"
            }
        ]
    }
]