[
    {
        "nameResourceKey":  "ProactiveRemediations.Create.Settings.DetectionScriptMultiLineTextBox.label",
        "descriptionResourceKey":  "",
        "entityKey":  "detectionScriptAdded",
        "dataType":  0,
        "booleanActions":  109,
        "category": "WindowsManagement.scriptsettingsTabHeader"
    },
    {
        "nameResourceKey":  "ProactiveRemediations.Create.Settings.RemediationScriptMultiLineTextBox.label",
        "descriptionResourceKey":  "",
        "entityKey":  "remediationScriptAdded",
        "dataType":  0,
        "booleanActions":  109,
        "category": "WindowsManagement.scriptsettingsTabHeader"
    },
    {
        "nameResourceKey":  "ProactiveRemediations.Create.Settings.LoggedOnCredentialsOptionPicker.label",
        "descriptionResourceKey":  "",
        "entityKey":  "useLoggedOnCredentials",
        "dataType":  0,
        "booleanActions":  109
    },
    {
        "nameResourceKey":  "ProactiveRemediations.Create.Settings.EnforceScriptSignatureCheckOptionPicker.label",
        "descriptionResourceKey":  "",
        "entityKey":  "enforceSignatureCheck",
        "dataType":  0,
        "booleanActions":  109

    },
    {
        "nameResourceKey":  "ProactiveRemediations.Create.Settings.RunIn64BitPSOptionPicker.label",
        "descriptionResourceKey":  "",
        "entityKey":  "runAs32Bit",
        "dataType":  0,
        "booleanActions":  110

    }
]