﻿{
    "airprint_iosdevicefeatures":  [
                                       {
                                           "isSettingDescription":  false,
                                           "showAsSectionHeader":  false,
                                           "dataType":  8,
                                           "category":  1,
                                           "nameResourceKey":  "IosDeviceFeaturesAirPrintHeader",
                                           "childSettings":  [

                                                             ],
                                           "options":  [

                                                       ],
                                           "booleanActions":  0,
                                           "policyType":  42,
                                           "enabled":  true
                                       },
                                       {
                                           "isSettingDescription":  false,
                                           "showAsSectionHeader":  true,
                                           "dataType":  8,
                                           "category":  1,
                                           "nameResourceKey":  "allEnrollmentTypesHeaderName",
                                           "descriptionResourceKey":  "allEnrollmentTypesHeaderDescription",
                                           "childSettings":  [
                                                                 {
                                                                     "columns":  [
                                                                                     {
                                                                                         "metadata":  {
                                                                                                          "dataType":  20,
                                                                                                          "category":  1,
                                                                                                          "nameResourceKey":  "ipAddress",
                                                                                                          "descriptionResourceKey":  "ipAddressDescription",
                                                                                                          "emptyValueResourceKey":  "airPrintIpAddressHint",
                                                                                                          "childSettings":  [

                                                                                                                            ],
                                                                                                          "options":  [

                                                                                                                      ],
                                                                                                          "entityKey":  "ipAddress",
                                                                                                          "booleanActions":  0,
                                                                                                          "policyType":  42,
                                                                                                          "enabled":  true
                                                                                                      }
                                                                                     },
                                                                                     {
                                                                                         "metadata":  {
                                                                                                          "dataType":  20,
                                                                                                          "category":  1,
                                                                                                          "nameResourceKey":  "resourcePath",
                                                                                                          "descriptionResourceKey":  "resourcePathDescription",
                                                                                                          "emptyValueResourceKey":  "airPrintResourcePathHint",
                                                                                                          "childSettings":  [

                                                                                                                            ],
                                                                                                          "options":  [

                                                                                                                      ],
                                                                                                          "entityKey":  "resourcePath",
                                                                                                          "booleanActions":  0,
                                                                                                          "policyType":  42,
                                                                                                          "enabled":  true
                                                                                                      }
                                                                                     },
                                                                                     {
                                                                                         "metadata":  {
                                                                                                          "dataType":  14,
                                                                                                          "category":  1,
                                                                                                          "nameResourceKey":  "airPrintPort",
                                                                                                          "descriptionResourceKey":  "iOSAirPrintPortDescription",
                                                                                                          "emptyValueResourceKey":  "default",
                                                                                                          "childSettings":  [

                                                                                                                            ],
                                                                                                          "options":  [

                                                                                                                      ],
                                                                                                          "entityKey":  "port",
                                                                                                          "booleanActions":  0,
                                                                                                          "policyType":  42,
                                                                                                          "enabled":  true
                                                                                                      }
                                                                                     },
                                                                                     {
                                                                                         "metadata":  {
                                                                                                          "dataType":  16,
                                                                                                          "category":  1,
                                                                                                          "nameResourceKey":  "forceTls",
                                                                                                          "descriptionResourceKey":  "forceTlsDescription",
                                                                                                          "childSettings":  [

                                                                                                                            ],
                                                                                                          "options":  [
                                                                                                                          {
                                                                                                                              "nameResourceKey":  "enableOption",
                                                                                                                              "value":  "true",
                                                                                                                              "enabled":  true
                                                                                                                          },
                                                                                                                          {
                                                                                                                              "nameResourceKey":  "disableOption",
                                                                                                                              "value":  "false",
                                                                                                                              "enabled":  true
                                                                                                                          }
                                                                                                                      ],
                                                                                                          "entityKey":  "forceTls",
                                                                                                          "booleanActions":  0,
                                                                                                          "defaultValue":  "false",
                                                                                                          "policyType":  42,
                                                                                                          "enabled":  true
                                                                                                      }
                                                                                     }
                                                                                 ],
                                                                     "dataType":  21,
                                                                     "category":  1,
                                                                     "nameResourceKey":  "airPrintTableName",
                                                                     "childSettings":  [

                                                                                       ],
                                                                     "options":  [

                                                                                 ],
                                                                     "entityKey":  "airPrintDestinations",
                                                                     "booleanActions":  0,
                                                                     "policyType":  42,
                                                                     "enabled":  true
                                                                 }
                                                             ],
                                           "options":  [

                                                       ],
                                           "booleanActions":  0,
                                           "policyType":  42,
                                           "enabled":  true
                                       }
                                   ]
}
