﻿{
    "androiddeviceownerpolicymessages_androiddeviceownergeneral":  {
                                                                       "isSettingDescription":  false,
                                                                       "showAsSectionHeader":  true,
                                                                       "dataType":  8,
                                                                       "category":  3,
                                                                       "nameResourceKey":  "allAndroidCorpEnrollmentTypesHeaderName",
                                                                       "descriptionResourceKey":  "allAndroidCorpEnrollmentTypesHeaderDescription",
                                                                       "childSettings":  [
                                                                                             {
                                                                                                 "isSettingDescription":  false,
                                                                                                 "showAsSectionHeader":  true,
                                                                                                 "dataType":  8,
                                                                                                 "category":  3,
                                                                                                 "nameResourceKey":  "shortSupportMessageName",
                                                                                                 "childSettings":  [
                                                                                                                       {
                                                                                                                           "dataType":  25,
                                                                                                                           "category":  3,
                                                                                                                           "childSettings":  [

                                                                                                                                             ],
                                                                                                                           "options":  [

                                                                                                                                       ],
                                                                                                                           "booleanActions":  0,
                                                                                                                           "policyType":  2,
                                                                                                                           "enabled":  true
                                                                                                                       }
                                                                                                                   ],
                                                                                                 "options":  [

                                                                                                             ],
                                                                                                 "booleanActions":  0,
                                                                                                 "policyType":  2,
                                                                                                 "enabled":  true
                                                                                             },
                                                                                             {
                                                                                                 "isSettingDescription":  false,
                                                                                                 "showAsSectionHeader":  true,
                                                                                                 "dataType":  8,
                                                                                                 "category":  3,
                                                                                                 "nameResourceKey":  "longSupportMessageName",
                                                                                                 "childSettings":  [
                                                                                                                       {
                                                                                                                           "dataType":  25,
                                                                                                                           "category":  3,
                                                                                                                           "childSettings":  [

                                                                                                                                             ],
                                                                                                                           "options":  [

                                                                                                                                       ],
                                                                                                                           "booleanActions":  0,
                                                                                                                           "policyType":  2,
                                                                                                                           "enabled":  true
                                                                                                                       }
                                                                                                                   ],
                                                                                                 "options":  [

                                                                                                             ],
                                                                                                 "booleanActions":  0,
                                                                                                 "policyType":  2,
                                                                                                 "enabled":  true
                                                                                             },
                                                                                             {
                                                                                                 "isSettingDescription":  false,
                                                                                                 "showAsSectionHeader":  true,
                                                                                                 "dataType":  8,
                                                                                                 "category":  3,
                                                                                                 "nameResourceKey":  "lockScreenMessageName",
                                                                                                 "childSettings":  [
                                                                                                                       {
                                                                                                                           "dataType":  25,
                                                                                                                           "category":  3,
                                                                                                                           "childSettings":  [

                                                                                                                                             ],
                                                                                                                           "options":  [

                                                                                                                                       ],
                                                                                                                           "booleanActions":  0,
                                                                                                                           "policyType":  2,
                                                                                                                           "enabled":  true
                                                                                                                       }
                                                                                                                   ],
                                                                                                 "options":  [

                                                                                                             ],
                                                                                                 "booleanActions":  0,
                                                                                                 "policyType":  2,
                                                                                                 "enabled":  true
                                                                                             }
                                                                                         ],
                                                                       "options":  [

                                                                                   ],
                                                                       "booleanActions":  0,
                                                                       "policyType":  2,
                                                                       "enabled":  true
                                                                   }
}
