﻿{
    "androiddeviceownerapplications_androiddeviceownergeneral":  [
                                                                     {
                                                                         "isSettingDescription":  false,
                                                                         "showAsSectionHeader":  false,
                                                                         "dataType":  8,
                                                                         "category":  2,
                                                                         "nameResourceKey":  "workProfileHeaderDescription",
                                                                         "descriptionResourceKey":  "",
                                                                         "childSettings":  [

                                                                                           ],
                                                                         "options":  [

                                                                                     ],
                                                                         "booleanActions":  0,
                                                                         "policyType":  2,
                                                                         "enabled":  true
                                                                     },
                                                                     {
                                                                         "isSettingDescription":  false,
                                                                         "showAsSectionHeader":  true,
                                                                         "dataType":  8,
                                                                         "category":  2,
                                                                         "nameResourceKey":  "allAndroidCorpEnrollmentTypesHeaderName",
                                                                         "descriptionResourceKey":  "allAndroidCorpEnrollmentTypesHeaderDescription",
                                                                         "childSettings":  [
                                                                                               {
                                                                                                   "dataType":  0,
                                                                                                   "category":  2,
                                                                                                   "nameResourceKey":  "installUnknownSourcesAllowedName",
                                                                                                   "descriptionResourceKey":  "installUnknownSourcesAllowedDescription",
                                                                                                   "childSettings":  [

                                                                                                                     ],
                                                                                                   "options":  [

                                                                                                               ],
                                                                                                   "entityKey":  "appsAllowInstallFromUnknownSources",
                                                                                                   "booleanActions":  0,
                                                                                                   "defaultValue":  false,
                                                                                                   "policyType":  2,
                                                                                                   "enabled":  true
                                                                                               },
                                                                                               {
                                                                                                   "dataType":  16,
                                                                                                   "category":  2,
                                                                                                   "nameResourceKey":  "appsAutoUpdatePolicyNameWorkProfile",
                                                                                                   "descriptionResourceKey":  "appsAutoUpdatePolicyDescription",
                                                                                                   "childSettings":  [

                                                                                                                     ],
                                                                                                   "options":  [
                                                                                                                   {
                                                                                                                       "nameResourceKey":  "appsAutoUpdateNotConfigured",
                                                                                                                       "value":  "notConfigured",
                                                                                                                       "enabled":  true
                                                                                                                   },
                                                                                                                   {
                                                                                                                       "nameResourceKey":  "appsAutoUpdateUserChoice",
                                                                                                                       "value":  "userChoice",
                                                                                                                       "enabled":  true
                                                                                                                   },
                                                                                                                   {
                                                                                                                       "nameResourceKey":  "appsAutoUpdateNever",
                                                                                                                       "value":  "never",
                                                                                                                       "enabled":  true
                                                                                                                   },
                                                                                                                   {
                                                                                                                       "nameResourceKey":  "appsAutoUpdateWifiOnly",
                                                                                                                       "value":  "wiFiOnly",
                                                                                                                       "enabled":  true
                                                                                                                   },
                                                                                                                   {
                                                                                                                       "nameResourceKey":  "appsAutoUpdateAlways",
                                                                                                                       "value":  "always",
                                                                                                                       "enabled":  true
                                                                                                                   }
                                                                                                               ],
                                                                                                   "entityKey":  "appsAutoUpdatePolicy",
                                                                                                   "booleanActions":  0,
                                                                                                   "defaultValue":  "notConfigured",
                                                                                                   "unconfiguredValue":  "notConfigured",
                                                                                                   "policyType":  2,
                                                                                                   "enabled":  true
                                                                                               },
                                                                                               {
                                                                                                   "dataType":  0,
                                                                                                   "category":  2,
                                                                                                   "nameResourceKey":  "publicPlayStoreEnabledName",
                                                                                                   "descriptionResourceKey":  "publicPlayStoreEnabledDescription",
                                                                                                   "childSettings":  [
                                                                                                                         {
                                                                                                                             "dataType":  10,
                                                                                                                             "category":  2,
                                                                                                                             "nameResourceKey":  "publicPlayStoreEnabledWarning",
                                                                                                                             "childSettings":  [

                                                                                                                                               ],
                                                                                                                             "options":  [

                                                                                                                                         ],
                                                                                                                             "booleanActions":  0,
                                                                                                                             "policyType":  2,
                                                                                                                             "enabled":  true
                                                                                                                         }
                                                                                                                     ],
                                                                                                   "options":  [

                                                                                                               ],
                                                                                                   "entityKey":  "publicPlayStoreEnabled",
                                                                                                   "booleanActions":  0,
                                                                                                   "defaultValue":  false,
                                                                                                   "policyType":  2,
                                                                                                   "enabled":  true
                                                                                               }
                                                                                           ],
                                                                         "options":  [

                                                                                     ],
                                                                         "booleanActions":  0,
                                                                         "policyType":  2,
                                                                         "enabled":  true
                                                                     },
                                                                     {
                                                                         "isSettingDescription":  false,
                                                                         "showAsSectionHeader":  true,
                                                                         "dataType":  8,
                                                                         "category":  2,
                                                                         "nameResourceKey":  "dedicatedAndroidEnrollmentTypesHeaderName",
                                                                         "descriptionResourceKey":  "dedicatedAndroidEnrollmentTypesHeaderDescription",
                                                                         "childSettings":  [
                                                                                               {
                                                                                                   "columns":  [
                                                                                                                   {
                                                                                                                       "metadata":  {
                                                                                                                                        "dataType":  20,
                                                                                                                                        "category":  2,
                                                                                                                                        "nameResourceKey":  "appNameName",
                                                                                                                                        "descriptionResourceKey":  "Empty",
                                                                                                                                        "childSettings":  [

                                                                                                                                                          ],
                                                                                                                                        "options":  [

                                                                                                                                                    ],
                                                                                                                                        "entityKey":  "name",
                                                                                                                                        "booleanActions":  0,
                                                                                                                                        "policyType":  2,
                                                                                                                                        "enabled":  false
                                                                                                                                    }
                                                                                                                   },
                                                                                                                   {
                                                                                                                       "metadata":  {
                                                                                                                                        "dataType":  20,
                                                                                                                                        "category":  2,
                                                                                                                                        "nameResourceKey":  "packageName",
                                                                                                                                        "descriptionResourceKey":  "Empty",
                                                                                                                                        "childSettings":  [

                                                                                                                                                          ],
                                                                                                                                        "options":  [

                                                                                                                                                    ],
                                                                                                                                        "entityKey":  "appId",
                                                                                                                                        "booleanActions":  0,
                                                                                                                                        "policyType":  2,
                                                                                                                                        "enabled":  false
                                                                                                                                    }
                                                                                                                   },
                                                                                                                   {
                                                                                                                       "metadata":  {
                                                                                                                                        "dataType":  20,
                                                                                                                                        "category":  2,
                                                                                                                                        "nameResourceKey":  "appUrlName",
                                                                                                                                        "descriptionResourceKey":  "Empty",
                                                                                                                                        "childSettings":  [

                                                                                                                                                          ],
                                                                                                                                        "options":  [

                                                                                                                                                    ],
                                                                                                                                        "entityKey":  "appStoreUrl",
                                                                                                                                        "booleanActions":  0,
                                                                                                                                        "policyType":  2,
                                                                                                                                        "enabled":  false
                                                                                                                                    }
                                                                                                                   },
                                                                                                                   {
                                                                                                                       "metadata":  {
                                                                                                                                        "dataType":  20,
                                                                                                                                        "category":  2,
                                                                                                                                        "nameResourceKey":  "appPublisherName",
                                                                                                                                        "descriptionResourceKey":  "Empty",
                                                                                                                                        "childSettings":  [

                                                                                                                                                          ],
                                                                                                                                        "options":  [

                                                                                                                                                    ],
                                                                                                                                        "entityKey":  "publisher",
                                                                                                                                        "booleanActions":  0,
                                                                                                                                        "policyType":  2,
                                                                                                                                        "enabled":  false
                                                                                                                                    }
                                                                                                                   }
                                                                                                               ],
                                                                                                   "dataType":  21,
                                                                                                   "category":  2,
                                                                                                   "nameResourceKey":  "aadSharedDeviceDataClearAppsName",
                                                                                                   "descriptionResourceKey":  "aadSharedDeviceDataClearAppsDescription",
                                                                                                   "childSettings":  [

                                                                                                                     ],
                                                                                                   "options":  [

                                                                                                               ],
                                                                                                   "entityKey":  "azureAdSharedDeviceDataClearApps",
                                                                                                   "booleanActions":  0,
                                                                                                   "policyType":  2,
                                                                                                   "enabled":  false
                                                                                               }
                                                                                           ],
                                                                         "options":  [

                                                                                     ],
                                                                         "booleanActions":  0,
                                                                         "policyType":  2,
                                                                         "enabled":  false
                                                                     }
                                                                 ]
}
