﻿{
    "applications_windows10general":  [
                                          {
                                              "dataType":  0,
                                              "category":  7,
                                              "nameResourceKey":  "blockAppStoreWindowsMobileOnlyName",
                                              "descriptionResourceKey":  "empty",
                                              "childSettings":  [

                                                                ],
                                              "options":  [

                                                          ],
                                              "entityKey":  "windowsStoreBlocked",
                                              "booleanActions":  3,
                                              "defaultValue":  false,
                                              "policyType":  79,
                                              "enabled":  true
                                          },
                                          {
                                              "dataType":  0,
                                              "category":  7,
                                              "nameResourceKey":  "blockAppStoreAutoUpdate",
                                              "descriptionResourceKey":  "blockAppStoreAutoUpdateDescription",
                                              "childSettings":  [

                                                                ],
                                              "options":  [

                                                          ],
                                              "entityKey":  "windowsStoreBlockAutoUpdate",
                                              "booleanActions":  3,
                                              "defaultValue":  false,
                                              "policyType":  79,
                                              "enabled":  true
                                          },
                                          {
                                              "dataType":  16,
                                              "category":  7,
                                              "nameResourceKey":  "allowAllTrustedAppsSideloading",
                                              "descriptionResourceKey":  "allowAllTrustedAppsSideloadingDescription",
                                              "childSettings":  [

                                                                ],
                                              "options":  [
                                                              {
                                                                  "nameResourceKey":  "notConfigured",
                                                                  "value":  "notConfigured",
                                                                  "enabled":  true
                                                              },
                                                              {
                                                                  "nameResourceKey":  "blockOption",
                                                                  "value":  "blocked",
                                                                  "enabled":  true
                                                              },
                                                              {
                                                                  "nameResourceKey":  "allowOption",
                                                                  "value":  "allowed",
                                                                  "enabled":  true
                                                              }
                                                          ],
                                              "entityKey":  "appsAllowTrustedAppsSideloading",
                                              "booleanActions":  0,
                                              "defaultValue":  "notConfigured",
                                              "unconfiguredValue":  "notConfigured",
                                              "policyType":  79,
                                              "enabled":  true
                                          },
                                          {
                                              "dataType":  16,
                                              "category":  7,
                                              "nameResourceKey":  "developerUnlock",
                                              "descriptionResourceKey":  "developerUnlockDescription",
                                              "childSettings":  [

                                                                ],
                                              "options":  [
                                                              {
                                                                  "nameResourceKey":  "notConfigured",
                                                                  "value":  "notConfigured",
                                                                  "enabled":  true
                                                              },
                                                              {
                                                                  "nameResourceKey":  "blockOption",
                                                                  "value":  "blocked",
                                                                  "enabled":  true
                                                              },
                                                              {
                                                                  "nameResourceKey":  "allowOption",
                                                                  "value":  "allowed",
                                                                  "enabled":  true
                                                              }
                                                          ],
                                              "entityKey":  "developerUnlockSetting",
                                              "booleanActions":  0,
                                              "defaultValue":  "notConfigured",
                                              "unconfiguredValue":  "notConfigured",
                                              "policyType":  79,
                                              "enabled":  true
                                          },
                                          {
                                              "dataType":  0,
                                              "category":  7,
                                              "nameResourceKey":  "allowSharedUserAppData",
                                              "descriptionResourceKey":  "allowSharedUserAppDataDescription",
                                              "childSettings":  [

                                                                ],
                                              "options":  [

                                                          ],
                                              "entityKey":  "sharedUserAppDataAllowed",
                                              "booleanActions":  0,
                                              "defaultValue":  false,
                                              "policyType":  79,
                                              "enabled":  true
                                          },
                                          {
                                              "dataType":  0,
                                              "category":  7,
                                              "nameResourceKey":  "enableUsePrivateStoreOnly",
                                              "descriptionResourceKey":  "enableUsePrivateStoreOnlyDescription",
                                              "childSettings":  [

                                                                ],
                                              "options":  [

                                                          ],
                                              "entityKey":  "windowsStoreEnablePrivateStoreOnly",
                                              "booleanActions":  0,
                                              "defaultValue":  false,
                                              "policyType":  79,
                                              "enabled":  true
                                          },
                                          {
                                              "dataType":  0,
                                              "category":  7,
                                              "nameResourceKey":  "blockStoreOriginatedApps",
                                              "descriptionResourceKey":  "blockStoreOriginatedAppsDescription",
                                              "childSettings":  [

                                                                ],
                                              "options":  [

                                                          ],
                                              "entityKey":  "appsBlockWindowsStoreOriginatedApps",
                                              "booleanActions":  3,
                                              "defaultValue":  false,
                                              "policyType":  79,
                                              "enabled":  true
                                          },
                                          {
                                              "dataType":  0,
                                              "category":  7,
                                              "nameResourceKey":  "restrictAppDataToSystemVolume",
                                              "descriptionResourceKey":  "restrictAppDataToSystemVolumeDescription",
                                              "childSettings":  [

                                                                ],
                                              "options":  [

                                                          ],
                                              "entityKey":  "storageRestrictAppDataToSystemVolume",
                                              "booleanActions":  3,
                                              "defaultValue":  false,
                                              "policyType":  79,
                                              "enabled":  true
                                          },
                                          {
                                              "dataType":  0,
                                              "category":  7,
                                              "nameResourceKey":  "restrictAppInstallToSystemVolume",
                                              "descriptionResourceKey":  "restrictAppInstallToSystemVolumeDescription",
                                              "childSettings":  [

                                                                ],
                                              "options":  [

                                                          ],
                                              "entityKey":  "storageRestrictAppInstallToSystemVolume",
                                              "booleanActions":  3,
                                              "defaultValue":  false,
                                              "policyType":  79,
                                              "enabled":  true
                                          },
                                          {
                                              "dataType":  0,
                                              "category":  7,
                                              "nameResourceKey":  "blockGameDvr",
                                              "descriptionResourceKey":  "blockGameDvrDescription",
                                              "childSettings":  [

                                                                ],
                                              "options":  [

                                                          ],
                                              "entityKey":  "gameDvrBlocked",
                                              "booleanActions":  3,
                                              "defaultValue":  false,
                                              "policyType":  79,
                                              "enabled":  true
                                          },
                                          {
                                              "dataType":  0,
                                              "category":  7,
                                              "nameResourceKey":  "enableAppInstallControlName",
                                              "descriptionResourceKey":  "enableAppInstallControlDescription",
                                              "childSettings":  [

                                                                ],
                                              "options":  [

                                                          ],
                                              "entityKey":  "smartScreenEnableAppInstallControl",
                                              "booleanActions":  1,
                                              "defaultValue":  false,
                                              "policyType":  79,
                                              "enabled":  false
                                          },
                                          {
                                              "dataType":  16,
                                              "category":  7,
                                              "nameResourceKey":  "smartScreenAppInstallControlName",
                                              "descriptionResourceKey":  "smartScreenAppInstallControlDescription",
                                              "childSettings":  [

                                                                ],
                                              "options":  [
                                                              {
                                                                  "nameResourceKey":  "smartScreenAppInstallControlNotConfigured",
                                                                  "value":  "notConfigured",
                                                                  "enabled":  true
                                                              },
                                                              {
                                                                  "nameResourceKey":  "smartScreenAppInstallControlAnywhere",
                                                                  "value":  "anywhere",
                                                                  "enabled":  true
                                                              },
                                                              {
                                                                  "nameResourceKey":  "smartScreenAppInstallControlStoreOnly",
                                                                  "value":  "storeOnly",
                                                                  "enabled":  true
                                                              },
                                                              {
                                                                  "nameResourceKey":  "smartScreenAppInstallControlRecommendations",
                                                                  "value":  "recommendations",
                                                                  "enabled":  true
                                                              },
                                                              {
                                                                  "nameResourceKey":  "smartScreenAppInstallControlPreferStore",
                                                                  "value":  "preferStore",
                                                                  "enabled":  true
                                                              }
                                                          ],
                                              "entityKey":  "smartScreenAppInstallControl",
                                              "booleanActions":  0,
                                              "defaultValue":  "notConfigured",
                                              "policyType":  79,
                                              "enabled":  true
                                          },
                                          {
                                              "dataType":  19,
                                              "category":  7,
                                              "nameResourceKey":  "appManagementMSIAllowUserControlOverInstallName",
                                              "descriptionResourceKey":  "appManagementMSIAllowUserControlOverInstallDesc",
                                              "childSettings":  [

                                                                ],
                                              "options":  [
                                                              {
                                                                  "nameResourceKey":  "blockOption",
                                                                  "value":  true,
                                                                  "enabled":  true
                                                              },
                                                              {
                                                                  "nameResourceKey":  "notConfigured",
                                                                  "value":  false,
                                                                  "enabled":  true
                                                              }
                                                          ],
                                              "entityKey":  "appManagementMSIAllowUserControlOverInstall",
                                              "booleanActions":  0,
                                              "defaultValue":  false,
                                              "unconfiguredValue":  false,
                                              "policyType":  79,
                                              "enabled":  true
                                          },
                                          {
                                              "dataType":  19,
                                              "category":  7,
                                              "nameResourceKey":  "appManagementMSIAlwaysInstallWithElevatedPrivilegesName",
                                              "descriptionResourceKey":  "appManagementMSIAlwaysInstallWithElevatedPrivilegesDesc",
                                              "childSettings":  [

                                                                ],
                                              "options":  [
                                                              {
                                                                  "nameResourceKey":  "blockOption",
                                                                  "value":  true,
                                                                  "enabled":  true
                                                              },
                                                              {
                                                                  "nameResourceKey":  "notConfigured",
                                                                  "value":  false,
                                                                  "enabled":  true
                                                              }
                                                          ],
                                              "entityKey":  "appManagementMSIAlwaysInstallWithElevatedPrivileges",
                                              "booleanActions":  0,
                                              "defaultValue":  false,
                                              "unconfiguredValue":  false,
                                              "policyType":  79,
                                              "enabled":  true
                                          },
                                          {
                                              "dataType":  12,
                                              "category":  7,
                                              "nameResourceKey":  "appManagementPackageFamilyNamesToLaunchAfterLogOnName",
                                              "descriptionResourceKey":  "appManagementPackageFamilyNamesToLaunchAfterLogOnDescription",
                                              "emptyValueResourceKey":  "appManagementPackageFamilyNamesToLaunchAfterLogOnPlaceholder",
                                              "childSettings":  [

                                                                ],
                                              "options":  [

                                                          ],
                                              "entityKey":  "appManagementPackageFamilyNamesToLaunchAfterLogOn",
                                              "booleanActions":  0,
                                              "defaultValue":  "",
                                              "policyType":  79,
                                              "enabled":  true
                                          }
                                      ]
}
