﻿{
    "applicationguard_windows10endpointprotection":  [
                                                         {
                                                             "dataType":  10,
                                                             "category":  4,
                                                             "nameResourceKey":  "applicationGuardInstallationText",
                                                             "childSettings":  [

                                                                               ],
                                                             "options":  [

                                                                         ],
                                                             "booleanActions":  0,
                                                             "policyType":  77,
                                                             "enabled":  true
                                                         },
                                                         {
                                                             "dataType":  0,
                                                             "category":  4,
                                                             "nameResourceKey":  "applicationGuardEnabledName",
                                                             "descriptionResourceKey":  "applicationGuardEnabledDescription",
                                                             "childSettings":  [
                                                                                   {
                                                                                       "dataType":  16,
                                                                                       "category":  4,
                                                                                       "nameResourceKey":  "applicationGuardClipboardBehaviorName",
                                                                                       "descriptionResourceKey":  "applicationGuardClipboardBehaviorDescription",
                                                                                       "childSettings":  [

                                                                                                         ],
                                                                                       "options":  [
                                                                                                       {
                                                                                                           "nameResourceKey":  "notConfigured",
                                                                                                           "value":  "notConfigured",
                                                                                                           "enabled":  true
                                                                                                       },
                                                                                                       {
                                                                                                           "nameResourceKey":  "applicationGuardClipboardAllowPCToBrowserName",
                                                                                                           "value":  "blockContainerToHost",
                                                                                                           "children":  [
                                                                                                                            {
                                                                                                                                "dataType":  16,
                                                                                                                                "category":  4,
                                                                                                                                "nameResourceKey":  "applicationGuardClipboardContentName",
                                                                                                                                "descriptionResourceKey":  "applicationGuardClipboardContentDescription",
                                                                                                                                "childSettings":  [

                                                                                                                                                  ],
                                                                                                                                "options":  [
                                                                                                                                                {
                                                                                                                                                    "nameResourceKey":  "notConfigured",
                                                                                                                                                    "value":  "notConfigured",
                                                                                                                                                    "enabled":  true
                                                                                                                                                },
                                                                                                                                                {
                                                                                                                                                    "nameResourceKey":  "applicationGuardClipboardContentTextName",
                                                                                                                                                    "value":  "blockImageFile",
                                                                                                                                                    "enabled":  true
                                                                                                                                                },
                                                                                                                                                {
                                                                                                                                                    "nameResourceKey":  "applicationGuardClipboardContentImageName",
                                                                                                                                                    "value":  "blockTextFile",
                                                                                                                                                    "enabled":  true
                                                                                                                                                },
                                                                                                                                                {
                                                                                                                                                    "nameResourceKey":  "applicationGuardClipboardContentBothName",
                                                                                                                                                    "value":  "blockNone",
                                                                                                                                                    "enabled":  true
                                                                                                                                                }
                                                                                                                                            ],
                                                                                                                                "entityKey":  "applicationGuardBlockFileTransfer",
                                                                                                                                "booleanActions":  0,
                                                                                                                                "defaultValue":  "notConfigured",
                                                                                                                                "unconfiguredValue":  "notConfigured",
                                                                                                                                "policyType":  77,
                                                                                                                                "enabled":  true
                                                                                                                            }
                                                                                                                        ],
                                                                                                           "enabled":  true
                                                                                                       },
                                                                                                       {
                                                                                                           "nameResourceKey":  "applicationGuardClipboardAllowBrowserToPCName",
                                                                                                           "value":  "blockHostToContainer",
                                                                                                           "children":  [
                                                                                                                            {
                                                                                                                                "dataType":  16,
                                                                                                                                "category":  4,
                                                                                                                                "nameResourceKey":  "applicationGuardClipboardContentName",
                                                                                                                                "descriptionResourceKey":  "applicationGuardClipboardContentDescription",
                                                                                                                                "childSettings":  [

                                                                                                                                                  ],
                                                                                                                                "options":  [
                                                                                                                                                {
                                                                                                                                                    "nameResourceKey":  "notConfigured",
                                                                                                                                                    "value":  "notConfigured",
                                                                                                                                                    "enabled":  true
                                                                                                                                                },
                                                                                                                                                {
                                                                                                                                                    "nameResourceKey":  "applicationGuardClipboardContentTextName",
                                                                                                                                                    "value":  "blockImageFile",
                                                                                                                                                    "enabled":  true
                                                                                                                                                },
                                                                                                                                                {
                                                                                                                                                    "nameResourceKey":  "applicationGuardClipboardContentImageName",
                                                                                                                                                    "value":  "blockTextFile",
                                                                                                                                                    "enabled":  true
                                                                                                                                                },
                                                                                                                                                {
                                                                                                                                                    "nameResourceKey":  "applicationGuardClipboardContentBothName",
                                                                                                                                                    "value":  "blockNone",
                                                                                                                                                    "enabled":  true
                                                                                                                                                }
                                                                                                                                            ],
                                                                                                                                "entityKey":  "applicationGuardBlockFileTransfer",
                                                                                                                                "booleanActions":  0,
                                                                                                                                "defaultValue":  "notConfigured",
                                                                                                                                "unconfiguredValue":  "notConfigured",
                                                                                                                                "policyType":  77,
                                                                                                                                "enabled":  true
                                                                                                                            }
                                                                                                                        ],
                                                                                                           "enabled":  true
                                                                                                       },
                                                                                                       {
                                                                                                           "nameResourceKey":  "applicationGuardClipboardAllowBothWayName",
                                                                                                           "value":  "blockNone",
                                                                                                           "children":  [
                                                                                                                            {
                                                                                                                                "dataType":  16,
                                                                                                                                "category":  4,
                                                                                                                                "nameResourceKey":  "applicationGuardClipboardContentName",
                                                                                                                                "descriptionResourceKey":  "applicationGuardClipboardContentDescription",
                                                                                                                                "childSettings":  [

                                                                                                                                                  ],
                                                                                                                                "options":  [
                                                                                                                                                {
                                                                                                                                                    "nameResourceKey":  "notConfigured",
                                                                                                                                                    "value":  "notConfigured",
                                                                                                                                                    "enabled":  true
                                                                                                                                                },
                                                                                                                                                {
                                                                                                                                                    "nameResourceKey":  "applicationGuardClipboardContentTextName",
                                                                                                                                                    "value":  "blockImageFile",
                                                                                                                                                    "enabled":  true
                                                                                                                                                },
                                                                                                                                                {
                                                                                                                                                    "nameResourceKey":  "applicationGuardClipboardContentImageName",
                                                                                                                                                    "value":  "blockTextFile",
                                                                                                                                                    "enabled":  true
                                                                                                                                                },
                                                                                                                                                {
                                                                                                                                                    "nameResourceKey":  "applicationGuardClipboardContentBothName",
                                                                                                                                                    "value":  "blockNone",
                                                                                                                                                    "enabled":  true
                                                                                                                                                }
                                                                                                                                            ],
                                                                                                                                "entityKey":  "applicationGuardBlockFileTransfer",
                                                                                                                                "booleanActions":  0,
                                                                                                                                "defaultValue":  "notConfigured",
                                                                                                                                "unconfiguredValue":  "notConfigured",
                                                                                                                                "policyType":  77,
                                                                                                                                "enabled":  true
                                                                                                                            }
                                                                                                                        ],
                                                                                                           "enabled":  true
                                                                                                       },
                                                                                                       {
                                                                                                           "nameResourceKey":  "applicationGuardClipboardBlockBothWayName",
                                                                                                           "value":  "blockBoth",
                                                                                                           "enabled":  true
                                                                                                       }
                                                                                                   ],
                                                                                       "entityKey":  "applicationGuardBlockClipboardSharing",
                                                                                       "booleanActions":  0,
                                                                                       "defaultValue":  "notConfigured",
                                                                                       "unconfiguredValue":  "notConfigured",
                                                                                       "policyType":  77,
                                                                                       "enabled":  true
                                                                                   },
                                                                                   {
                                                                                       "dataType":  0,
                                                                                       "category":  4,
                                                                                       "nameResourceKey":  "applicationGuardBlockNonEnterpriseContentName",
                                                                                       "descriptionResourceKey":  "applicationGuardBlockNonEnterpriseContentDescription",
                                                                                       "childSettings":  [

                                                                                                         ],
                                                                                       "options":  [

                                                                                                   ],
                                                                                       "entityKey":  "applicationGuardBlockNonEnterpriseContent",
                                                                                       "booleanActions":  3,
                                                                                       "defaultValue":  false,
                                                                                       "unconfiguredValue":  false,
                                                                                       "policyType":  77,
                                                                                       "enabled":  true
                                                                                   },
                                                                                   {
                                                                                       "dataType":  0,
                                                                                       "category":  4,
                                                                                       "nameResourceKey":  "applicationGuardPrintFromVirtualBrowserName",
                                                                                       "descriptionResourceKey":  "applicationGuardPrintFromVirtualBrowserDescription",
                                                                                       "childSettings":  [
                                                                                                             {
                                                                                                                 "dataType":  13,
                                                                                                                 "category":  4,
                                                                                                                 "nameResourceKey":  "applicationGuardAllowPrintToName",
                                                                                                                 "descriptionResourceKey":  "applicationGuardAllowPrintToDescription",
                                                                                                                 "emptyValueResourceKey":  "notConfigured",
                                                                                                                 "childSettings":  [

                                                                                                                                   ],
                                                                                                                 "options":  [
                                                                                                                                 {
                                                                                                                                     "nameResourceKey":  "applicationGuardPrintToPDFName",
                                                                                                                                     "value":  "applicationGuardAllowPrintToPDF",
                                                                                                                                     "enabled":  true
                                                                                                                                 },
                                                                                                                                 {
                                                                                                                                     "nameResourceKey":  "applicationGuardPrintToXPSName",
                                                                                                                                     "value":  "applicationGuardAllowPrintToXPS",
                                                                                                                                     "enabled":  true
                                                                                                                                 },
                                                                                                                                 {
                                                                                                                                     "nameResourceKey":  "applicationGuardPrintToLocalPrintersName",
                                                                                                                                     "value":  "applicationGuardAllowPrintToLocalPrinters",
                                                                                                                                     "enabled":  true
                                                                                                                                 },
                                                                                                                                 {
                                                                                                                                     "nameResourceKey":  "applicationGuardPrintToNetworkPrintersName",
                                                                                                                                     "value":  "applicationGuardAllowPrintToNetworkPrinters",
                                                                                                                                     "enabled":  true
                                                                                                                                 }
                                                                                                                             ],
                                                                                                                 "entityKey":  "applicationGuardPrintSettings",
                                                                                                                 "booleanActions":  0,
                                                                                                                 "policyType":  77,
                                                                                                                 "enabled":  true
                                                                                                             }
                                                                                                         ],
                                                                                       "options":  [

                                                                                                   ],
                                                                                       "entityKey":  "applicationGuardAllowPrinting",
                                                                                       "booleanActions":  0,
                                                                                       "defaultValue":  false,
                                                                                       "unconfiguredValue":  false,
                                                                                       "policyType":  77,
                                                                                       "enabled":  true
                                                                                   },
                                                                                   {
                                                                                       "dataType":  0,
                                                                                       "category":  4,
                                                                                       "nameResourceKey":  "applicationGuardAuditingName",
                                                                                       "descriptionResourceKey":  "applicationGuardAuditingDescription",
                                                                                       "childSettings":  [

                                                                                                         ],
                                                                                       "options":  [

                                                                                                   ],
                                                                                       "entityKey":  "applicationGuardForceAuditing",
                                                                                       "booleanActions":  0,
                                                                                       "defaultValue":  false,
                                                                                       "unconfiguredValue":  false,
                                                                                       "policyType":  77,
                                                                                       "enabled":  true
                                                                                   },
                                                                                   {
                                                                                       "dataType":  0,
                                                                                       "category":  4,
                                                                                       "nameResourceKey":  "applicationGuardAllowPersistenceName",
                                                                                       "descriptionResourceKey":  "applicationGuardAllowPersistenceDescription",
                                                                                       "childSettings":  [

                                                                                                         ],
                                                                                       "options":  [

                                                                                                   ],
                                                                                       "entityKey":  "applicationGuardAllowPersistence",
                                                                                       "booleanActions":  0,
                                                                                       "defaultValue":  false,
                                                                                       "unconfiguredValue":  false,
                                                                                       "policyType":  77,
                                                                                       "enabled":  true
                                                                                   },
                                                                                   {
                                                                                       "dataType":  0,
                                                                                       "category":  4,
                                                                                       "nameResourceKey":  "applicationGuardAllowVirtualGPUName",
                                                                                       "descriptionResourceKey":  "applicationGuardAllowVirtualGPUDescription",
                                                                                       "childSettings":  [

                                                                                                         ],
                                                                                       "options":  [

                                                                                                   ],
                                                                                       "entityKey":  "applicationGuardAllowVirtualGPU",
                                                                                       "booleanActions":  2,
                                                                                       "defaultValue":  false,
                                                                                       "unconfiguredValue":  false,
                                                                                       "policyType":  77,
                                                                                       "enabled":  true
                                                                                   },
                                                                                   {
                                                                                       "dataType":  0,
                                                                                       "category":  4,
                                                                                       "nameResourceKey":  "applicationGuardAllowFileSaveOnHostName",
                                                                                       "descriptionResourceKey":  "applicationGuardAllowFileSaveOnHostDescription",
                                                                                       "childSettings":  [

                                                                                                         ],
                                                                                       "options":  [

                                                                                                   ],
                                                                                       "entityKey":  "applicationGuardAllowFileSaveOnHost",
                                                                                       "booleanActions":  2,
                                                                                       "defaultValue":  false,
                                                                                       "unconfiguredValue":  false,
                                                                                       "policyType":  77,
                                                                                       "enabled":  true
                                                                                   }
                                                                               ],
                                                             "options":  [

                                                                         ],
                                                             "entityKey":  "applicationGuardEnabled",
                                                             "booleanActions":  2,
                                                             "defaultValue":  false,
                                                             "unconfiguredValue":  false,
                                                             "policyType":  77,
                                                             "enabled":  false
                                                         },
                                                         {
                                                             "dataType":  16,
                                                             "category":  4,
                                                             "nameResourceKey":  "applicationGuardEnabledName",
                                                             "descriptionResourceKey":  "applicationGuardEnabledOptionsDescription",
                                                             "childSettings":  [
                                                                                   {
                                                                                       "dataType":  16,
                                                                                       "category":  4,
                                                                                       "nameResourceKey":  "applicationGuardClipboardBehaviorName",
                                                                                       "descriptionResourceKey":  "applicationGuardClipboardBehaviorDescription",
                                                                                       "childSettings":  [

                                                                                                         ],
                                                                                       "options":  [
                                                                                                       {
                                                                                                           "nameResourceKey":  "notConfigured",
                                                                                                           "value":  "notConfigured",
                                                                                                           "enabled":  true
                                                                                                       },
                                                                                                       {
                                                                                                           "nameResourceKey":  "applicationGuardClipboardAllowPCToBrowserName",
                                                                                                           "value":  "blockContainerToHost",
                                                                                                           "children":  [
                                                                                                                            {
                                                                                                                                "dataType":  16,
                                                                                                                                "category":  4,
                                                                                                                                "nameResourceKey":  "applicationGuardClipboardContentName",
                                                                                                                                "descriptionResourceKey":  "applicationGuardClipboardContentDescription",
                                                                                                                                "childSettings":  [

                                                                                                                                                  ],
                                                                                                                                "options":  [
                                                                                                                                                {
                                                                                                                                                    "nameResourceKey":  "notConfigured",
                                                                                                                                                    "value":  "notConfigured",
                                                                                                                                                    "enabled":  true
                                                                                                                                                },
                                                                                                                                                {
                                                                                                                                                    "nameResourceKey":  "applicationGuardClipboardContentTextName",
                                                                                                                                                    "value":  "blockImageFile",
                                                                                                                                                    "enabled":  true
                                                                                                                                                },
                                                                                                                                                {
                                                                                                                                                    "nameResourceKey":  "applicationGuardClipboardContentImageName",
                                                                                                                                                    "value":  "blockTextFile",
                                                                                                                                                    "enabled":  true
                                                                                                                                                },
                                                                                                                                                {
                                                                                                                                                    "nameResourceKey":  "applicationGuardClipboardContentBothName",
                                                                                                                                                    "value":  "blockNone",
                                                                                                                                                    "enabled":  true
                                                                                                                                                }
                                                                                                                                            ],
                                                                                                                                "entityKey":  "applicationGuardBlockFileTransfer",
                                                                                                                                "booleanActions":  0,
                                                                                                                                "defaultValue":  "notConfigured",
                                                                                                                                "unconfiguredValue":  "notConfigured",
                                                                                                                                "policyType":  77,
                                                                                                                                "enabled":  true
                                                                                                                            }
                                                                                                                        ],
                                                                                                           "enabled":  true
                                                                                                       },
                                                                                                       {
                                                                                                           "nameResourceKey":  "applicationGuardClipboardAllowBrowserToPCName",
                                                                                                           "value":  "blockHostToContainer",
                                                                                                           "children":  [
                                                                                                                            {
                                                                                                                                "dataType":  16,
                                                                                                                                "category":  4,
                                                                                                                                "nameResourceKey":  "applicationGuardClipboardContentName",
                                                                                                                                "descriptionResourceKey":  "applicationGuardClipboardContentDescription",
                                                                                                                                "childSettings":  [

                                                                                                                                                  ],
                                                                                                                                "options":  [
                                                                                                                                                {
                                                                                                                                                    "nameResourceKey":  "notConfigured",
                                                                                                                                                    "value":  "notConfigured",
                                                                                                                                                    "enabled":  true
                                                                                                                                                },
                                                                                                                                                {
                                                                                                                                                    "nameResourceKey":  "applicationGuardClipboardContentTextName",
                                                                                                                                                    "value":  "blockImageFile",
                                                                                                                                                    "enabled":  true
                                                                                                                                                },
                                                                                                                                                {
                                                                                                                                                    "nameResourceKey":  "applicationGuardClipboardContentImageName",
                                                                                                                                                    "value":  "blockTextFile",
                                                                                                                                                    "enabled":  true
                                                                                                                                                },
                                                                                                                                                {
                                                                                                                                                    "nameResourceKey":  "applicationGuardClipboardContentBothName",
                                                                                                                                                    "value":  "blockNone",
                                                                                                                                                    "enabled":  true
                                                                                                                                                }
                                                                                                                                            ],
                                                                                                                                "entityKey":  "applicationGuardBlockFileTransfer",
                                                                                                                                "booleanActions":  0,
                                                                                                                                "defaultValue":  "notConfigured",
                                                                                                                                "unconfiguredValue":  "notConfigured",
                                                                                                                                "policyType":  77,
                                                                                                                                "enabled":  true
                                                                                                                            }
                                                                                                                        ],
                                                                                                           "enabled":  true
                                                                                                       },
                                                                                                       {
                                                                                                           "nameResourceKey":  "applicationGuardClipboardAllowBothWayName",
                                                                                                           "value":  "blockNone",
                                                                                                           "children":  [
                                                                                                                            {
                                                                                                                                "dataType":  16,
                                                                                                                                "category":  4,
                                                                                                                                "nameResourceKey":  "applicationGuardClipboardContentName",
                                                                                                                                "descriptionResourceKey":  "applicationGuardClipboardContentDescription",
                                                                                                                                "childSettings":  [

                                                                                                                                                  ],
                                                                                                                                "options":  [
                                                                                                                                                {
                                                                                                                                                    "nameResourceKey":  "notConfigured",
                                                                                                                                                    "value":  "notConfigured",
                                                                                                                                                    "enabled":  true
                                                                                                                                                },
                                                                                                                                                {
                                                                                                                                                    "nameResourceKey":  "applicationGuardClipboardContentTextName",
                                                                                                                                                    "value":  "blockImageFile",
                                                                                                                                                    "enabled":  true
                                                                                                                                                },
                                                                                                                                                {
                                                                                                                                                    "nameResourceKey":  "applicationGuardClipboardContentImageName",
                                                                                                                                                    "value":  "blockTextFile",
                                                                                                                                                    "enabled":  true
                                                                                                                                                },
                                                                                                                                                {
                                                                                                                                                    "nameResourceKey":  "applicationGuardClipboardContentBothName",
                                                                                                                                                    "value":  "blockNone",
                                                                                                                                                    "enabled":  true
                                                                                                                                                }
                                                                                                                                            ],
                                                                                                                                "entityKey":  "applicationGuardBlockFileTransfer",
                                                                                                                                "booleanActions":  0,
                                                                                                                                "defaultValue":  "notConfigured",
                                                                                                                                "unconfiguredValue":  "notConfigured",
                                                                                                                                "policyType":  77,
                                                                                                                                "enabled":  true
                                                                                                                            }
                                                                                                                        ],
                                                                                                           "enabled":  true
                                                                                                       },
                                                                                                       {
                                                                                                           "nameResourceKey":  "applicationGuardClipboardBlockBothWayName",
                                                                                                           "value":  "blockBoth",
                                                                                                           "enabled":  true
                                                                                                       }
                                                                                                   ],
                                                                                       "entityKey":  "applicationGuardBlockClipboardSharing",
                                                                                       "booleanActions":  0,
                                                                                       "defaultValue":  "notConfigured",
                                                                                       "unconfiguredValue":  "notConfigured",
                                                                                       "policyType":  77,
                                                                                       "enabled":  true
                                                                                   },
                                                                                   {
                                                                                       "dataType":  0,
                                                                                       "category":  4,
                                                                                       "nameResourceKey":  "applicationGuardBlockNonEnterpriseContentName",
                                                                                       "descriptionResourceKey":  "applicationGuardBlockNonEnterpriseContentDescription",
                                                                                       "childSettings":  [

                                                                                                         ],
                                                                                       "options":  [

                                                                                                   ],
                                                                                       "entityKey":  "applicationGuardBlockNonEnterpriseContent",
                                                                                       "booleanActions":  3,
                                                                                       "defaultValue":  false,
                                                                                       "unconfiguredValue":  false,
                                                                                       "policyType":  77,
                                                                                       "enabled":  true
                                                                                   },
                                                                                   {
                                                                                       "dataType":  0,
                                                                                       "category":  4,
                                                                                       "nameResourceKey":  "applicationGuardPrintFromVirtualBrowserName",
                                                                                       "descriptionResourceKey":  "applicationGuardPrintFromVirtualBrowserDescription",
                                                                                       "childSettings":  [
                                                                                                             {
                                                                                                                 "dataType":  13,
                                                                                                                 "category":  4,
                                                                                                                 "nameResourceKey":  "applicationGuardAllowPrintToName",
                                                                                                                 "descriptionResourceKey":  "applicationGuardAllowPrintToDescription",
                                                                                                                 "emptyValueResourceKey":  "notConfigured",
                                                                                                                 "childSettings":  [

                                                                                                                                   ],
                                                                                                                 "options":  [
                                                                                                                                 {
                                                                                                                                     "nameResourceKey":  "applicationGuardPrintToPDFName",
                                                                                                                                     "value":  "applicationGuardAllowPrintToPDF",
                                                                                                                                     "enabled":  true
                                                                                                                                 },
                                                                                                                                 {
                                                                                                                                     "nameResourceKey":  "applicationGuardPrintToXPSName",
                                                                                                                                     "value":  "applicationGuardAllowPrintToXPS",
                                                                                                                                     "enabled":  true
                                                                                                                                 },
                                                                                                                                 {
                                                                                                                                     "nameResourceKey":  "applicationGuardPrintToLocalPrintersName",
                                                                                                                                     "value":  "applicationGuardAllowPrintToLocalPrinters",
                                                                                                                                     "enabled":  true
                                                                                                                                 },
                                                                                                                                 {
                                                                                                                                     "nameResourceKey":  "applicationGuardPrintToNetworkPrintersName",
                                                                                                                                     "value":  "applicationGuardAllowPrintToNetworkPrinters",
                                                                                                                                     "enabled":  true
                                                                                                                                 }
                                                                                                                             ],
                                                                                                                 "entityKey":  "applicationGuardPrintSettings",
                                                                                                                 "booleanActions":  0,
                                                                                                                 "policyType":  77,
                                                                                                                 "enabled":  true
                                                                                                             }
                                                                                                         ],
                                                                                       "options":  [

                                                                                                   ],
                                                                                       "entityKey":  "applicationGuardAllowPrinting",
                                                                                       "booleanActions":  0,
                                                                                       "defaultValue":  false,
                                                                                       "unconfiguredValue":  false,
                                                                                       "policyType":  77,
                                                                                       "enabled":  true
                                                                                   },
                                                                                   {
                                                                                       "dataType":  0,
                                                                                       "category":  4,
                                                                                       "nameResourceKey":  "applicationGuardAuditingName",
                                                                                       "descriptionResourceKey":  "applicationGuardAuditingDescription",
                                                                                       "childSettings":  [

                                                                                                         ],
                                                                                       "options":  [

                                                                                                   ],
                                                                                       "entityKey":  "applicationGuardForceAuditing",
                                                                                       "booleanActions":  0,
                                                                                       "defaultValue":  false,
                                                                                       "unconfiguredValue":  false,
                                                                                       "policyType":  77,
                                                                                       "enabled":  true
                                                                                   },
                                                                                   {
                                                                                       "dataType":  0,
                                                                                       "category":  4,
                                                                                       "nameResourceKey":  "applicationGuardAllowPersistenceName",
                                                                                       "descriptionResourceKey":  "applicationGuardAllowPersistenceDescription",
                                                                                       "childSettings":  [

                                                                                                         ],
                                                                                       "options":  [

                                                                                                   ],
                                                                                       "entityKey":  "applicationGuardAllowPersistence",
                                                                                       "booleanActions":  0,
                                                                                       "defaultValue":  false,
                                                                                       "unconfiguredValue":  false,
                                                                                       "policyType":  77,
                                                                                       "enabled":  true
                                                                                   },
                                                                                   {
                                                                                       "dataType":  0,
                                                                                       "category":  4,
                                                                                       "nameResourceKey":  "applicationGuardAllowVirtualGPUName",
                                                                                       "descriptionResourceKey":  "applicationGuardAllowVirtualGPUDescription",
                                                                                       "childSettings":  [

                                                                                                         ],
                                                                                       "options":  [

                                                                                                   ],
                                                                                       "entityKey":  "applicationGuardAllowVirtualGPU",
                                                                                       "booleanActions":  2,
                                                                                       "defaultValue":  false,
                                                                                       "unconfiguredValue":  false,
                                                                                       "policyType":  77,
                                                                                       "enabled":  true
                                                                                   },
                                                                                   {
                                                                                       "dataType":  0,
                                                                                       "category":  4,
                                                                                       "nameResourceKey":  "applicationGuardAllowFileSaveOnHostName",
                                                                                       "descriptionResourceKey":  "applicationGuardAllowFileSaveOnHostDescription",
                                                                                       "childSettings":  [

                                                                                                         ],
                                                                                       "options":  [

                                                                                                   ],
                                                                                       "entityKey":  "applicationGuardAllowFileSaveOnHost",
                                                                                       "booleanActions":  2,
                                                                                       "defaultValue":  false,
                                                                                       "unconfiguredValue":  false,
                                                                                       "policyType":  77,
                                                                                       "enabled":  true
                                                                                   }
                                                                               ],
                                                             "options":  [
                                                                             {
                                                                                 "nameResourceKey":  "notConfigured",
                                                                                 "value":  "notConfigured",
                                                                                 "enabled":  true
                                                                             },
                                                                             {
                                                                                 "nameResourceKey":  "ApplicationGuardEnabledOptionsEnabledForEdge",
                                                                                 "value":  "enabledForEdge",
                                                                                 "enabled":  true
                                                                             }
                                                                         ],
                                                             "entityKey":  "applicationGuardEnabledOptions",
                                                             "booleanActions":  0,
                                                             "defaultValue":  "notConfigured",
                                                             "unconfiguredValue":  "notConfigured",
                                                             "policyType":  77,
                                                             "enabled":  true
                                                         }
                                                     ]
}
