﻿{
    "applications_windowsphonegeneral":  {
                                             "dataType":  0,
                                             "category":  7,
                                             "nameResourceKey":  "blockApplicationStoreName",
                                             "descriptionResourceKey":  "empty",
                                             "childSettings":  [

                                                               ],
                                             "options":  [

                                                         ],
                                             "entityKey":  "windowsStoreBlocked",
                                             "booleanActions":  3,
                                             "defaultValue":  false,
                                             "policyType":  101,
                                             "enabled":  true
                                         }
}
