﻿{
    "applicationrestrictions_androidgeneral":  {
                                                   "dataType":  16,
                                                   "category":  5,
                                                   "nameResourceKey":  "restrictedAppsListOptionsName",
                                                   "descriptionResourceKey":  "restrictedAppsListOptionsDescription",
                                                   "childSettings":  [
                                                                         {
                                                                             "columns":  [
                                                                                             {
                                                                                                 "metadata":  {
                                                                                                                  "dataType":  20,
                                                                                                                  "category":  5,
                                                                                                                  "nameResourceKey":  "appUrlName",
                                                                                                                  "descriptionResourceKey":  "empty",
                                                                                                                  "emptyValueResourceKey":  "androidAppStoreExample",
                                                                                                                  "childSettings":  [

                                                                                                                                    ],
                                                                                                                  "options":  [

                                                                                                                              ],
                                                                                                                  "entityKey":  "appStoreUrl",
                                                                                                                  "booleanActions":  0,
                                                                                                                  "policyType":  20,
                                                                                                                  "enabled":  true
                                                                                                              }
                                                                                             },
                                                                                             {
                                                                                                 "metadata":  {
                                                                                                                  "dataType":  20,
                                                                                                                  "category":  5,
                                                                                                                  "nameResourceKey":  "appBundleIdColumn",
                                                                                                                  "descriptionResourceKey":  "empty",
                                                                                                                  "emptyValueResourceKey":  "bundleIdExample",
                                                                                                                  "childSettings":  [

                                                                                                                                    ],
                                                                                                                  "options":  [

                                                                                                                              ],
                                                                                                                  "entityKey":  "appId",
                                                                                                                  "booleanActions":  0,
                                                                                                                  "policyType":  20,
                                                                                                                  "enabled":  true
                                                                                                              }
                                                                                             },
                                                                                             {
                                                                                                 "metadata":  {
                                                                                                                  "dataType":  20,
                                                                                                                  "category":  5,
                                                                                                                  "nameResourceKey":  "appNameName",
                                                                                                                  "descriptionResourceKey":  "empty",
                                                                                                                  "childSettings":  [

                                                                                                                                    ],
                                                                                                                  "options":  [

                                                                                                                              ],
                                                                                                                  "entityKey":  "name",
                                                                                                                  "booleanActions":  0,
                                                                                                                  "policyType":  20,
                                                                                                                  "enabled":  true
                                                                                                              }
                                                                                             },
                                                                                             {
                                                                                                 "metadata":  {
                                                                                                                  "dataType":  20,
                                                                                                                  "category":  5,
                                                                                                                  "nameResourceKey":  "appPublisherName",
                                                                                                                  "descriptionResourceKey":  "empty",
                                                                                                                  "childSettings":  [

                                                                                                                                    ],
                                                                                                                  "options":  [

                                                                                                                              ],
                                                                                                                  "entityKey":  "publisher",
                                                                                                                  "booleanActions":  0,
                                                                                                                  "policyType":  20,
                                                                                                                  "enabled":  true
                                                                                                              }
                                                                                             }
                                                                                         ],
                                                                             "dataType":  21,
                                                                             "category":  5,
                                                                             "nameResourceKey":  "appListTableName",
                                                                             "descriptionResourceKey":  "googleAppUrlHelp",
                                                                             "childSettings":  [

                                                                                               ],
                                                                             "options":  [

                                                                                         ],
                                                                             "entityKey":  "compliantAppsList",
                                                                             "booleanActions":  0,
                                                                             "policyType":  20,
                                                                             "enabled":  true
                                                                         }
                                                                     ],
                                                   "options":  [
                                                                   {
                                                                       "nameResourceKey":  "notConfigured",
                                                                       "value":  "none",
                                                                       "enabled":  true
                                                                   },
                                                                   {
                                                                       "nameResourceKey":  "notInList",
                                                                       "value":  "appsNotInListCompliant",
                                                                       "enabled":  true
                                                                   },
                                                                   {
                                                                       "nameResourceKey":  "inList",
                                                                       "value":  "appsInListCompliant",
                                                                       "enabled":  true
                                                                   }
                                                               ],
                                                   "entityKey":  "compliantAppListType",
                                                   "booleanActions":  0,
                                                   "defaultValue":  "none",
                                                   "unconfiguredValue":  "none",
                                                   "policyType":  20,
                                                   "enabled":  true
                                               }
}
