﻿{
    "applicationrestrictions_iosgeneral":  [
                                               {
                                                   "isSettingDescription":  false,
                                                   "showAsSectionHeader":  false,
                                                   "dataType":  8,
                                                   "category":  5,
                                                   "nameResourceKey":  "IosGeneralApplicationRestrictionsHeader",
                                                   "childSettings":  [

                                                                     ],
                                                   "options":  [

                                                               ],
                                                   "booleanActions":  0,
                                                   "policyType":  46,
                                                   "enabled":  true
                                               },
                                               {
                                                   "isSettingDescription":  false,
                                                   "showAsSectionHeader":  true,
                                                   "dataType":  8,
                                                   "category":  5,
                                                   "nameResourceKey":  "deviceEnrollmentAndAutomatedDeviceEnrollmentHeaderName",
                                                   "descriptionResourceKey":  "deviceEnrollmentAndAutomatedDeviceEnrollmentHeaderDescription",
                                                   "childSettings":  [
                                                                         {
                                                                             "dataType":  16,
                                                                             "category":  5,
                                                                             "nameResourceKey":  "restrictedAppsListOptionsName",
                                                                             "descriptionResourceKey":  "restrictedAppsListOptionsDescription",
                                                                             "childSettings":  [
                                                                                                   {
                                                                                                       "columns":  [
                                                                                                                       {
                                                                                                                           "metadata":  {
                                                                                                                                            "dataType":  20,
                                                                                                                                            "category":  5,
                                                                                                                                            "nameResourceKey":  "appUrlName",
                                                                                                                                            "descriptionResourceKey":  "empty",
                                                                                                                                            "emptyValueResourceKey":  "kioskModeAppStoreExample",
                                                                                                                                            "childSettings":  [

                                                                                                                                                              ],
                                                                                                                                            "options":  [

                                                                                                                                                        ],
                                                                                                                                            "entityKey":  "appStoreUrl",
                                                                                                                                            "booleanActions":  0,
                                                                                                                                            "policyType":  46,
                                                                                                                                            "enabled":  true
                                                                                                                                        }
                                                                                                                       },
                                                                                                                       {
                                                                                                                           "metadata":  {
                                                                                                                                            "dataType":  20,
                                                                                                                                            "category":  5,
                                                                                                                                            "nameResourceKey":  "appBundleIdColumn",
                                                                                                                                            "descriptionResourceKey":  "empty",
                                                                                                                                            "emptyValueResourceKey":  "bundleIdExample",
                                                                                                                                            "childSettings":  [

                                                                                                                                                              ],
                                                                                                                                            "options":  [

                                                                                                                                                        ],
                                                                                                                                            "entityKey":  "appId",
                                                                                                                                            "booleanActions":  0,
                                                                                                                                            "policyType":  46,
                                                                                                                                            "enabled":  true
                                                                                                                                        }
                                                                                                                       },
                                                                                                                       {
                                                                                                                           "metadata":  {
                                                                                                                                            "dataType":  20,
                                                                                                                                            "category":  5,
                                                                                                                                            "nameResourceKey":  "appNameName",
                                                                                                                                            "descriptionResourceKey":  "empty",
                                                                                                                                            "childSettings":  [

                                                                                                                                                              ],
                                                                                                                                            "options":  [

                                                                                                                                                        ],
                                                                                                                                            "entityKey":  "name",
                                                                                                                                            "booleanActions":  0,
                                                                                                                                            "policyType":  46,
                                                                                                                                            "enabled":  true
                                                                                                                                        }
                                                                                                                       },
                                                                                                                       {
                                                                                                                           "metadata":  {
                                                                                                                                            "dataType":  20,
                                                                                                                                            "category":  5,
                                                                                                                                            "nameResourceKey":  "appPublisherName",
                                                                                                                                            "descriptionResourceKey":  "empty",
                                                                                                                                            "childSettings":  [

                                                                                                                                                              ],
                                                                                                                                            "options":  [

                                                                                                                                                        ],
                                                                                                                                            "entityKey":  "publisher",
                                                                                                                                            "booleanActions":  0,
                                                                                                                                            "policyType":  46,
                                                                                                                                            "enabled":  true
                                                                                                                                        }
                                                                                                                       }
                                                                                                                   ],
                                                                                                       "dataType":  21,
                                                                                                       "category":  5,
                                                                                                       "nameResourceKey":  "appListTableName",
                                                                                                       "descriptionResourceKey":  "iosAppUrlHelp",
                                                                                                       "childSettings":  [

                                                                                                                         ],
                                                                                                       "options":  [

                                                                                                                   ],
                                                                                                       "entityKey":  "compliantAppsList",
                                                                                                       "booleanActions":  0,
                                                                                                       "policyType":  46,
                                                                                                       "enabled":  true
                                                                                                   }
                                                                                               ],
                                                                             "options":  [
                                                                                             {
                                                                                                 "nameResourceKey":  "notConfigured",
                                                                                                 "value":  "none",
                                                                                                 "enabled":  true
                                                                                             },
                                                                                             {
                                                                                                 "nameResourceKey":  "notInList",
                                                                                                 "value":  "appsNotInListCompliant",
                                                                                                 "enabled":  true
                                                                                             },
                                                                                             {
                                                                                                 "nameResourceKey":  "inList",
                                                                                                 "value":  "appsInListCompliant",
                                                                                                 "enabled":  true
                                                                                             }
                                                                                         ],
                                                                             "entityKey":  "compliantAppListType",
                                                                             "booleanActions":  0,
                                                                             "defaultValue":  "none",
                                                                             "unconfiguredValue":  "none",
                                                                             "policyType":  46,
                                                                             "enabled":  true
                                                                         }
                                                                     ],
                                                   "options":  [

                                                               ],
                                                   "booleanActions":  0,
                                                   "policyType":  46,
                                                   "enabled":  true
                                               }
                                           ]
}
