﻿{
    "applicationsandgoogle_androidgeneral":  {
                                                 "dataType":  0,
                                                 "category":  9,
                                                 "nameResourceKey":  "blockGooglePlayStoreName",
                                                 "descriptionResourceKey":  "blockGooglePlayStoreDescription",
                                                 "childSettings":  [

                                                                   ],
                                                 "options":  [

                                                             ],
                                                 "entityKey":  "googlePlayStoreBlocked",
                                                 "booleanActions":  3,
                                                 "defaultValue":  false,
                                                 "policyType":  20,
                                                 "enabled":  true
                                             }
}
