﻿{
    "applicationrestrictions_macgeneral":  {
                                               "isSettingDescription":  false,
                                               "showAsSectionHeader":  true,
                                               "dataType":  8,
                                               "category":  5,
                                               "nameResourceKey":  "allEnrollmentTypesHeaderNameMac",
                                               "descriptionResourceKey":  "allEnrollmentTypesHeaderDescriptionMac",
                                               "childSettings":  [
                                                                     {
                                                                         "dataType":  16,
                                                                         "category":  5,
                                                                         "nameResourceKey":  "restrictedAppsListOptionsName",
                                                                         "descriptionResourceKey":  "restrictedAppsListOptionsDescription",
                                                                         "childSettings":  [
                                                                                               {
                                                                                                   "columns":  [
                                                                                                                   {
                                                                                                                       "metadata":  {
                                                                                                                                        "dataType":  20,
                                                                                                                                        "category":  5,
                                                                                                                                        "nameResourceKey":  "appBundleIdColumn",
                                                                                                                                        "descriptionResourceKey":  "empty",
                                                                                                                                        "emptyValueResourceKey":  "bundleIdExample",
                                                                                                                                        "childSettings":  [

                                                                                                                                                          ],
                                                                                                                                        "options":  [

                                                                                                                                                    ],
                                                                                                                                        "entityKey":  "appId",
                                                                                                                                        "booleanActions":  0,
                                                                                                                                        "policyType":  61,
                                                                                                                                        "enabled":  true
                                                                                                                                    }
                                                                                                                   },
                                                                                                                   {
                                                                                                                       "metadata":  {
                                                                                                                                        "dataType":  20,
                                                                                                                                        "category":  5,
                                                                                                                                        "nameResourceKey":  "appNameName",
                                                                                                                                        "descriptionResourceKey":  "empty",
                                                                                                                                        "childSettings":  [

                                                                                                                                                          ],
                                                                                                                                        "options":  [

                                                                                                                                                    ],
                                                                                                                                        "entityKey":  "name",
                                                                                                                                        "booleanActions":  0,
                                                                                                                                        "policyType":  61,
                                                                                                                                        "enabled":  true
                                                                                                                                    }
                                                                                                                   },
                                                                                                                   {
                                                                                                                       "metadata":  {
                                                                                                                                        "dataType":  20,
                                                                                                                                        "category":  5,
                                                                                                                                        "nameResourceKey":  "appPublisherName",
                                                                                                                                        "descriptionResourceKey":  "empty",
                                                                                                                                        "childSettings":  [

                                                                                                                                                          ],
                                                                                                                                        "options":  [

                                                                                                                                                    ],
                                                                                                                                        "entityKey":  "publisher",
                                                                                                                                        "booleanActions":  0,
                                                                                                                                        "policyType":  61,
                                                                                                                                        "enabled":  true
                                                                                                                                    }
                                                                                                                   }
                                                                                                               ],
                                                                                                   "dataType":  21,
                                                                                                   "category":  5,
                                                                                                   "nameResourceKey":  "appListTableName",
                                                                                                   "descriptionResourceKey":  "",
                                                                                                   "childSettings":  [

                                                                                                                     ],
                                                                                                   "options":  [

                                                                                                               ],
                                                                                                   "entityKey":  "compliantAppsList",
                                                                                                   "booleanActions":  0,
                                                                                                   "policyType":  61,
                                                                                                   "enabled":  true
                                                                                               }
                                                                                           ],
                                                                         "options":  [
                                                                                         {
                                                                                             "nameResourceKey":  "notConfigured",
                                                                                             "value":  "none",
                                                                                             "enabled":  true
                                                                                         },
                                                                                         {
                                                                                             "nameResourceKey":  "notInList",
                                                                                             "value":  "appsNotInListCompliant",
                                                                                             "enabled":  true
                                                                                         },
                                                                                         {
                                                                                             "nameResourceKey":  "inList",
                                                                                             "value":  "appsInListCompliant",
                                                                                             "enabled":  true
                                                                                         }
                                                                                     ],
                                                                         "entityKey":  "compliantAppListType",
                                                                         "booleanActions":  0,
                                                                         "defaultValue":  "none",
                                                                         "unconfiguredValue":  "none",
                                                                         "policyType":  61,
                                                                         "enabled":  true
                                                                     }
                                                                 ],
                                               "options":  [

                                                           ],
                                               "booleanActions":  0,
                                               "policyType":  61,
                                               "enabled":  true
                                           }
}
