﻿{
    "appsandexperience_windows10teamgeneral":  [
                                                   {
                                                       "dataType":  0,
                                                       "category":  11,
                                                       "nameResourceKey":  "wakeScreenWhenSomeoneInRoomName",
                                                       "descriptionResourceKey":  "empty",
                                                       "childSettings":  [

                                                                         ],
                                                       "options":  [

                                                                   ],
                                                       "entityKey":  "welcomeScreenBlockAutomaticWakeUp",
                                                       "booleanActions":  3,
                                                       "defaultValue":  false,
                                                       "policyType":  87,
                                                       "enabled":  true
                                                   },
                                                   {
                                                       "dataType":  16,
                                                       "category":  11,
                                                       "nameResourceKey":  "meetingInformationDisplayedOnWelcomeScreenName",
                                                       "descriptionResourceKey":  "empty",
                                                       "childSettings":  [

                                                                         ],
                                                       "options":  [
                                                                       {
                                                                           "nameResourceKey":  "notConfigured",
                                                                           "value":  "userDefined",
                                                                           "enabled":  true
                                                                       },
                                                                       {
                                                                           "nameResourceKey":  "showOrganizerAndTimeOnly",
                                                                           "value":  "showOrganizerAndTimeOnly",
                                                                           "enabled":  true
                                                                       },
                                                                       {
                                                                           "nameResourceKey":  "showEverything",
                                                                           "value":  "showOrganizerAndTimeAndSubject",
                                                                           "enabled":  true
                                                                       }
                                                                   ],
                                                       "entityKey":  "welcomeScreenMeetingInformation",
                                                       "booleanActions":  0,
                                                       "defaultValue":  "userDefined",
                                                       "unconfiguredValue":  "userDefined",
                                                       "policyType":  87,
                                                       "enabled":  true
                                                   },
                                                   {
                                                       "dataType":  20,
                                                       "category":  11,
                                                       "nameResourceKey":  "lockScreenBackgroundImageURLName",
                                                       "descriptionResourceKey":  "lockScreenBackgroundImageURLDescription",
                                                       "emptyValueResourceKey":  "lockScreenBackgroundImageURLExample",
                                                       "childSettings":  [

                                                                         ],
                                                       "options":  [

                                                                   ],
                                                       "entityKey":  "welcomeScreenBackgroundImageUrl",
                                                       "booleanActions":  0,
                                                       "policyType":  87,
                                                       "enabled":  true
                                                   },
                                                   {
                                                       "dataType":  0,
                                                       "category":  11,
                                                       "nameResourceKey":  "connectAppBlockAutoLaunchName",
                                                       "descriptionResourceKey":  "connectAppBlockAutoLaunchDescription",
                                                       "childSettings":  [

                                                                         ],
                                                       "options":  [

                                                                   ],
                                                       "entityKey":  "connectAppBlockAutoLaunch",
                                                       "booleanActions":  3,
                                                       "defaultValue":  false,
                                                       "policyType":  87,
                                                       "enabled":  true
                                                   },
                                                   {
                                                       "dataType":  0,
                                                       "category":  11,
                                                       "nameResourceKey":  "settingsBlockSigninSuggestionsName",
                                                       "descriptionResourceKey":  "settingsBlockSigninSuggestionsDescription",
                                                       "childSettings":  [

                                                                         ],
                                                       "options":  [

                                                                   ],
                                                       "entityKey":  "settingsBlockSigninSuggestions",
                                                       "booleanActions":  3,
                                                       "defaultValue":  false,
                                                       "policyType":  87,
                                                       "enabled":  true
                                                   },
                                                   {
                                                       "dataType":  0,
                                                       "category":  11,
                                                       "nameResourceKey":  "settingsBlockMyMeetingsAndFilesName",
                                                       "descriptionResourceKey":  "settingsBlockMyMeetingsAndFilesDescription",
                                                       "childSettings":  [

                                                                         ],
                                                       "options":  [

                                                                   ],
                                                       "entityKey":  "settingsBlockMyMeetingsAndFiles",
                                                       "booleanActions":  3,
                                                       "defaultValue":  false,
                                                       "policyType":  87,
                                                       "enabled":  true
                                                   }
                                               ]
}
