﻿{
    "associateddomains_macdevicefeatures":  [
                                                {
                                                    "isSettingDescription":  false,
                                                    "showAsSectionHeader":  false,
                                                    "dataType":  8,
                                                    "category":  12,
                                                    "nameResourceKey":  "MacDeviceFeaturesAssociatedDomainsHeader",
                                                    "childSettings":  [

                                                                      ],
                                                    "options":  [

                                                                ],
                                                    "booleanActions":  0,
                                                    "policyType":  58,
                                                    "enabled":  true
                                                },
                                                {
                                                    "isSettingDescription":  false,
                                                    "showAsSectionHeader":  true,
                                                    "dataType":  8,
                                                    "category":  12,
                                                    "nameResourceKey":  "userApprovedAndAutomatedDeviceEnrollmentHeaderNameMac",
                                                    "descriptionResourceKey":  "userApprovedAndAutomatedDeviceEnrollmentHeaderDescriptionMac",
                                                    "childSettings":  [
                                                                          {
                                                                              "columns":  [
                                                                                              {
                                                                                                  "metadata":  {
                                                                                                                   "dataType":  20,
                                                                                                                   "category":  12,
                                                                                                                   "nameResourceKey":  "associatedDomainsAppIdName",
                                                                                                                   "descriptionResourceKey":  "associatedDomainsAppIdDescription",
                                                                                                                   "emptyValueResourceKey":  "associatedDomainsAppIdExample",
                                                                                                                   "childSettings":  [

                                                                                                                                     ],
                                                                                                                   "options":  [

                                                                                                                               ],
                                                                                                                   "entityKey":  "applicationIdentifier",
                                                                                                                   "booleanActions":  0,
                                                                                                                   "policyType":  58,
                                                                                                                   "enabled":  true
                                                                                                               }
                                                                                              },
                                                                                              {
                                                                                                  "metadata":  {
                                                                                                                   "columns":  [
                                                                                                                                   {
                                                                                                                                       "metadata":  {
                                                                                                                                                        "dataType":  20,
                                                                                                                                                        "category":  12,
                                                                                                                                                        "nameResourceKey":  "associatedDomainsDomainName",
                                                                                                                                                        "emptyValueResourceKey":  "associatedDomainsDomainExample",
                                                                                                                                                        "childSettings":  [

                                                                                                                                                                          ],
                                                                                                                                                        "options":  [

                                                                                                                                                                    ],
                                                                                                                                                        "entityKey":  "domains",
                                                                                                                                                        "booleanActions":  0,
                                                                                                                                                        "policyType":  58,
                                                                                                                                                        "enabled":  true
                                                                                                                                                    }
                                                                                                                                   }
                                                                                                                               ],
                                                                                                                   "dataType":  21,
                                                                                                                   "category":  12,
                                                                                                                   "nameResourceKey":  "associatedDomainsDomainsListName",
                                                                                                                   "descriptionResourceKey":  "associatedDomainsDomainsListDescription",
                                                                                                                   "childSettings":  [

                                                                                                                                     ],
                                                                                                                   "options":  [

                                                                                                                               ],
                                                                                                                   "entityKey":  "domains",
                                                                                                                   "booleanActions":  0,
                                                                                                                   "policyType":  58,
                                                                                                                   "enabled":  true
                                                                                                               }
                                                                                              },
                                                                                              {
                                                                                                  "metadata":  {
                                                                                                                   "dataType":  0,
                                                                                                                   "category":  12,
                                                                                                                   "nameResourceKey":  "associatedDomainsEnableDirectDownloadsName",
                                                                                                                   "descriptionResourceKey":  "associatedDomainsEnableDirectDownloadsDescription",
                                                                                                                   "childSettings":  [

                                                                                                                                     ],
                                                                                                                   "options":  [

                                                                                                                               ],
                                                                                                                   "entityKey":  "directDownloadsEnabled",
                                                                                                                   "booleanActions":  9,
                                                                                                                   "defaultValue":  false,
                                                                                                                   "policyType":  58,
                                                                                                                   "enabled":  true
                                                                                                               }
                                                                                              }
                                                                                          ],
                                                                              "dataType":  21,
                                                                              "category":  12,
                                                                              "nameResourceKey":  "associatedDomainsTableName",
                                                                              "descriptionResourceKey":  "associatedDomainsTableDescription",
                                                                              "childSettings":  [

                                                                                                ],
                                                                              "options":  [

                                                                                          ],
                                                                              "entityKey":  "appAssociatedDomains",
                                                                              "booleanActions":  0,
                                                                              "policyType":  58,
                                                                              "enabled":  true
                                                                          }
                                                                      ],
                                                    "options":  [

                                                                ],
                                                    "booleanActions":  0,
                                                    "policyType":  58,
                                                    "enabled":  true
                                                }
                                            ]
}
