﻿{
    "azureoperationalinsights_windows10teamgeneral":  {
                                                          "dataType":  0,
                                                          "category":  14,
                                                          "nameResourceKey":  "azureOperationalInsightsName",
                                                          "descriptionResourceKey":  "azureOperationalInsightsDescription",
                                                          "childSettings":  [
                                                                                {
                                                                                    "dataType":  20,
                                                                                    "category":  14,
                                                                                    "nameResourceKey":  "workspaceIDName",
                                                                                    "descriptionResourceKey":  "empty",
                                                                                    "childSettings":  [

                                                                                                      ],
                                                                                    "options":  [

                                                                                                ],
                                                                                    "entityKey":  "azureOperationalInsightsWorkspaceId",
                                                                                    "booleanActions":  0,
                                                                                    "policyType":  87,
                                                                                    "enabled":  true
                                                                                },
                                                                                {
                                                                                    "dataType":  20,
                                                                                    "category":  14,
                                                                                    "nameResourceKey":  "workspaceKeyName",
                                                                                    "descriptionResourceKey":  "empty",
                                                                                    "childSettings":  [

                                                                                                      ],
                                                                                    "options":  [

                                                                                                ],
                                                                                    "entityKey":  "azureOperationalInsightsWorkspaceKey",
                                                                                    "booleanActions":  0,
                                                                                    "policyType":  87,
                                                                                    "enabled":  true
                                                                                }
                                                                            ],
                                                          "options":  [

                                                                      ],
                                                          "entityKey":  "syntheticAzureOperationalInsightsEnabled",
                                                          "booleanActions":  2,
                                                          "defaultValue":  false,
                                                          "policyType":  87,
                                                          "enabled":  true
                                                      }
}
