﻿{
    "bootoptions_windows10devicefirmwareconfigurationinterface":  [
                                                                      {
                                                                          "dataType":  16,
                                                                          "category":  16,
                                                                          "nameResourceKey":  "bootFromExternalMediaName",
                                                                          "descriptionResourceKey":  "bootFromExternalMediaDescription",
                                                                          "childSettings":  [

                                                                                            ],
                                                                          "options":  [
                                                                                          {
                                                                                              "nameResourceKey":  "notConfigured",
                                                                                              "value":  "notConfigured",
                                                                                              "enabled":  true
                                                                                          },
                                                                                          {
                                                                                              "nameResourceKey":  "enabledOption",
                                                                                              "value":  "enabled",
                                                                                              "enabled":  true
                                                                                          },
                                                                                          {
                                                                                              "nameResourceKey":  "disabledOption",
                                                                                              "value":  "disabled",
                                                                                              "enabled":  true
                                                                                          }
                                                                                      ],
                                                                          "entityKey":  "bootFromExternalMedia",
                                                                          "booleanActions":  0,
                                                                          "defaultValue":  "notConfigured",
                                                                          "unconfiguredValue":  "notConfigured",
                                                                          "policyType":  108,
                                                                          "enabled":  true
                                                                      },
                                                                      {
                                                                          "dataType":  16,
                                                                          "category":  16,
                                                                          "nameResourceKey":  "bootFromBuiltInNetworkAdaptersName",
                                                                          "descriptionResourceKey":  "bootFromBuiltInNetworkAdaptersDescription",
                                                                          "childSettings":  [

                                                                                            ],
                                                                          "options":  [
                                                                                          {
                                                                                              "nameResourceKey":  "notConfigured",
                                                                                              "value":  "notConfigured",
                                                                                              "enabled":  true
                                                                                          },
                                                                                          {
                                                                                              "nameResourceKey":  "enabledOption",
                                                                                              "value":  "enabled",
                                                                                              "enabled":  true
                                                                                          },
                                                                                          {
                                                                                              "nameResourceKey":  "disabledOption",
                                                                                              "value":  "disabled",
                                                                                              "enabled":  true
                                                                                          }
                                                                                      ],
                                                                          "entityKey":  "bootFromBuiltInNetworkAdapters",
                                                                          "booleanActions":  0,
                                                                          "defaultValue":  "notConfigured",
                                                                          "unconfiguredValue":  "notConfigured",
                                                                          "policyType":  108,
                                                                          "enabled":  true
                                                                      }
                                                                  ]
}
