﻿{
    "browser_windows8general":  [
                                    {
                                        "dataType":  0,
                                        "category":  17,
                                        "nameResourceKey":  "blockAutofillName",
                                        "descriptionResourceKey":  "blockAutofillDescription",
                                        "childSettings":  [

                                                          ],
                                        "options":  [

                                                    ],
                                        "entityKey":  "browserBlockAutofill",
                                        "booleanActions":  3,
                                        "defaultValue":  false,
                                        "policyType":  92,
                                        "enabled":  true
                                    },
                                    {
                                        "dataType":  0,
                                        "category":  17,
                                        "nameResourceKey":  "requireFraudWarningName",
                                        "descriptionResourceKey":  "requireFraudWarningDescription",
                                        "childSettings":  [

                                                          ],
                                        "options":  [

                                                    ],
                                        "entityKey":  "browserRequireFraudWarning",
                                        "booleanActions":  1,
                                        "defaultValue":  false,
                                        "policyType":  92,
                                        "enabled":  true
                                    },
                                    {
                                        "dataType":  0,
                                        "category":  17,
                                        "nameResourceKey":  "blockSmartScreenName",
                                        "descriptionResourceKey":  "blockSmartScreenDescription",
                                        "childSettings":  [

                                                          ],
                                        "options":  [

                                                    ],
                                        "entityKey":  "browserRequireSmartScreen",
                                        "booleanActions":  3,
                                        "defaultValue":  false,
                                        "policyType":  92,
                                        "enabled":  true
                                    },
                                    {
                                        "dataType":  0,
                                        "category":  17,
                                        "nameResourceKey":  "blockJavaScriptName",
                                        "descriptionResourceKey":  "blockJavaScriptDescription",
                                        "childSettings":  [

                                                          ],
                                        "options":  [

                                                    ],
                                        "entityKey":  "browserBlockJavaScript",
                                        "booleanActions":  3,
                                        "defaultValue":  false,
                                        "policyType":  92,
                                        "enabled":  true
                                    },
                                    {
                                        "dataType":  0,
                                        "category":  17,
                                        "nameResourceKey":  "blockPopUpsName",
                                        "descriptionResourceKey":  "blockPopUpsDescription",
                                        "childSettings":  [

                                                          ],
                                        "options":  [

                                                    ],
                                        "entityKey":  "browserBlockPopups",
                                        "booleanActions":  3,
                                        "defaultValue":  false,
                                        "policyType":  92,
                                        "enabled":  true
                                    },
                                    {
                                        "dataType":  0,
                                        "category":  17,
                                        "nameResourceKey":  "blockDoNotTrackHeaderName",
                                        "descriptionResourceKey":  "blockDoNotTrackHeaderDescription",
                                        "childSettings":  [

                                                          ],
                                        "options":  [

                                                    ],
                                        "entityKey":  "browserBlockSendingDoNotTrackHeader",
                                        "booleanActions":  3,
                                        "defaultValue":  false,
                                        "policyType":  92,
                                        "enabled":  true
                                    },
                                    {
                                        "dataType":  0,
                                        "category":  17,
                                        "nameResourceKey":  "blockPluginsName",
                                        "descriptionResourceKey":  "blockPluginsDescription",
                                        "childSettings":  [

                                                          ],
                                        "options":  [

                                                    ],
                                        "entityKey":  "browserBlockPlugins",
                                        "booleanActions":  3,
                                        "defaultValue":  false,
                                        "policyType":  92,
                                        "enabled":  true
                                    },
                                    {
                                        "dataType":  0,
                                        "category":  17,
                                        "nameResourceKey":  "blockSingleWordEntryIntranetName",
                                        "descriptionResourceKey":  "blockSingleWordEntryIntranetDescription",
                                        "childSettings":  [

                                                          ],
                                        "options":  [

                                                    ],
                                        "entityKey":  "browserBlockSingleWordEntryOnIntranetSites",
                                        "booleanActions":  3,
                                        "defaultValue":  false,
                                        "policyType":  92,
                                        "enabled":  true
                                    },
                                    {
                                        "dataType":  0,
                                        "category":  17,
                                        "nameResourceKey":  "blockIntranetAutoDetectName",
                                        "descriptionResourceKey":  "blockIntranetAutoDetectDescription",
                                        "childSettings":  [

                                                          ],
                                        "options":  [

                                                    ],
                                        "entityKey":  "browserBlockAutomaticDetectionOfIntranetSites",
                                        "booleanActions":  3,
                                        "defaultValue":  false,
                                        "policyType":  92,
                                        "enabled":  true
                                    },
                                    {
                                        "dataType":  16,
                                        "category":  17,
                                        "nameResourceKey":  "internetSecurityLevelName",
                                        "descriptionResourceKey":  "internetSecurityLevelDescription",
                                        "childSettings":  [

                                                          ],
                                        "options":  [
                                                        {
                                                            "nameResourceKey":  "notConfigured",
                                                            "value":  "userDefined",
                                                            "enabled":  true
                                                        },
                                                        {
                                                            "nameResourceKey":  "highOption",
                                                            "value":  "high",
                                                            "enabled":  true
                                                        },
                                                        {
                                                            "nameResourceKey":  "mediumHighOption",
                                                            "value":  "mediumHigh",
                                                            "enabled":  true
                                                        },
                                                        {
                                                            "nameResourceKey":  "mediumOption",
                                                            "value":  "medium",
                                                            "enabled":  true
                                                        }
                                                    ],
                                        "entityKey":  "browserInternetSecurityLevel",
                                        "booleanActions":  0,
                                        "defaultValue":  "userDefined",
                                        "unconfiguredValue":  "userDefined",
                                        "policyType":  92,
                                        "enabled":  true
                                    },
                                    {
                                        "dataType":  16,
                                        "category":  17,
                                        "nameResourceKey":  "intranetSecurityLevelName",
                                        "descriptionResourceKey":  "intranetSecurityLevelDescription",
                                        "childSettings":  [

                                                          ],
                                        "options":  [
                                                        {
                                                            "nameResourceKey":  "notConfigured",
                                                            "value":  "userDefined",
                                                            "enabled":  true
                                                        },
                                                        {
                                                            "nameResourceKey":  "highOption",
                                                            "value":  "high",
                                                            "enabled":  true
                                                        },
                                                        {
                                                            "nameResourceKey":  "mediumHighOption",
                                                            "value":  "mediumHigh",
                                                            "enabled":  true
                                                        },
                                                        {
                                                            "nameResourceKey":  "mediumOption",
                                                            "value":  "medium",
                                                            "enabled":  true
                                                        },
                                                        {
                                                            "nameResourceKey":  "mediumLowOption",
                                                            "value":  "mediumLow",
                                                            "enabled":  true
                                                        },
                                                        {
                                                            "nameResourceKey":  "lowOption",
                                                            "value":  "low",
                                                            "enabled":  true
                                                        }
                                                    ],
                                        "entityKey":  "browserIntranetSecurityLevel",
                                        "booleanActions":  0,
                                        "defaultValue":  "userDefined",
                                        "unconfiguredValue":  "userDefined",
                                        "policyType":  92,
                                        "enabled":  true
                                    },
                                    {
                                        "dataType":  16,
                                        "category":  17,
                                        "nameResourceKey":  "trustedSitesSecurityLevelName",
                                        "descriptionResourceKey":  "trustedSitesSecurityLevelDescription",
                                        "childSettings":  [

                                                          ],
                                        "options":  [
                                                        {
                                                            "nameResourceKey":  "notConfigured",
                                                            "value":  "userDefined",
                                                            "enabled":  true
                                                        },
                                                        {
                                                            "nameResourceKey":  "highOption",
                                                            "value":  "high",
                                                            "enabled":  true
                                                        },
                                                        {
                                                            "nameResourceKey":  "mediumHighOption",
                                                            "value":  "mediumHigh",
                                                            "enabled":  true
                                                        },
                                                        {
                                                            "nameResourceKey":  "mediumOption",
                                                            "value":  "medium",
                                                            "enabled":  true
                                                        },
                                                        {
                                                            "nameResourceKey":  "mediumLowOption",
                                                            "value":  "mediumLow",
                                                            "enabled":  true
                                                        },
                                                        {
                                                            "nameResourceKey":  "lowOption",
                                                            "value":  "low",
                                                            "enabled":  true
                                                        }
                                                    ],
                                        "entityKey":  "browserTrustedSitesSecurityLevel",
                                        "booleanActions":  0,
                                        "defaultValue":  "userDefined",
                                        "unconfiguredValue":  "userDefined",
                                        "policyType":  92,
                                        "enabled":  true
                                    },
                                    {
                                        "dataType":  0,
                                        "category":  17,
                                        "nameResourceKey":  "restrictedSitesSecurityLevelName",
                                        "descriptionResourceKey":  "restrictedSitesSecurityLevelDescription",
                                        "childSettings":  [

                                                          ],
                                        "options":  [

                                                    ],
                                        "entityKey":  "browserRequireHighSecurityForRestrictedSites",
                                        "booleanActions":  4,
                                        "defaultValue":  false,
                                        "policyType":  92,
                                        "enabled":  true
                                    },
                                    {
                                        "dataType":  0,
                                        "category":  17,
                                        "nameResourceKey":  "enterpriseModeMenuAccessName",
                                        "descriptionResourceKey":  "enterpriseModeMenuAccessDescription",
                                        "childSettings":  [
                                                              {
                                                                  "dataType":  20,
                                                                  "category":  17,
                                                                  "nameResourceKey":  "loggingReportLocationName",
                                                                  "descriptionResourceKey":  "loggingReportLocationDescription",
                                                                  "emptyValueResourceKey":  "enterpriseModeLoggingExample",
                                                                  "childSettings":  [

                                                                                    ],
                                                                  "options":  [

                                                                              ],
                                                                  "entityKey":  "browserLoggingReportLocation",
                                                                  "booleanActions":  0,
                                                                  "policyType":  92,
                                                                  "enabled":  true
                                                              }
                                                          ],
                                        "options":  [

                                                    ],
                                        "entityKey":  "browserBlockEnterpriseModeAccess",
                                        "booleanActions":  3,
                                        "defaultValue":  false,
                                        "policyType":  92,
                                        "enabled":  true
                                    },
                                    {
                                        "dataType":  20,
                                        "category":  17,
                                        "nameResourceKey":  "enterpriseModeSiteListLocationName",
                                        "descriptionResourceKey":  "enterpriseModeSiteListLocationDescription",
                                        "emptyValueResourceKey":  "enterpriseModeSiteListExample",
                                        "childSettings":  [

                                                          ],
                                        "options":  [

                                                    ],
                                        "entityKey":  "browserEnterpriseModeSiteListLocation",
                                        "booleanActions":  0,
                                        "policyType":  92,
                                        "enabled":  true
                                    }
                                ]
}
