﻿{
    "browser_windowsphonegeneral":  {
                                        "dataType":  0,
                                        "category":  17,
                                        "nameResourceKey":  "blockWebBrowserName",
                                        "descriptionResourceKey":  "blockWebBrowserDescription",
                                        "childSettings":  [

                                                          ],
                                        "options":  [

                                                    ],
                                        "entityKey":  "webBrowserBlocked",
                                        "booleanActions":  3,
                                        "defaultValue":  false,
                                        "policyType":  101,
                                        "enabled":  true
                                    }
}
