﻿{
    "builtinapps_macgeneral":  {
                                   "isSettingDescription":  false,
                                   "showAsSectionHeader":  true,
                                   "dataType":  8,
                                   "category":  18,
                                   "nameResourceKey":  "allEnrollmentTypesHeaderNameMac",
                                   "descriptionResourceKey":  "allEnrollmentTypesHeaderDescriptionMac",
                                   "childSettings":  [
                                                         {
                                                             "dataType":  0,
                                                             "category":  18,
                                                             "nameResourceKey":  "blockSafariAutofillName",
                                                             "descriptionResourceKey":  "blockSafariAutofillDescription",
                                                             "childSettings":  [

                                                                               ],
                                                             "options":  [

                                                                         ],
                                                             "entityKey":  "safariBlockAutofill",
                                                             "booleanActions":  9,
                                                             "defaultValue":  false,
                                                             "policyType":  61,
                                                             "enabled":  true
                                                         },
                                                         {
                                                             "dataType":  0,
                                                             "category":  18,
                                                             "nameResourceKey":  "blockCameraNameMacOS",
                                                             "descriptionResourceKey":  "blockCameraDescriptionMacOS",
                                                             "childSettings":  [

                                                                               ],
                                                             "options":  [

                                                                         ],
                                                             "entityKey":  "cameraBlocked",
                                                             "booleanActions":  9,
                                                             "defaultValue":  false,
                                                             "policyType":  61,
                                                             "enabled":  true
                                                         },
                                                         {
                                                             "dataType":  0,
                                                             "category":  18,
                                                             "nameResourceKey":  "blockITunesMusicServiceNameMacOS",
                                                             "childSettings":  [

                                                                               ],
                                                             "options":  [

                                                                         ],
                                                             "entityKey":  "iTunesBlockMusicService",
                                                             "booleanActions":  9,
                                                             "defaultValue":  false,
                                                             "policyType":  61,
                                                             "enabled":  true
                                                         },
                                                         {
                                                             "dataType":  0,
                                                             "category":  18,
                                                             "nameResourceKey":  "blockSpotlightInternetResultsNameMacOS",
                                                             "descriptionResourceKey":  "blockSpotlightInternetResultsDescription",
                                                             "childSettings":  [

                                                                               ],
                                                             "options":  [

                                                                         ],
                                                             "entityKey":  "spotlightBlockInternetResults",
                                                             "booleanActions":  9,
                                                             "defaultValue":  false,
                                                             "policyType":  61,
                                                             "enabled":  true
                                                         },
                                                         {
                                                             "dataType":  0,
                                                             "category":  18,
                                                             "nameResourceKey":  "blockITunesFileSharingName",
                                                             "descriptionResourceKey":  "blockITunesFileSharingDescription",
                                                             "childSettings":  [

                                                                               ],
                                                             "options":  [

                                                                         ],
                                                             "entityKey":  "iTunesBlockFileSharing",
                                                             "booleanActions":  9,
                                                             "defaultValue":  false,
                                                             "policyType":  61,
                                                             "enabled":  true
                                                         }
                                                     ],
                                   "options":  [

                                               ],
                                   "booleanActions":  0,
                                   "policyType":  61,
                                   "enabled":  true
                               }
}
