﻿{
    "cameras_windows10devicefirmwareconfigurationinterface":  [
                                                                  {
                                                                      "dataType":  16,
                                                                      "category":  19,
                                                                      "nameResourceKey":  "camerasName",
                                                                      "descriptionResourceKey":  "camerasDescription",
                                                                      "childSettings":  [

                                                                                        ],
                                                                      "options":  [
                                                                                      {
                                                                                          "nameResourceKey":  "notConfigured",
                                                                                          "value":  "notConfigured",
                                                                                          "enabled":  true
                                                                                      },
                                                                                      {
                                                                                          "nameResourceKey":  "enabledOption",
                                                                                          "value":  "enabled",
                                                                                          "enabled":  true
                                                                                      },
                                                                                      {
                                                                                          "nameResourceKey":  "disabledOption",
                                                                                          "value":  "disabled",
                                                                                          "enabled":  true
                                                                                      }
                                                                                  ],
                                                                      "entityKey":  "cameras",
                                                                      "booleanActions":  0,
                                                                      "defaultValue":  "notConfigured",
                                                                      "unconfiguredValue":  "notConfigured",
                                                                      "policyType":  108,
                                                                      "enabled":  true
                                                                  },
                                                                  {
                                                                      "dataType":  10,
                                                                      "category":  19,
                                                                      "nameResourceKey":  "dfciGranularSettingsWarningInfoBox",
                                                                      "childSettings":  [

                                                                                        ],
                                                                      "options":  [

                                                                                  ],
                                                                      "booleanActions":  0,
                                                                      "policyType":  108,
                                                                      "enabled":  false
                                                                  },
                                                                  {
                                                                      "dataType":  16,
                                                                      "category":  19,
                                                                      "nameResourceKey":  "frontCamerasName",
                                                                      "descriptionResourceKey":  "frontCamerasDescription",
                                                                      "childSettings":  [

                                                                                        ],
                                                                      "options":  [
                                                                                      {
                                                                                          "nameResourceKey":  "notConfigured",
                                                                                          "value":  "notConfigured",
                                                                                          "enabled":  true
                                                                                      },
                                                                                      {
                                                                                          "nameResourceKey":  "enabledOption",
                                                                                          "value":  "enabled",
                                                                                          "enabled":  true
                                                                                      },
                                                                                      {
                                                                                          "nameResourceKey":  "disabledOption",
                                                                                          "value":  "disabled",
                                                                                          "enabled":  true
                                                                                      }
                                                                                  ],
                                                                      "entityKey":  "frontCamera",
                                                                      "booleanActions":  0,
                                                                      "defaultValue":  "notConfigured",
                                                                      "unconfiguredValue":  "notConfigured",
                                                                      "policyType":  108,
                                                                      "enabled":  false
                                                                  },
                                                                  {
                                                                      "dataType":  16,
                                                                      "category":  19,
                                                                      "nameResourceKey":  "rearCamerasName",
                                                                      "descriptionResourceKey":  "rearCamerasDescription",
                                                                      "childSettings":  [

                                                                                        ],
                                                                      "options":  [
                                                                                      {
                                                                                          "nameResourceKey":  "notConfigured",
                                                                                          "value":  "notConfigured",
                                                                                          "enabled":  true
                                                                                      },
                                                                                      {
                                                                                          "nameResourceKey":  "enabledOption",
                                                                                          "value":  "enabled",
                                                                                          "enabled":  true
                                                                                      },
                                                                                      {
                                                                                          "nameResourceKey":  "disabledOption",
                                                                                          "value":  "disabled",
                                                                                          "enabled":  true
                                                                                      }
                                                                                  ],
                                                                      "entityKey":  "rearCamera",
                                                                      "booleanActions":  0,
                                                                      "defaultValue":  "notConfigured",
                                                                      "unconfiguredValue":  "notConfigured",
                                                                      "policyType":  108,
                                                                      "enabled":  false
                                                                  },
                                                                  {
                                                                      "dataType":  16,
                                                                      "category":  19,
                                                                      "nameResourceKey":  "infraredCamerasName",
                                                                      "descriptionResourceKey":  "infraredCamerasDescription",
                                                                      "childSettings":  [

                                                                                        ],
                                                                      "options":  [
                                                                                      {
                                                                                          "nameResourceKey":  "notConfigured",
                                                                                          "value":  "notConfigured",
                                                                                          "enabled":  true
                                                                                      },
                                                                                      {
                                                                                          "nameResourceKey":  "enabledOption",
                                                                                          "value":  "enabled",
                                                                                          "enabled":  true
                                                                                      },
                                                                                      {
                                                                                          "nameResourceKey":  "disabledOption",
                                                                                          "value":  "disabled",
                                                                                          "enabled":  true
                                                                                      }
                                                                                  ],
                                                                      "entityKey":  "infraredCamera",
                                                                      "booleanActions":  0,
                                                                      "defaultValue":  "notConfigured",
                                                                      "unconfiguredValue":  "notConfigured",
                                                                      "policyType":  108,
                                                                      "enabled":  false
                                                                  }
                                                              ]
}
