﻿{
    "cellular_windows8general":  {
                                     "dataType":  0,
                                     "category":  20,
                                     "nameResourceKey":  "blockDataRoamingName",
                                     "descriptionResourceKey":  "blockDataRoamingDescription",
                                     "childSettings":  [

                                                       ],
                                     "options":  [

                                                 ],
                                     "entityKey":  "cellularBlockDataRoaming",
                                     "booleanActions":  3,
                                     "defaultValue":  false,
                                     "policyType":  92,
                                     "enabled":  true
                                 }
}
