﻿{
    "cloudandstorage_iosgeneral":  [
                                       {
                                           "isSettingDescription":  false,
                                           "showAsSectionHeader":  true,
                                           "dataType":  8,
                                           "category":  21,
                                           "nameResourceKey":  "allEnrollmentTypesHeaderName",
                                           "descriptionResourceKey":  "allEnrollmentTypesHeaderDescription",
                                           "childSettings":  [
                                                                 {
                                                                     "dataType":  0,
                                                                     "category":  21,
                                                                     "nameResourceKey":  "requireEncryptedBackupName",
                                                                     "descriptionResourceKey":  "requireEncryptedBackupDescription",
                                                                     "childSettings":  [

                                                                                       ],
                                                                     "options":  [

                                                                                 ],
                                                                     "entityKey":  "iCloudRequireEncryptedBackup",
                                                                     "booleanActions":  9,
                                                                     "defaultValue":  false,
                                                                     "policyType":  46,
                                                                     "enabled":  true
                                                                 },
                                                                 {
                                                                     "dataType":  0,
                                                                     "category":  21,
                                                                     "nameResourceKey":  "blockManagedAppsCloudSyncName",
                                                                     "descriptionResourceKey":  "blockManagedAppsCloudSyncDescription",
                                                                     "childSettings":  [

                                                                                       ],
                                                                     "options":  [

                                                                                 ],
                                                                     "entityKey":  "iCloudBlockManagedAppsSync",
                                                                     "booleanActions":  9,
                                                                     "defaultValue":  false,
                                                                     "policyType":  46,
                                                                     "enabled":  true
                                                                 },
                                                                 {
                                                                     "dataType":  0,
                                                                     "category":  21,
                                                                     "nameResourceKey":  "blockEnterpriseBookBackupName",
                                                                     "childSettings":  [

                                                                                       ],
                                                                     "options":  [

                                                                                 ],
                                                                     "entityKey":  "enterpriseBookBlockBackup",
                                                                     "booleanActions":  9,
                                                                     "defaultValue":  false,
                                                                     "policyType":  46,
                                                                     "enabled":  true
                                                                 },
                                                                 {
                                                                     "dataType":  0,
                                                                     "category":  21,
                                                                     "nameResourceKey":  "blockEnterpriseBookMetadataSyncName",
                                                                     "childSettings":  [

                                                                                       ],
                                                                     "options":  [

                                                                                 ],
                                                                     "entityKey":  "enterpriseBookBlockMetadataSync",
                                                                     "booleanActions":  9,
                                                                     "defaultValue":  false,
                                                                     "policyType":  46,
                                                                     "enabled":  true
                                                                 }
                                                             ],
                                           "options":  [

                                                       ],
                                           "booleanActions":  0,
                                           "policyType":  46,
                                           "enabled":  true
                                       },
                                       {
                                           "isSettingDescription":  false,
                                           "showAsSectionHeader":  true,
                                           "dataType":  8,
                                           "category":  21,
                                           "nameResourceKey":  "deviceEnrollmentAndAutomatedDeviceEnrollmentHeaderName",
                                           "descriptionResourceKey":  "deviceEnrollmentAndAutomatedDeviceEnrollmentHeaderDescription",
                                           "childSettings":  [
                                                                 {
                                                                     "dataType":  0,
                                                                     "category":  21,
                                                                     "nameResourceKey":  "blockICloudPhotoStreamSyncName",
                                                                     "descriptionResourceKey":  "blockICloudPhotoStreamSyncDescription",
                                                                     "childSettings":  [

                                                                                       ],
                                                                     "options":  [

                                                                                 ],
                                                                     "entityKey":  "iCloudBlockPhotoStreamSync",
                                                                     "booleanActions":  9,
                                                                     "defaultValue":  false,
                                                                     "policyType":  46,
                                                                     "enabled":  true
                                                                 },
                                                                 {
                                                                     "dataType":  0,
                                                                     "category":  21,
                                                                     "nameResourceKey":  "blockICloudPhotoLibraryName",
                                                                     "descriptionResourceKey":  "blockICloudPhotoLibraryDescription",
                                                                     "childSettings":  [

                                                                                       ],
                                                                     "options":  [

                                                                                 ],
                                                                     "entityKey":  "iCloudBlockPhotoLibrary",
                                                                     "booleanActions":  9,
                                                                     "defaultValue":  false,
                                                                     "policyType":  46,
                                                                     "enabled":  true
                                                                 },
                                                                 {
                                                                     "dataType":  0,
                                                                     "category":  21,
                                                                     "nameResourceKey":  "blockSharedPhotoStreamName",
                                                                     "descriptionResourceKey":  "blockSharedPhotoStreamDescription",
                                                                     "childSettings":  [

                                                                                       ],
                                                                     "options":  [

                                                                                 ],
                                                                     "entityKey":  "iCloudBlockSharedPhotoStream",
                                                                     "booleanActions":  9,
                                                                     "defaultValue":  false,
                                                                     "policyType":  46,
                                                                     "enabled":  true
                                                                 },
                                                                 {
                                                                     "dataType":  0,
                                                                     "category":  21,
                                                                     "nameResourceKey":  "blockIosActivityContinuationName",
                                                                     "descriptionResourceKey":  "blockIosActivityContinuationDescription",
                                                                     "childSettings":  [

                                                                                       ],
                                                                     "options":  [

                                                                                 ],
                                                                     "entityKey":  "iCloudBlockActivityContinuation",
                                                                     "booleanActions":  9,
                                                                     "defaultValue":  false,
                                                                     "policyType":  46,
                                                                     "enabled":  true
                                                                 }
                                                             ],
                                           "options":  [

                                                       ],
                                           "booleanActions":  0,
                                           "policyType":  46,
                                           "enabled":  true
                                       },
                                       {
                                           "isSettingDescription":  false,
                                           "showAsSectionHeader":  true,
                                           "dataType":  8,
                                           "category":  21,
                                           "nameResourceKey":  "automatedDeviceEnrollmentHeaderName",
                                           "descriptionResourceKey":  "automatedDeviceEnrollmentHeaderDescription",
                                           "childSettings":  [
                                                                 {
                                                                     "dataType":  0,
                                                                     "category":  21,
                                                                     "nameResourceKey":  "blockICloudBackupName",
                                                                     "descriptionResourceKey":  "blockICloudBackupDescription",
                                                                     "childSettings":  [

                                                                                       ],
                                                                     "options":  [

                                                                                 ],
                                                                     "entityKey":  "iCloudBlockBackup",
                                                                     "booleanActions":  9,
                                                                     "defaultValue":  false,
                                                                     "policyType":  46,
                                                                     "enabled":  true
                                                                 },
                                                                 {
                                                                     "dataType":  0,
                                                                     "category":  21,
                                                                     "nameResourceKey":  "blockIosICloudDocumentSyncName",
                                                                     "descriptionResourceKey":  "blockIosICloudDocumentSyncDescription",
                                                                     "childSettings":  [

                                                                                       ],
                                                                     "options":  [

                                                                                 ],
                                                                     "entityKey":  "iCloudBlockDocumentSync",
                                                                     "booleanActions":  9,
                                                                     "defaultValue":  false,
                                                                     "policyType":  46,
                                                                     "enabled":  true
                                                                 },
                                                                 {
                                                                     "dataType":  0,
                                                                     "category":  21,
                                                                     "nameResourceKey":  "blockIosKeychainCloudSyncName",
                                                                     "descriptionResourceKey":  "blockIosKeychainCloudSyncDescription",
                                                                     "childSettings":  [

                                                                                       ],
                                                                     "options":  [

                                                                                 ],
                                                                     "entityKey":  "keychainBlockCloudSync",
                                                                     "booleanActions":  9,
                                                                     "defaultValue":  false,
                                                                     "policyType":  46,
                                                                     "enabled":  true
                                                                 },
                                                                 {
                                                                     "dataType":  0,
                                                                     "category":  21,
                                                                     "nameResourceKey":  "blockIosICloudPrivateRelayName",
                                                                     "descriptionResourceKey":  "blockIosICloudPrivateRelayDescription",
                                                                     "childSettings":  [

                                                                                       ],
                                                                     "options":  [

                                                                                 ],
                                                                     "entityKey":  "iCloudPrivateRelayBlocked",
                                                                     "booleanActions":  9,
                                                                     "defaultValue":  false,
                                                                     "policyType":  46,
                                                                     "enabled":  true
                                                                 }
                                                             ],
                                           "options":  [

                                                       ],
                                           "booleanActions":  0,
                                           "policyType":  46,
                                           "enabled":  true
                                       }
                                   ]
}
