﻿{
    "connecteddevices_iosgeneral":  [
                                        {
                                            "isSettingDescription":  false,
                                            "showAsSectionHeader":  true,
                                            "dataType":  8,
                                            "category":  23,
                                            "nameResourceKey":  "allEnrollmentTypesHeaderName",
                                            "descriptionResourceKey":  "allEnrollmentTypesHeaderDescription",
                                            "childSettings":  [
                                                                  {
                                                                      "dataType":  0,
                                                                      "category":  23,
                                                                      "nameResourceKey":  "forceWatchWristDetectionName",
                                                                      "descriptionResourceKey":  "forceWatchWristDetectionDescription",
                                                                      "childSettings":  [

                                                                                        ],
                                                                      "options":  [

                                                                                  ],
                                                                      "entityKey":  "appleWatchForceWristDetection",
                                                                      "booleanActions":  9,
                                                                      "defaultValue":  false,
                                                                      "policyType":  46,
                                                                      "enabled":  true
                                                                  }
                                                              ],
                                            "options":  [

                                                        ],
                                            "booleanActions":  0,
                                            "policyType":  46,
                                            "enabled":  true
                                        },
                                        {
                                            "isSettingDescription":  false,
                                            "showAsSectionHeader":  true,
                                            "dataType":  8,
                                            "category":  23,
                                            "nameResourceKey":  "deviceEnrollmentAndAutomatedDeviceEnrollmentHeaderName",
                                            "descriptionResourceKey":  "deviceEnrollmentAndAutomatedDeviceEnrollmentHeaderDescription",
                                            "childSettings":  [
                                                                  {
                                                                      "dataType":  0,
                                                                      "category":  23,
                                                                      "nameResourceKey":  "forceAirPlayOutgoingRequestsPairingPasswordName",
                                                                      "descriptionResourceKey":  "forceAirPlayOutgoingRequestsPairingPasswordDescription",
                                                                      "childSettings":  [

                                                                                        ],
                                                                      "options":  [

                                                                                  ],
                                                                      "entityKey":  "airPlayForcePairingPasswordForOutgoingRequests",
                                                                      "booleanActions":  9,
                                                                      "defaultValue":  false,
                                                                      "policyType":  46,
                                                                      "enabled":  true
                                                                  },
                                                                  {
                                                                      "dataType":  0,
                                                                      "category":  23,
                                                                      "nameResourceKey":  "autoUnlockBlockedName",
                                                                      "descriptionResourceKey":  "autoUnlockBlockedDescription",
                                                                      "childSettings":  [

                                                                                        ],
                                                                      "options":  [

                                                                                  ],
                                                                      "entityKey":  "autoUnlockBlocked",
                                                                      "booleanActions":  9,
                                                                      "defaultValue":  false,
                                                                      "policyType":  46,
                                                                      "enabled":  true
                                                                  }
                                                              ],
                                            "options":  [

                                                        ],
                                            "booleanActions":  0,
                                            "policyType":  46,
                                            "enabled":  true
                                        },
                                        {
                                            "isSettingDescription":  false,
                                            "showAsSectionHeader":  true,
                                            "dataType":  8,
                                            "category":  23,
                                            "nameResourceKey":  "automatedDeviceEnrollmentHeaderName",
                                            "descriptionResourceKey":  "automatedDeviceEnrollmentHeaderDescription",
                                            "childSettings":  [
                                                                  {
                                                                      "dataType":  0,
                                                                      "category":  23,
                                                                      "nameResourceKey":  "blockAirDropName",
                                                                      "childSettings":  [

                                                                                        ],
                                                                      "options":  [

                                                                                  ],
                                                                      "entityKey":  "airDropBlocked",
                                                                      "booleanActions":  9,
                                                                      "defaultValue":  false,
                                                                      "policyType":  46,
                                                                      "enabled":  true
                                                                  },
                                                                  {
                                                                      "dataType":  0,
                                                                      "category":  23,
                                                                      "nameResourceKey":  "blockAppleWatchPairingName",
                                                                      "childSettings":  [

                                                                                        ],
                                                                      "options":  [

                                                                                  ],
                                                                      "entityKey":  "appleWatchBlockPairing",
                                                                      "booleanActions":  9,
                                                                      "defaultValue":  false,
                                                                      "policyType":  46,
                                                                      "enabled":  true
                                                                  },
                                                                  {
                                                                      "dataType":  0,
                                                                      "category":  23,
                                                                      "nameResourceKey":  "blockBluetoothModificationName",
                                                                      "descriptionResourceKey":  "blockBluetoothModificationDescription",
                                                                      "childSettings":  [

                                                                                        ],
                                                                      "options":  [

                                                                                  ],
                                                                      "entityKey":  "bluetoothBlockModification",
                                                                      "booleanActions":  9,
                                                                      "defaultValue":  false,
                                                                      "policyType":  46,
                                                                      "enabled":  true
                                                                  },
                                                                  {
                                                                      "dataType":  0,
                                                                      "category":  23,
                                                                      "nameResourceKey":  "blockHostPairingName",
                                                                      "descriptionResourceKey":  "blockHostPairingDescription",
                                                                      "childSettings":  [

                                                                                        ],
                                                                      "options":  [

                                                                                  ],
                                                                      "entityKey":  "hostPairingBlocked",
                                                                      "booleanActions":  9,
                                                                      "defaultValue":  false,
                                                                      "policyType":  46,
                                                                      "enabled":  true
                                                                  },
                                                                  {
                                                                      "dataType":  0,
                                                                      "category":  23,
                                                                      "nameResourceKey":  "blockAirPrintNameIOS",
                                                                      "childSettings":  [
                                                                                            {
                                                                                                "dataType":  0,
                                                                                                "category":  23,
                                                                                                "nameResourceKey":  "blockAirPrintCredentialsStorageName",
                                                                                                "descriptionResourceKey":  "blockAirPrintCredentialsStorageDescription",
                                                                                                "childSettings":  [

                                                                                                                  ],
                                                                                                "options":  [

                                                                                                            ],
                                                                                                "entityKey":  "airPrintBlockCredentialsStorage",
                                                                                                "booleanActions":  3,
                                                                                                "defaultValue":  false,
                                                                                                "policyType":  46,
                                                                                                "enabled":  true
                                                                                            },
                                                                                            {
                                                                                                "dataType":  0,
                                                                                                "category":  23,
                                                                                                "nameResourceKey":  "forceAirPrintTrustedTLSNameIOS",
                                                                                                "descriptionResourceKey":  "forceAirPrintTrustedTLSDescriptionIOS",
                                                                                                "childSettings":  [

                                                                                                                  ],
                                                                                                "options":  [

                                                                                                            ],
                                                                                                "entityKey":  "airPrintForceTrustedTLS",
                                                                                                "booleanActions":  9,
                                                                                                "defaultValue":  false,
                                                                                                "policyType":  46,
                                                                                                "enabled":  true
                                                                                            },
                                                                                            {
                                                                                                "dataType":  0,
                                                                                                "category":  23,
                                                                                                "nameResourceKey":  "blockAirPrintiBeaconDiscoveryNameIOS",
                                                                                                "descriptionResourceKey":  "blockAirPrintiBeaconDiscoveryDescription",
                                                                                                "childSettings":  [

                                                                                                                  ],
                                                                                                "options":  [

                                                                                                            ],
                                                                                                "entityKey":  "airPrintBlockiBeaconDiscovery",
                                                                                                "booleanActions":  9,
                                                                                                "defaultValue":  false,
                                                                                                "policyType":  46,
                                                                                                "enabled":  true
                                                                                            }
                                                                                        ],
                                                                      "options":  [

                                                                                  ],
                                                                      "entityKey":  "airPrintBlocked",
                                                                      "booleanActions":  9,
                                                                      "defaultValue":  false,
                                                                      "policyType":  46,
                                                                      "enabled":  true
                                                                  },
                                                                  {
                                                                      "dataType":  0,
                                                                      "category":  23,
                                                                      "nameResourceKey":  "blockProximitySetupToNewDeviceName",
                                                                      "descriptionResourceKey":  "blockProximitySetupToNewDeviceDescription",
                                                                      "childSettings":  [

                                                                                        ],
                                                                      "options":  [

                                                                                  ],
                                                                      "entityKey":  "proximityBlockSetupToNewDevice",
                                                                      "booleanActions":  9,
                                                                      "defaultValue":  false,
                                                                      "policyType":  46,
                                                                      "enabled":  true
                                                                  },
                                                                  {
                                                                      "dataType":  0,
                                                                      "category":  23,
                                                                      "nameResourceKey":  "blockFilesUsbDriveAccessName",
                                                                      "descriptionResourceKey":  "blockFilesUsbDriveAccessDescription",
                                                                      "childSettings":  [

                                                                                        ],
                                                                      "options":  [

                                                                                  ],
                                                                      "entityKey":  "filesUsbDriveAccessBlocked",
                                                                      "booleanActions":  9,
                                                                      "defaultValue":  false,
                                                                      "policyType":  46,
                                                                      "enabled":  true
                                                                  },
                                                                  {
                                                                      "dataType":  0,
                                                                      "category":  23,
                                                                      "nameResourceKey":  "nfcBlockedName",
                                                                      "descriptionResourceKey":  "nfcBlockedDescription",
                                                                      "childSettings":  [

                                                                                        ],
                                                                      "options":  [

                                                                                  ],
                                                                      "entityKey":  "nfcBlocked",
                                                                      "booleanActions":  9,
                                                                      "defaultValue":  false,
                                                                      "policyType":  46,
                                                                      "enabled":  true
                                                                  },
                                                                  {
                                                                      "dataType":  0,
                                                                      "category":  23,
                                                                      "nameResourceKey":  "unpairedExternalBootToRecoveryAllowedName",
                                                                      "descriptionResourceKey":  "unpairedExternalBootToRecoveryAllowedDescription",
                                                                      "childSettings":  [

                                                                                        ],
                                                                      "options":  [

                                                                                  ],
                                                                      "entityKey":  "unpairedExternalBootToRecoveryAllowed",
                                                                      "booleanActions":  9,
                                                                      "defaultValue":  false,
                                                                      "policyType":  46,
                                                                      "enabled":  true
                                                                  }
                                                              ],
                                            "options":  [

                                                        ],
                                            "booleanActions":  0,
                                            "policyType":  46,
                                            "enabled":  true
                                        }
                                    ]
}
