﻿{
    "connectivity_windowsphonegeneral":  [
                                             {
                                                 "dataType":  0,
                                                 "category":  24,
                                                 "nameResourceKey":  "blockWiFiName",
                                                 "descriptionResourceKey":  "blockWiFiDescription",
                                                 "childSettings":  [

                                                                   ],
                                                 "options":  [

                                                             ],
                                                 "entityKey":  "wifiBlocked",
                                                 "booleanActions":  3,
                                                 "defaultValue":  false,
                                                 "policyType":  101,
                                                 "enabled":  true
                                             },
                                             {
                                                 "dataType":  0,
                                                 "category":  24,
                                                 "nameResourceKey":  "blockWiFiTetheringName",
                                                 "descriptionResourceKey":  "empty",
                                                 "childSettings":  [

                                                                   ],
                                                 "options":  [

                                                             ],
                                                 "entityKey":  "cellularBlockWifiTethering",
                                                 "booleanActions":  3,
                                                 "defaultValue":  false,
                                                 "policyType":  101,
                                                 "enabled":  true
                                             },
                                             {
                                                 "dataType":  0,
                                                 "category":  24,
                                                 "nameResourceKey":  "blockWiFiHotspotAutoConnectName",
                                                 "descriptionResourceKey":  "blockWiFiHotspotAutoConnectDescription",
                                                 "childSettings":  [

                                                                   ],
                                                 "options":  [

                                                             ],
                                                 "entityKey":  "wifiBlockAutomaticConnectHotspots",
                                                 "booleanActions":  3,
                                                 "defaultValue":  false,
                                                 "policyType":  101,
                                                 "enabled":  true
                                             },
                                             {
                                                 "dataType":  0,
                                                 "category":  24,
                                                 "nameResourceKey":  "blockWiFiHotspotReportingName",
                                                 "descriptionResourceKey":  "blockWiFiHotspotReportingDescription",
                                                 "childSettings":  [

                                                                   ],
                                                 "options":  [

                                                             ],
                                                 "entityKey":  "wifiBlockHotspotReporting",
                                                 "booleanActions":  3,
                                                 "defaultValue":  false,
                                                 "policyType":  101,
                                                 "enabled":  true
                                             },
                                             {
                                                 "dataType":  0,
                                                 "category":  24,
                                                 "nameResourceKey":  "blockNFCName",
                                                 "descriptionResourceKey":  "blockNFCDescription",
                                                 "childSettings":  [

                                                                   ],
                                                 "options":  [

                                                             ],
                                                 "entityKey":  "nfcBlocked",
                                                 "booleanActions":  3,
                                                 "defaultValue":  false,
                                                 "policyType":  101,
                                                 "enabled":  true
                                             },
                                             {
                                                 "dataType":  0,
                                                 "category":  24,
                                                 "nameResourceKey":  "blockBluetoothName",
                                                 "descriptionResourceKey":  "blockBluetoothDescription",
                                                 "childSettings":  [

                                                                   ],
                                                 "options":  [

                                                             ],
                                                 "entityKey":  "bluetoothBlocked",
                                                 "booleanActions":  3,
                                                 "defaultValue":  false,
                                                 "policyType":  101,
                                                 "enabled":  true
                                             }
                                         ]
}
