﻿{
    "connecteddevices_macgeneral":  {
                                        "isSettingDescription":  false,
                                        "showAsSectionHeader":  true,
                                        "dataType":  8,
                                        "category":  23,
                                        "nameResourceKey":  "allEnrollmentTypesHeaderNameMac",
                                        "descriptionResourceKey":  "allEnrollmentTypesHeaderDescriptionMac",
                                        "childSettings":  [
                                                              {
                                                                  "dataType":  0,
                                                                  "category":  23,
                                                                  "nameResourceKey":  "blockAirDropNameMacOS",
                                                                  "childSettings":  [

                                                                                    ],
                                                                  "options":  [

                                                                              ],
                                                                  "entityKey":  "airDropBlocked",
                                                                  "booleanActions":  9,
                                                                  "defaultValue":  false,
                                                                  "policyType":  61,
                                                                  "enabled":  true
                                                              },
                                                              {
                                                                  "dataType":  0,
                                                                  "category":  23,
                                                                  "nameResourceKey":  "blockAppleWatchAutoUnlockName",
                                                                  "descriptionResourceKey":  "blockAppleWatchAutoUnlockDescription",
                                                                  "childSettings":  [

                                                                                    ],
                                                                  "options":  [

                                                                              ],
                                                                  "entityKey":  "appleWatchBlockAutoUnlock",
                                                                  "booleanActions":  9,
                                                                  "defaultValue":  false,
                                                                  "policyType":  61,
                                                                  "enabled":  true
                                                              }
                                                          ],
                                        "options":  [

                                                    ],
                                        "booleanActions":  0,
                                        "policyType":  61,
                                        "enabled":  true
                                    }
}
