﻿{
    "controlpanelandsettings_windows10general":  {
                                                     "dataType":  0,
                                                     "category":  26,
                                                     "nameResourceKey":  "settingsAppName",
                                                     "descriptionResourceKey":  "settingsAppDescription",
                                                     "childSettings":  [
                                                                           {
                                                                               "dataType":  0,
                                                                               "category":  26,
                                                                               "nameResourceKey":  "systemPageName",
                                                                               "descriptionResourceKey":  "systemPageDescription",
                                                                               "childSettings":  [
                                                                                                     {
                                                                                                         "dataType":  0,
                                                                                                         "category":  26,
                                                                                                         "nameResourceKey":  "settingsBlockChangePowerSleepName",
                                                                                                         "descriptionResourceKey":  "settingsBlockChangePowerSleepDesc",
                                                                                                         "childSettings":  [

                                                                                                                           ],
                                                                                                         "options":  [

                                                                                                                     ],
                                                                                                         "entityKey":  "settingsBlockChangePowerSleep",
                                                                                                         "booleanActions":  3,
                                                                                                         "defaultValue":  false,
                                                                                                         "policyType":  79,
                                                                                                         "enabled":  true
                                                                                                     }
                                                                                                 ],
                                                                               "options":  [

                                                                                           ],
                                                                               "entityKey":  "settingsBlockSystemPage",
                                                                               "booleanActions":  3,
                                                                               "defaultValue":  false,
                                                                               "policyType":  79,
                                                                               "enabled":  true
                                                                           },
                                                                           {
                                                                               "dataType":  0,
                                                                               "category":  26,
                                                                               "nameResourceKey":  "devicesPageName",
                                                                               "descriptionResourceKey":  "devicesPageDescription",
                                                                               "childSettings":  [

                                                                                                 ],
                                                                               "options":  [

                                                                                           ],
                                                                               "entityKey":  "settingsBlockDevicesPage",
                                                                               "booleanActions":  3,
                                                                               "defaultValue":  false,
                                                                               "policyType":  79,
                                                                               "enabled":  true
                                                                           },
                                                                           {
                                                                               "dataType":  0,
                                                                               "category":  26,
                                                                               "nameResourceKey":  "networkAndInternetPageName",
                                                                               "descriptionResourceKey":  "networkAndInternetPageDescription",
                                                                               "childSettings":  [

                                                                                                 ],
                                                                               "options":  [

                                                                                           ],
                                                                               "entityKey":  "settingsBlockNetworkInternetPage",
                                                                               "booleanActions":  3,
                                                                               "defaultValue":  false,
                                                                               "policyType":  79,
                                                                               "enabled":  true
                                                                           },
                                                                           {
                                                                               "dataType":  0,
                                                                               "category":  26,
                                                                               "nameResourceKey":  "personalizationPageName",
                                                                               "descriptionResourceKey":  "personalizationPageDescription",
                                                                               "childSettings":  [

                                                                                                 ],
                                                                               "options":  [

                                                                                           ],
                                                                               "entityKey":  "settingsBlockPersonalizationPage",
                                                                               "booleanActions":  3,
                                                                               "defaultValue":  false,
                                                                               "policyType":  79,
                                                                               "enabled":  true
                                                                           },
                                                                           {
                                                                               "dataType":  0,
                                                                               "category":  26,
                                                                               "nameResourceKey":  "appsPageName",
                                                                               "descriptionResourceKey":  "appsPageDescription",
                                                                               "childSettings":  [

                                                                                                 ],
                                                                               "options":  [

                                                                                           ],
                                                                               "entityKey":  "settingsBlockAppsPage",
                                                                               "booleanActions":  3,
                                                                               "defaultValue":  false,
                                                                               "policyType":  79,
                                                                               "enabled":  true
                                                                           },
                                                                           {
                                                                               "dataType":  0,
                                                                               "category":  26,
                                                                               "nameResourceKey":  "accountsPageName",
                                                                               "descriptionResourceKey":  "accountsPageDescription",
                                                                               "childSettings":  [

                                                                                                 ],
                                                                               "options":  [

                                                                                           ],
                                                                               "entityKey":  "settingsBlockAccountsPage",
                                                                               "booleanActions":  3,
                                                                               "defaultValue":  false,
                                                                               "policyType":  79,
                                                                               "enabled":  true
                                                                           },
                                                                           {
                                                                               "dataType":  0,
                                                                               "category":  26,
                                                                               "nameResourceKey":  "timeAndLanguagePageName",
                                                                               "descriptionResourceKey":  "timeAndLanguagePageDescription",
                                                                               "childSettings":  [
                                                                                                     {
                                                                                                         "dataType":  0,
                                                                                                         "category":  26,
                                                                                                         "nameResourceKey":  "settingsBlockChangeSystemTimeName",
                                                                                                         "descriptionResourceKey":  "settingsBlockChangeSystemTimeDesc",
                                                                                                         "childSettings":  [

                                                                                                                           ],
                                                                                                         "options":  [

                                                                                                                     ],
                                                                                                         "entityKey":  "settingsBlockChangeSystemTime",
                                                                                                         "booleanActions":  3,
                                                                                                         "defaultValue":  false,
                                                                                                         "policyType":  79,
                                                                                                         "enabled":  true
                                                                                                     },
                                                                                                     {
                                                                                                         "dataType":  0,
                                                                                                         "category":  26,
                                                                                                         "nameResourceKey":  "settingsBlockChangeRegionName",
                                                                                                         "descriptionResourceKey":  "settingsBlockChangeRegionDesc",
                                                                                                         "childSettings":  [

                                                                                                                           ],
                                                                                                         "options":  [

                                                                                                                     ],
                                                                                                         "entityKey":  "settingsBlockChangeRegion",
                                                                                                         "booleanActions":  3,
                                                                                                         "defaultValue":  false,
                                                                                                         "policyType":  79,
                                                                                                         "enabled":  true
                                                                                                     },
                                                                                                     {
                                                                                                         "dataType":  0,
                                                                                                         "category":  26,
                                                                                                         "nameResourceKey":  "settingsBlockChangeLanguageName",
                                                                                                         "descriptionResourceKey":  "settingsBlockChangeLanguageDesc",
                                                                                                         "childSettings":  [

                                                                                                                           ],
                                                                                                         "options":  [

                                                                                                                     ],
                                                                                                         "entityKey":  "settingsBlockChangeLanguage",
                                                                                                         "booleanActions":  3,
                                                                                                         "defaultValue":  false,
                                                                                                         "policyType":  79,
                                                                                                         "enabled":  true
                                                                                                     }
                                                                                                 ],
                                                                               "options":  [

                                                                                           ],
                                                                               "entityKey":  "settingsBlockTimeLanguagePage",
                                                                               "booleanActions":  3,
                                                                               "defaultValue":  false,
                                                                               "policyType":  79,
                                                                               "enabled":  true
                                                                           },
                                                                           {
                                                                               "dataType":  0,
                                                                               "category":  26,
                                                                               "nameResourceKey":  "gamingPageName",
                                                                               "descriptionResourceKey":  "gamingPageDescription",
                                                                               "childSettings":  [

                                                                                                 ],
                                                                               "options":  [

                                                                                           ],
                                                                               "entityKey":  "settingsBlockGamingPage",
                                                                               "booleanActions":  3,
                                                                               "defaultValue":  false,
                                                                               "policyType":  79,
                                                                               "enabled":  true
                                                                           },
                                                                           {
                                                                               "dataType":  0,
                                                                               "category":  26,
                                                                               "nameResourceKey":  "easeOfAccessPageName",
                                                                               "descriptionResourceKey":  "easeOfAccessPageDescription",
                                                                               "childSettings":  [

                                                                                                 ],
                                                                               "options":  [

                                                                                           ],
                                                                               "entityKey":  "settingsBlockEaseOfAccessPage",
                                                                               "booleanActions":  3,
                                                                               "defaultValue":  false,
                                                                               "policyType":  79,
                                                                               "enabled":  true
                                                                           },
                                                                           {
                                                                               "dataType":  0,
                                                                               "category":  26,
                                                                               "nameResourceKey":  "privacyPageName",
                                                                               "descriptionResourceKey":  "privacyPageDescription",
                                                                               "childSettings":  [

                                                                                                 ],
                                                                               "options":  [

                                                                                           ],
                                                                               "entityKey":  "settingsBlockPrivacyPage",
                                                                               "booleanActions":  3,
                                                                               "defaultValue":  false,
                                                                               "policyType":  79,
                                                                               "enabled":  true
                                                                           },
                                                                           {
                                                                               "dataType":  0,
                                                                               "category":  26,
                                                                               "nameResourceKey":  "updateAndSecurityPageName",
                                                                               "descriptionResourceKey":  "updateAndSecurityPageDescription",
                                                                               "childSettings":  [

                                                                                                 ],
                                                                               "options":  [

                                                                                           ],
                                                                               "entityKey":  "settingsBlockUpdateSecurityPage",
                                                                               "booleanActions":  3,
                                                                               "defaultValue":  false,
                                                                               "policyType":  79,
                                                                               "enabled":  true
                                                                           }
                                                                       ],
                                                     "options":  [

                                                                 ],
                                                     "entityKey":  "settingsBlockSettingsApp",
                                                     "booleanActions":  3,
                                                     "defaultValue":  false,
                                                     "policyType":  79,
                                                     "enabled":  true
                                                 }
}
