﻿{
    "customconfiguration_ioscustom":  [
                                          {
                                              "dataType":  20,
                                              "category":  28,
                                              "nameResourceKey":  "customPolicyConfigurationProfileName",
                                              "descriptionResourceKey":  "customPolicyConfigurationProfileDescription",
                                              "childSettings":  [

                                                                ],
                                              "options":  [

                                                          ],
                                              "entityKey":  "payloadName",
                                              "booleanActions":  0,
                                              "defaultValue":  "",
                                              "policyType":  41,
                                              "enabled":  true
                                          },
                                          {
                                              "dataEntityKey":  "payload",
                                              "filenameEntityKey":  "payloadFileName",
                                              "dataType":  2,
                                              "category":  28,
                                              "nameResourceKey":  "customPolicyConfigurationProfileFileName",
                                              "descriptionResourceKey":  "empty",
                                              "childSettings":  [

                                                                ],
                                              "options":  [

                                                          ],
                                              "entityKey":  "payload",
                                              "booleanActions":  0,
                                              "policyType":  41,
                                              "enabled":  true
                                          }
                                      ]
}
