﻿{
    "custompreferences_maccustompreferences":  [
                                                   {
                                                       "dataType":  20,
                                                       "category":  30,
                                                       "nameResourceKey":  "customAppConfigurationDomainName",
                                                       "descriptionResourceKey":  "customAppConfigurationDomainDescription",
                                                       "emptyValueResourceKey":  "customAppConfigurationDomainEmptyValue",
                                                       "childSettings":  [

                                                                         ],
                                                       "options":  [

                                                                   ],
                                                       "entityKey":  "bundleId",
                                                       "booleanActions":  0,
                                                       "policyType":  57,
                                                       "enabled":  true
                                                   },
                                                   {
                                                       "dataEntityKey":  "configurationXml",
                                                       "filenameEntityKey":  "fileName",
                                                       "dataType":  2,
                                                       "category":  30,
                                                       "nameResourceKey":  "customAppConfigurationFileName",
                                                       "childSettings":  [

                                                                         ],
                                                       "options":  [

                                                                   ],
                                                       "entityKey":  "configurationXml",
                                                       "booleanActions":  0,
                                                       "policyType":  57,
                                                       "enabled":  true
                                                   }
                                               ]
}
