﻿{
    "devicerestrictions_windows10general":  [
                                                {
                                                    "dataType":  0,
                                                    "category":  44,
                                                    "nameResourceKey":  "winMobileBlockScreenshotName",
                                                    "descriptionResourceKey":  "blockScreenshotDescription",
                                                    "childSettings":  [

                                                                      ],
                                                    "options":  [

                                                                ],
                                                    "entityKey":  "screenCaptureBlocked",
                                                    "booleanActions":  3,
                                                    "defaultValue":  false,
                                                    "policyType":  79,
                                                    "enabled":  true
                                                },
                                                {
                                                    "dataType":  0,
                                                    "category":  44,
                                                    "nameResourceKey":  "winMobileAllowCopyAndPasteName",
                                                    "descriptionResourceKey":  "empty",
                                                    "childSettings":  [

                                                                      ],
                                                    "options":  [

                                                                ],
                                                    "entityKey":  "copyPasteBlocked",
                                                    "booleanActions":  3,
                                                    "defaultValue":  false,
                                                    "policyType":  79,
                                                    "enabled":  true
                                                },
                                                {
                                                    "dataType":  0,
                                                    "category":  44,
                                                    "nameResourceKey":  "blockManualUnenrollmentName",
                                                    "descriptionResourceKey":  "blockManualUnenrollmentDescription",
                                                    "childSettings":  [

                                                                      ],
                                                    "options":  [

                                                                ],
                                                    "entityKey":  "deviceManagementBlockManualUnenroll",
                                                    "booleanActions":  3,
                                                    "defaultValue":  false,
                                                    "policyType":  79,
                                                    "enabled":  true
                                                },
                                                {
                                                    "dataType":  0,
                                                    "category":  44,
                                                    "nameResourceKey":  "blockManualRootCertificateInstallationName",
                                                    "descriptionResourceKey":  "blockManualRootCertificateInstallationDescription",
                                                    "childSettings":  [

                                                                      ],
                                                    "options":  [

                                                                ],
                                                    "entityKey":  "certificatesBlockManualRootCertificateInstallation",
                                                    "booleanActions":  3,
                                                    "defaultValue":  false,
                                                    "policyType":  79,
                                                    "enabled":  true
                                                },
                                                {
                                                    "dataType":  0,
                                                    "category":  44,
                                                    "nameResourceKey":  "blockCameraName",
                                                    "descriptionResourceKey":  "blockCameraDescription",
                                                    "childSettings":  [

                                                                      ],
                                                    "options":  [

                                                                ],
                                                    "entityKey":  "cameraBlocked",
                                                    "booleanActions":  3,
                                                    "defaultValue":  false,
                                                    "policyType":  79,
                                                    "enabled":  true
                                                },
                                                {
                                                    "dataType":  0,
                                                    "category":  44,
                                                    "nameResourceKey":  "blockOneDriveFileSyncName",
                                                    "descriptionResourceKey":  "blockOneDriveFileSyncDescription",
                                                    "childSettings":  [

                                                                      ],
                                                    "options":  [

                                                                ],
                                                    "entityKey":  "oneDriveDisableFileSync",
                                                    "booleanActions":  3,
                                                    "defaultValue":  false,
                                                    "policyType":  79,
                                                    "enabled":  true
                                                },
                                                {
                                                    "dataType":  0,
                                                    "category":  44,
                                                    "nameResourceKey":  "blockRemovableStorageName",
                                                    "descriptionResourceKey":  "blockRemovableStorageDescription",
                                                    "childSettings":  [

                                                                      ],
                                                    "options":  [

                                                                ],
                                                    "entityKey":  "storageBlockRemovableStorage",
                                                    "booleanActions":  3,
                                                    "defaultValue":  false,
                                                    "policyType":  79,
                                                    "enabled":  true
                                                },
                                                {
                                                    "dataType":  0,
                                                    "category":  44,
                                                    "nameResourceKey":  "blockGeolocationName",
                                                    "descriptionResourceKey":  "blockGeolocationDescription",
                                                    "childSettings":  [

                                                                      ],
                                                    "options":  [

                                                                ],
                                                    "entityKey":  "locationServicesBlocked",
                                                    "booleanActions":  3,
                                                    "defaultValue":  false,
                                                    "policyType":  79,
                                                    "enabled":  true
                                                },
                                                {
                                                    "dataType":  0,
                                                    "category":  44,
                                                    "nameResourceKey":  "blockInternetSharingName",
                                                    "descriptionResourceKey":  "blockInternetSharingDescription",
                                                    "childSettings":  [

                                                                      ],
                                                    "options":  [

                                                                ],
                                                    "entityKey":  "internetSharingBlocked",
                                                    "booleanActions":  3,
                                                    "defaultValue":  false,
                                                    "policyType":  79,
                                                    "enabled":  true
                                                },
                                                {
                                                    "dataType":  0,
                                                    "category":  44,
                                                    "nameResourceKey":  "blockPhoneResetName",
                                                    "descriptionResourceKey":  "blockPhoneResetDescription",
                                                    "childSettings":  [

                                                                      ],
                                                    "options":  [

                                                                ],
                                                    "entityKey":  "deviceManagementBlockFactoryResetOnMobile",
                                                    "booleanActions":  3,
                                                    "defaultValue":  false,
                                                    "policyType":  79,
                                                    "enabled":  true
                                                },
                                                {
                                                    "dataType":  0,
                                                    "category":  44,
                                                    "nameResourceKey":  "blockUSBConnectionName",
                                                    "descriptionResourceKey":  "blockUSBConnectionDescription",
                                                    "childSettings":  [

                                                                      ],
                                                    "options":  [

                                                                ],
                                                    "entityKey":  "usbBlocked",
                                                    "booleanActions":  3,
                                                    "defaultValue":  false,
                                                    "policyType":  79,
                                                    "enabled":  true
                                                },
                                                {
                                                    "dataType":  0,
                                                    "category":  44,
                                                    "nameResourceKey":  "blockAntiTheftModeName",
                                                    "descriptionResourceKey":  "blockAntiTheftModeDescription",
                                                    "childSettings":  [

                                                                      ],
                                                    "options":  [

                                                                ],
                                                    "entityKey":  "antiTheftModeBlocked",
                                                    "booleanActions":  3,
                                                    "defaultValue":  false,
                                                    "policyType":  79,
                                                    "enabled":  true
                                                },
                                                {
                                                    "dataType":  0,
                                                    "category":  44,
                                                    "nameResourceKey":  "winMobileCortanaName",
                                                    "descriptionResourceKey":  "empty",
                                                    "childSettings":  [

                                                                      ],
                                                    "options":  [

                                                                ],
                                                    "entityKey":  "cortanaBlocked",
                                                    "booleanActions":  3,
                                                    "defaultValue":  false,
                                                    "policyType":  79,
                                                    "enabled":  true
                                                },
                                                {
                                                    "dataType":  0,
                                                    "category":  44,
                                                    "nameResourceKey":  "winMobileAllowVoiceRecordingName",
                                                    "descriptionResourceKey":  "WinMobileAllowVoiceRecordingDescription",
                                                    "childSettings":  [

                                                                      ],
                                                    "options":  [

                                                                ],
                                                    "entityKey":  "voiceRecordingBlocked",
                                                    "booleanActions":  3,
                                                    "defaultValue":  false,
                                                    "policyType":  79,
                                                    "enabled":  true
                                                },
                                                {
                                                    "dataType":  0,
                                                    "category":  44,
                                                    "nameResourceKey":  "settingsBlockEditDeviceName",
                                                    "descriptionResourceKey":  "settingsBlockEditDeviceNameDesc",
                                                    "childSettings":  [

                                                                      ],
                                                    "options":  [

                                                                ],
                                                    "entityKey":  "settingsBlockEditDeviceName",
                                                    "booleanActions":  3,
                                                    "defaultValue":  false,
                                                    "policyType":  79,
                                                    "enabled":  true
                                                },
                                                {
                                                    "dataType":  0,
                                                    "category":  44,
                                                    "nameResourceKey":  "settingsBlockAddProvisioningPackageName",
                                                    "descriptionResourceKey":  "settingsBlockAddProvisioningPackageDesc",
                                                    "childSettings":  [

                                                                      ],
                                                    "options":  [

                                                                ],
                                                    "entityKey":  "settingsBlockAddProvisioningPackage",
                                                    "booleanActions":  3,
                                                    "defaultValue":  false,
                                                    "policyType":  79,
                                                    "enabled":  true
                                                },
                                                {
                                                    "dataType":  0,
                                                    "category":  44,
                                                    "nameResourceKey":  "settingsBlockRemoveProvisioningPackageName",
                                                    "descriptionResourceKey":  "settingsBlockRemoveProvisioningPackageDesc",
                                                    "childSettings":  [

                                                                      ],
                                                    "options":  [

                                                                ],
                                                    "entityKey":  "settingsBlockRemoveProvisioningPackage",
                                                    "booleanActions":  3,
                                                    "defaultValue":  false,
                                                    "policyType":  79,
                                                    "enabled":  true
                                                },
                                                {
                                                    "dataType":  0,
                                                    "category":  44,
                                                    "nameResourceKey":  "blockDeviceDiscoveryName",
                                                    "descriptionResourceKey":  "blockDeviceDiscoveryDescription",
                                                    "childSettings":  [

                                                                      ],
                                                    "options":  [

                                                                ],
                                                    "entityKey":  "experienceBlockDeviceDiscovery",
                                                    "booleanActions":  3,
                                                    "defaultValue":  false,
                                                    "policyType":  79,
                                                    "enabled":  true
                                                },
                                                {
                                                    "dataType":  0,
                                                    "category":  44,
                                                    "nameResourceKey":  "blockTaskSwitcherName",
                                                    "descriptionResourceKey":  "blockTaskSwitcherDescription",
                                                    "childSettings":  [

                                                                      ],
                                                    "options":  [

                                                                ],
                                                    "entityKey":  "experienceBlockTaskSwitcher",
                                                    "booleanActions":  3,
                                                    "defaultValue":  false,
                                                    "policyType":  79,
                                                    "enabled":  true
                                                },
                                                {
                                                    "dataType":  0,
                                                    "category":  44,
                                                    "nameResourceKey":  "blockSIMCardErrorDialogName",
                                                    "descriptionResourceKey":  "blockSIMCardErrorDialogDescription",
                                                    "childSettings":  [

                                                                      ],
                                                    "options":  [

                                                                ],
                                                    "entityKey":  "experienceBlockErrorDialogWhenNoSIM",
                                                    "booleanActions":  3,
                                                    "defaultValue":  false,
                                                    "policyType":  79,
                                                    "enabled":  true
                                                },
                                                {
                                                    "dataType":  16,
                                                    "category":  44,
                                                    "nameResourceKey":  "inkWorkspaceAccessName",
                                                    "descriptionResourceKey":  "inkWorkspaceAccessDescription",
                                                    "childSettings":  [

                                                                      ],
                                                    "options":  [
                                                                    {
                                                                        "nameResourceKey":  "NotConfigured",
                                                                        "value":  "notConfigured",
                                                                        "enabled":  true
                                                                    },
                                                                    {
                                                                        "nameResourceKey":  "inkWorkspaceEnabledOption",
                                                                        "value":  "enabled",
                                                                        "enabled":  true
                                                                    },
                                                                    {
                                                                        "nameResourceKey":  "inkWorkspaceDisabledOption",
                                                                        "value":  "disabled",
                                                                        "enabled":  true
                                                                    }
                                                                ],
                                                    "entityKey":  "inkWorkspaceAccess",
                                                    "booleanActions":  0,
                                                    "defaultValue":  "notConfigured",
                                                    "unconfiguredValue":  "notConfigured",
                                                    "policyType":  79,
                                                    "enabled":  true
                                                },
                                                {
                                                    "dataType":  0,
                                                    "category":  44,
                                                    "nameResourceKey":  "allowAutomaticRedeploymentName",
                                                    "descriptionResourceKey":  "allowAutomaticRedeploymentDescription",
                                                    "childSettings":  [

                                                                      ],
                                                    "options":  [

                                                                ],
                                                    "entityKey":  "enableAutomaticRedeployment",
                                                    "booleanActions":  0,
                                                    "defaultValue":  false,
                                                    "policyType":  79,
                                                    "enabled":  true
                                                },
                                                {
                                                    "dataType":  0,
                                                    "category":  44,
                                                    "nameResourceKey":  "lockdownTenantRequireNetworkDuringOutOfBoxExperienceName",
                                                    "descriptionResourceKey":  "lockdownTenantRequireNetworkDuringOutOfBoxExperienceDescription",
                                                    "childSettings":  [

                                                                      ],
                                                    "options":  [

                                                                ],
                                                    "entityKey":  "tenantLockdownRequireNetworkDuringOutOfBoxExperience",
                                                    "booleanActions":  1,
                                                    "defaultValue":  false,
                                                    "policyType":  79,
                                                    "enabled":  true
                                                },
                                                {
                                                    "dataType":  16,
                                                    "category":  44,
                                                    "nameResourceKey":  "dataProtectionBlockDirectMemoryAccessName",
                                                    "descriptionResourceKey":  "dataProtectionBlockDirectMemoryAccessDescription",
                                                    "childSettings":  [

                                                                      ],
                                                    "options":  [
                                                                    {
                                                                        "nameResourceKey":  "NotConfigured",
                                                                        "enabled":  true
                                                                    },
                                                                    {
                                                                        "nameResourceKey":  "enabledOption",
                                                                        "value":  false,
                                                                        "enabled":  true
                                                                    },
                                                                    {
                                                                        "nameResourceKey":  "blockOption",
                                                                        "value":  true,
                                                                        "enabled":  true
                                                                    }
                                                                ],
                                                    "entityKey":  "dataProtectionBlockDirectMemoryAccess",
                                                    "booleanActions":  0,
                                                    "policyType":  79,
                                                    "enabled":  true
                                                },
                                                {
                                                    "dataType":  0,
                                                    "category":  44,
                                                    "nameResourceKey":  "taskManagerBlockEndTaskName",
                                                    "descriptionResourceKey":  "taskManagerBlockEndTaskDescription",
                                                    "childSettings":  [

                                                                      ],
                                                    "options":  [

                                                                ],
                                                    "entityKey":  "taskManagerBlockEndTask",
                                                    "booleanActions":  3,
                                                    "defaultValue":  false,
                                                    "unconfiguredValue":  false,
                                                    "policyType":  79,
                                                    "enabled":  true
                                                }
                                            ]
}
