﻿{
    "devicerestrictions_windows8general":  [
                                               {
                                                   "dataType":  0,
                                                   "category":  44,
                                                   "nameResourceKey":  "blockDiagnosticDataSubmissionName",
                                                   "descriptionResourceKey":  "blockDiagnosticDataSubmissionDescription",
                                                   "childSettings":  [

                                                                     ],
                                                   "options":  [

                                                               ],
                                                   "entityKey":  "diagnosticsBlockDataSubmission",
                                                   "booleanActions":  3,
                                                   "defaultValue":  false,
                                                   "policyType":  92,
                                                   "enabled":  true
                                               },
                                               {
                                                   "dataType":  0,
                                                   "category":  44,
                                                   "nameResourceKey":  "firewallRequiredName",
                                                   "descriptionResourceKey":  "firewallRequiredDescription",
                                                   "childSettings":  [

                                                                     ],
                                                   "options":  [

                                                               ],
                                                   "entityKey":  "browserRequireFirewall",
                                                   "booleanActions":  1,
                                                   "policyType":  92,
                                                   "enabled":  true
                                               },
                                               {
                                                   "dataType":  16,
                                                   "category":  44,
                                                   "nameResourceKey":  "userAccountControlName",
                                                   "descriptionResourceKey":  "userAccountControlDescription",
                                                   "childSettings":  [

                                                                     ],
                                                   "options":  [
                                                                   {
                                                                       "nameResourceKey":  "notConfigured",
                                                                       "value":  "userDefined",
                                                                       "enabled":  true
                                                                   },
                                                                   {
                                                                       "nameResourceKey":  "alwaysNotifyOption",
                                                                       "value":  "alwaysNotify",
                                                                       "enabled":  true
                                                                   },
                                                                   {
                                                                       "nameResourceKey":  "notifyAppChangesOption",
                                                                       "value":  "notifyOnAppChanges",
                                                                       "enabled":  true
                                                                   },
                                                                   {
                                                                       "nameResourceKey":  "notifyAppChangesDoNotDimOption",
                                                                       "value":  "notifyOnAppChangesWithoutDimming",
                                                                       "enabled":  true
                                                                   },
                                                                   {
                                                                       "nameResourceKey":  "neverNotifyOption",
                                                                       "value":  "neverNotify",
                                                                       "enabled":  true
                                                                   }
                                                               ],
                                                   "entityKey":  "userAccountControlSettings",
                                                   "booleanActions":  0,
                                                   "defaultValue":  "userDefined",
                                                   "unconfiguredValue":  "userDefined",
                                                   "policyType":  92,
                                                   "enabled":  true
                                               }
                                           ]
}
