﻿{
    "devicerestrictions_macgeneral":  [
                                          {
                                              "isSettingDescription":  false,
                                              "showAsSectionHeader":  true,
                                              "dataType":  8,
                                              "category":  44,
                                              "nameResourceKey":  "allEnrollmentTypesHeaderNameMac",
                                              "descriptionResourceKey":  "allEnrollmentTypesHeaderDescriptionMac",
                                              "childSettings":  [
                                                                    {
                                                                        "dataType":  0,
                                                                        "category":  44,
                                                                        "nameResourceKey":  "blockDefinitionLookupNameMacOS",
                                                                        "descriptionResourceKey":  "blockDefinitionLookupDescriptionMacOS",
                                                                        "childSettings":  [

                                                                                          ],
                                                                        "options":  [

                                                                                    ],
                                                                        "entityKey":  "definitionLookupBlocked",
                                                                        "booleanActions":  9,
                                                                        "defaultValue":  false,
                                                                        "policyType":  61,
                                                                        "enabled":  true
                                                                    },
                                                                    {
                                                                        "dataType":  0,
                                                                        "category":  44,
                                                                        "nameResourceKey":  "keyboardBlockDictationNameMacOS",
                                                                        "descriptionResourceKey":  "keyboardBlockDictationDescriptionMacOS",
                                                                        "childSettings":  [

                                                                                          ],
                                                                        "options":  [

                                                                                    ],
                                                                        "entityKey":  "keyboardBlockDictation",
                                                                        "booleanActions":  9,
                                                                        "defaultValue":  false,
                                                                        "policyType":  61,
                                                                        "enabled":  true
                                                                    },
                                                                    {
                                                                        "dataType":  0,
                                                                        "category":  44,
                                                                        "nameResourceKey":  "blockContentCachingName",
                                                                        "childSettings":  [

                                                                                          ],
                                                                        "options":  [

                                                                                    ],
                                                                        "entityKey":  "contentCachingBlocked",
                                                                        "booleanActions":  9,
                                                                        "defaultValue":  false,
                                                                        "policyType":  61,
                                                                        "enabled":  true
                                                                    },
                                                                    {
                                                                        "dataType":  0,
                                                                        "category":  44,
                                                                        "nameResourceKey":  "macBlockScreenshotName",
                                                                        "childSettings":  [

                                                                                          ],
                                                                        "options":  [

                                                                                    ],
                                                                        "entityKey":  "screenCaptureBlocked",
                                                                        "booleanActions":  9,
                                                                        "defaultValue":  false,
                                                                        "policyType":  61,
                                                                        "enabled":  true
                                                                    }
                                                                ],
                                              "options":  [

                                                          ],
                                              "booleanActions":  0,
                                              "policyType":  61,
                                              "enabled":  true
                                          },
                                          {
                                              "isSettingDescription":  false,
                                              "showAsSectionHeader":  true,
                                              "dataType":  8,
                                              "category":  44,
                                              "nameResourceKey":  "userApprovedAndAutomatedDeviceEnrollmentHeaderNameMac",
                                              "descriptionResourceKey":  "userApprovedAndAutomatedDeviceEnrollmentHeaderDescriptionMac",
                                              "childSettings":  [
                                                                    {
                                                                        "dataType":  16,
                                                                        "category":  44,
                                                                        "nameResourceKey":  "updateDelayPolicyName",
                                                                        "descriptionResourceKey":  "updateDelayPolicyDescription",
                                                                        "childSettings":  [

                                                                                          ],
                                                                        "options":  [
                                                                                        {
                                                                                            "nameResourceKey":  "notConfigured",
                                                                                            "value":  "none",
                                                                                            "enabled":  true
                                                                                        },
                                                                                        {
                                                                                            "nameResourceKey":  "delayMajorOSUpdateVisibilityOption",
                                                                                            "value":  "delayMajorOsUpdateVisibility",
                                                                                            "children":  [
                                                                                                             {
                                                                                                                 "dataType":  14,
                                                                                                                 "category":  44,
                                                                                                                 "nameResourceKey":  "enforcedSoftwareUpdateDelayName",
                                                                                                                 "descriptionResourceKey":  "enforcedSoftwareUpdateDelayDescription",
                                                                                                                 "emptyValueResourceKey":  "enforcedSoftwareUpdateDelayEmptyValue",
                                                                                                                 "childSettings":  [

                                                                                                                                   ],
                                                                                                                 "options":  [

                                                                                                                             ],
                                                                                                                 "entityKey":  "softwareUpdatesEnforcedDelayInDays",
                                                                                                                 "booleanActions":  0,
                                                                                                                 "policyType":  61,
                                                                                                                 "enabled":  true
                                                                                                             },
                                                                                                             {
                                                                                                                 "dataType":  14,
                                                                                                                 "category":  44,
                                                                                                                 "nameResourceKey":  "softwareUpdateMajorOSDeferredInstallDelayName",
                                                                                                                 "descriptionResourceKey":  "softwareUpdateMajorOSDeferredInstallDelayDescription",
                                                                                                                 "emptyValueResourceKey":  "enforcedSoftwareUpdateDelayEmptyValue",
                                                                                                                 "childSettings":  [

                                                                                                                                   ],
                                                                                                                 "options":  [

                                                                                                                             ],
                                                                                                                 "entityKey":  "softwareUpdateMajorOSDeferredInstallDelayInDays",
                                                                                                                 "booleanActions":  0,
                                                                                                                 "policyType":  61,
                                                                                                                 "enabled":  true
                                                                                                             }
                                                                                                         ],
                                                                                            "enabled":  true
                                                                                        },
                                                                                        {
                                                                                            "nameResourceKey":  "delayMinorOSUpdateVisibilityOption",
                                                                                            "value":  "delayOSUpdateVisibility",
                                                                                            "children":  [
                                                                                                             {
                                                                                                                 "dataType":  14,
                                                                                                                 "category":  44,
                                                                                                                 "nameResourceKey":  "enforcedSoftwareUpdateDelayName",
                                                                                                                 "descriptionResourceKey":  "enforcedSoftwareUpdateDelayDescription",
                                                                                                                 "emptyValueResourceKey":  "enforcedSoftwareUpdateDelayEmptyValue",
                                                                                                                 "childSettings":  [

                                                                                                                                   ],
                                                                                                                 "options":  [

                                                                                                                             ],
                                                                                                                 "entityKey":  "softwareUpdatesEnforcedDelayInDays",
                                                                                                                 "booleanActions":  0,
                                                                                                                 "policyType":  61,
                                                                                                                 "enabled":  true
                                                                                                             },
                                                                                                             {
                                                                                                                 "dataType":  14,
                                                                                                                 "category":  44,
                                                                                                                 "nameResourceKey":  "softwareUpdateMinorOSDeferredInstallDelayName",
                                                                                                                 "descriptionResourceKey":  "softwareUpdateMinorOSDeferredInstallDelayDescription",
                                                                                                                 "emptyValueResourceKey":  "enforcedSoftwareUpdateDelayEmptyValue",
                                                                                                                 "childSettings":  [

                                                                                                                                   ],
                                                                                                                 "options":  [

                                                                                                                             ],
                                                                                                                 "entityKey":  "softwareUpdateMinorOSDeferredInstallDelayInDays",
                                                                                                                 "booleanActions":  0,
                                                                                                                 "policyType":  61,
                                                                                                                 "enabled":  true
                                                                                                             }
                                                                                                         ],
                                                                                            "enabled":  true
                                                                                        },
                                                                                        {
                                                                                            "nameResourceKey":  "delayAppUpdateVisibilityOption",
                                                                                            "value":  "delayAppUpdateVisibility",
                                                                                            "children":  [
                                                                                                             {
                                                                                                                 "dataType":  14,
                                                                                                                 "category":  44,
                                                                                                                 "nameResourceKey":  "enforcedSoftwareUpdateDelayName",
                                                                                                                 "descriptionResourceKey":  "enforcedSoftwareUpdateDelayDescription",
                                                                                                                 "emptyValueResourceKey":  "enforcedSoftwareUpdateDelayEmptyValue",
                                                                                                                 "childSettings":  [

                                                                                                                                   ],
                                                                                                                 "options":  [

                                                                                                                             ],
                                                                                                                 "entityKey":  "softwareUpdatesEnforcedDelayInDays",
                                                                                                                 "booleanActions":  0,
                                                                                                                 "policyType":  61,
                                                                                                                 "enabled":  true
                                                                                                             },
                                                                                                             {
                                                                                                                 "dataType":  14,
                                                                                                                 "category":  44,
                                                                                                                 "nameResourceKey":  "softwareUpdateNonOSDeferredInstallDelayName",
                                                                                                                 "descriptionResourceKey":  "softwareUpdateNonOSDeferredInstallDelayDescription",
                                                                                                                 "emptyValueResourceKey":  "enforcedSoftwareUpdateDelayEmptyValue",
                                                                                                                 "childSettings":  [

                                                                                                                                   ],
                                                                                                                 "options":  [

                                                                                                                             ],
                                                                                                                 "entityKey":  "softwareUpdateNonOSDeferredInstallDelayInDays",
                                                                                                                 "booleanActions":  0,
                                                                                                                 "policyType":  61,
                                                                                                                 "enabled":  true
                                                                                                             }
                                                                                                         ],
                                                                                            "enabled":  true
                                                                                        },
                                                                                        {
                                                                                            "nameResourceKey":  "delayMajorAndMinorOSUpdateVisibilityOption",
                                                                                            "value":  "delayOSUpdateVisibility,delayMajorOsUpdateVisibility",
                                                                                            "children":  [
                                                                                                             {
                                                                                                                 "dataType":  14,
                                                                                                                 "category":  44,
                                                                                                                 "nameResourceKey":  "enforcedSoftwareUpdateDelayName",
                                                                                                                 "descriptionResourceKey":  "enforcedSoftwareUpdateDelayDescription",
                                                                                                                 "emptyValueResourceKey":  "enforcedSoftwareUpdateDelayEmptyValue",
                                                                                                                 "childSettings":  [

                                                                                                                                   ],
                                                                                                                 "options":  [

                                                                                                                             ],
                                                                                                                 "entityKey":  "softwareUpdatesEnforcedDelayInDays",
                                                                                                                 "booleanActions":  0,
                                                                                                                 "policyType":  61,
                                                                                                                 "enabled":  true
                                                                                                             },
                                                                                                             {
                                                                                                                 "dataType":  14,
                                                                                                                 "category":  44,
                                                                                                                 "nameResourceKey":  "softwareUpdateMajorOSDeferredInstallDelayName",
                                                                                                                 "descriptionResourceKey":  "softwareUpdateMajorOSDeferredInstallDelayDescription",
                                                                                                                 "emptyValueResourceKey":  "enforcedSoftwareUpdateDelayEmptyValue",
                                                                                                                 "childSettings":  [

                                                                                                                                   ],
                                                                                                                 "options":  [

                                                                                                                             ],
                                                                                                                 "entityKey":  "softwareUpdateMajorOSDeferredInstallDelayInDays",
                                                                                                                 "booleanActions":  0,
                                                                                                                 "policyType":  61,
                                                                                                                 "enabled":  true
                                                                                                             },
                                                                                                             {
                                                                                                                 "dataType":  14,
                                                                                                                 "category":  44,
                                                                                                                 "nameResourceKey":  "softwareUpdateMinorOSDeferredInstallDelayName",
                                                                                                                 "descriptionResourceKey":  "softwareUpdateMinorOSDeferredInstallDelayDescription",
                                                                                                                 "emptyValueResourceKey":  "enforcedSoftwareUpdateDelayEmptyValue",
                                                                                                                 "childSettings":  [

                                                                                                                                   ],
                                                                                                                 "options":  [

                                                                                                                             ],
                                                                                                                 "entityKey":  "softwareUpdateMinorOSDeferredInstallDelayInDays",
                                                                                                                 "booleanActions":  0,
                                                                                                                 "policyType":  61,
                                                                                                                 "enabled":  true
                                                                                                             }
                                                                                                         ],
                                                                                            "enabled":  true
                                                                                        },
                                                                                        {
                                                                                            "nameResourceKey":  "delayMajorAndNonOsUpdateVisibilityOption",
                                                                                            "value":  "delayAppUpdateVisibility,delayMajorOsUpdateVisibility",
                                                                                            "children":  [
                                                                                                             {
                                                                                                                 "dataType":  14,
                                                                                                                 "category":  44,
                                                                                                                 "nameResourceKey":  "enforcedSoftwareUpdateDelayName",
                                                                                                                 "descriptionResourceKey":  "enforcedSoftwareUpdateDelayDescription",
                                                                                                                 "emptyValueResourceKey":  "enforcedSoftwareUpdateDelayEmptyValue",
                                                                                                                 "childSettings":  [

                                                                                                                                   ],
                                                                                                                 "options":  [

                                                                                                                             ],
                                                                                                                 "entityKey":  "softwareUpdatesEnforcedDelayInDays",
                                                                                                                 "booleanActions":  0,
                                                                                                                 "policyType":  61,
                                                                                                                 "enabled":  true
                                                                                                             },
                                                                                                             {
                                                                                                                 "dataType":  14,
                                                                                                                 "category":  44,
                                                                                                                 "nameResourceKey":  "softwareUpdateMajorOSDeferredInstallDelayName",
                                                                                                                 "descriptionResourceKey":  "softwareUpdateMajorOSDeferredInstallDelayDescription",
                                                                                                                 "emptyValueResourceKey":  "enforcedSoftwareUpdateDelayEmptyValue",
                                                                                                                 "childSettings":  [

                                                                                                                                   ],
                                                                                                                 "options":  [

                                                                                                                             ],
                                                                                                                 "entityKey":  "softwareUpdateMajorOSDeferredInstallDelayInDays",
                                                                                                                 "booleanActions":  0,
                                                                                                                 "policyType":  61,
                                                                                                                 "enabled":  true
                                                                                                             },
                                                                                                             {
                                                                                                                 "dataType":  14,
                                                                                                                 "category":  44,
                                                                                                                 "nameResourceKey":  "softwareUpdateNonOSDeferredInstallDelayName",
                                                                                                                 "descriptionResourceKey":  "softwareUpdateNonOSDeferredInstallDelayDescription",
                                                                                                                 "emptyValueResourceKey":  "enforcedSoftwareUpdateDelayEmptyValue",
                                                                                                                 "childSettings":  [

                                                                                                                                   ],
                                                                                                                 "options":  [

                                                                                                                             ],
                                                                                                                 "entityKey":  "softwareUpdateNonOSDeferredInstallDelayInDays",
                                                                                                                 "booleanActions":  0,
                                                                                                                 "policyType":  61,
                                                                                                                 "enabled":  true
                                                                                                             }
                                                                                                         ],
                                                                                            "enabled":  true
                                                                                        },
                                                                                        {
                                                                                            "nameResourceKey":  "delayMinorAndNonOSUpdateVisibilityOption",
                                                                                            "value":  "delayOSUpdateVisibility,delayAppUpdateVisibility",
                                                                                            "children":  [
                                                                                                             {
                                                                                                                 "dataType":  14,
                                                                                                                 "category":  44,
                                                                                                                 "nameResourceKey":  "enforcedSoftwareUpdateDelayName",
                                                                                                                 "descriptionResourceKey":  "enforcedSoftwareUpdateDelayDescription",
                                                                                                                 "emptyValueResourceKey":  "enforcedSoftwareUpdateDelayEmptyValue",
                                                                                                                 "childSettings":  [

                                                                                                                                   ],
                                                                                                                 "options":  [

                                                                                                                             ],
                                                                                                                 "entityKey":  "softwareUpdatesEnforcedDelayInDays",
                                                                                                                 "booleanActions":  0,
                                                                                                                 "policyType":  61,
                                                                                                                 "enabled":  true
                                                                                                             },
                                                                                                             {
                                                                                                                 "dataType":  14,
                                                                                                                 "category":  44,
                                                                                                                 "nameResourceKey":  "softwareUpdateMinorOSDeferredInstallDelayName",
                                                                                                                 "descriptionResourceKey":  "softwareUpdateMinorOSDeferredInstallDelayDescription",
                                                                                                                 "emptyValueResourceKey":  "enforcedSoftwareUpdateDelayEmptyValue",
                                                                                                                 "childSettings":  [

                                                                                                                                   ],
                                                                                                                 "options":  [

                                                                                                                             ],
                                                                                                                 "entityKey":  "softwareUpdateMinorOSDeferredInstallDelayInDays",
                                                                                                                 "booleanActions":  0,
                                                                                                                 "policyType":  61,
                                                                                                                 "enabled":  true
                                                                                                             },
                                                                                                             {
                                                                                                                 "dataType":  14,
                                                                                                                 "category":  44,
                                                                                                                 "nameResourceKey":  "softwareUpdateNonOSDeferredInstallDelayName",
                                                                                                                 "descriptionResourceKey":  "softwareUpdateNonOSDeferredInstallDelayDescription",
                                                                                                                 "emptyValueResourceKey":  "enforcedSoftwareUpdateDelayEmptyValue",
                                                                                                                 "childSettings":  [

                                                                                                                                   ],
                                                                                                                 "options":  [

                                                                                                                             ],
                                                                                                                 "entityKey":  "softwareUpdateNonOSDeferredInstallDelayInDays",
                                                                                                                 "booleanActions":  0,
                                                                                                                 "policyType":  61,
                                                                                                                 "enabled":  true
                                                                                                             }
                                                                                                         ],
                                                                                            "enabled":  true
                                                                                        },
                                                                                        {
                                                                                            "nameResourceKey":  "delayAllUpdateVisibilityOption",
                                                                                            "value":  "delayOSUpdateVisibility,delayAppUpdateVisibility,delayMajorOsUpdateVisibility",
                                                                                            "children":  [
                                                                                                             {
                                                                                                                 "dataType":  14,
                                                                                                                 "category":  44,
                                                                                                                 "nameResourceKey":  "enforcedSoftwareUpdateDelayName",
                                                                                                                 "descriptionResourceKey":  "enforcedSoftwareUpdateDelayDescription",
                                                                                                                 "emptyValueResourceKey":  "enforcedSoftwareUpdateDelayEmptyValue",
                                                                                                                 "childSettings":  [

                                                                                                                                   ],
                                                                                                                 "options":  [

                                                                                                                             ],
                                                                                                                 "entityKey":  "softwareUpdatesEnforcedDelayInDays",
                                                                                                                 "booleanActions":  0,
                                                                                                                 "policyType":  61,
                                                                                                                 "enabled":  true
                                                                                                             },
                                                                                                             {
                                                                                                                 "dataType":  14,
                                                                                                                 "category":  44,
                                                                                                                 "nameResourceKey":  "softwareUpdateMajorOSDeferredInstallDelayName",
                                                                                                                 "descriptionResourceKey":  "softwareUpdateMajorOSDeferredInstallDelayDescription",
                                                                                                                 "emptyValueResourceKey":  "enforcedSoftwareUpdateDelayEmptyValue",
                                                                                                                 "childSettings":  [

                                                                                                                                   ],
                                                                                                                 "options":  [

                                                                                                                             ],
                                                                                                                 "entityKey":  "softwareUpdateMajorOSDeferredInstallDelayInDays",
                                                                                                                 "booleanActions":  0,
                                                                                                                 "policyType":  61,
                                                                                                                 "enabled":  true
                                                                                                             },
                                                                                                             {
                                                                                                                 "dataType":  14,
                                                                                                                 "category":  44,
                                                                                                                 "nameResourceKey":  "softwareUpdateMinorOSDeferredInstallDelayName",
                                                                                                                 "descriptionResourceKey":  "softwareUpdateMinorOSDeferredInstallDelayDescription",
                                                                                                                 "emptyValueResourceKey":  "enforcedSoftwareUpdateDelayEmptyValue",
                                                                                                                 "childSettings":  [

                                                                                                                                   ],
                                                                                                                 "options":  [

                                                                                                                             ],
                                                                                                                 "entityKey":  "softwareUpdateMinorOSDeferredInstallDelayInDays",
                                                                                                                 "booleanActions":  0,
                                                                                                                 "policyType":  61,
                                                                                                                 "enabled":  true
                                                                                                             },
                                                                                                             {
                                                                                                                 "dataType":  14,
                                                                                                                 "category":  44,
                                                                                                                 "nameResourceKey":  "softwareUpdateNonOSDeferredInstallDelayName",
                                                                                                                 "descriptionResourceKey":  "softwareUpdateNonOSDeferredInstallDelayDescription",
                                                                                                                 "emptyValueResourceKey":  "enforcedSoftwareUpdateDelayEmptyValue",
                                                                                                                 "childSettings":  [

                                                                                                                                   ],
                                                                                                                 "options":  [

                                                                                                                             ],
                                                                                                                 "entityKey":  "softwareUpdateNonOSDeferredInstallDelayInDays",
                                                                                                                 "booleanActions":  0,
                                                                                                                 "policyType":  61,
                                                                                                                 "enabled":  true
                                                                                                             }
                                                                                                         ],
                                                                                            "enabled":  true
                                                                                        }
                                                                                    ],
                                                                        "entityKey":  "updateDelayPolicy",
                                                                        "booleanActions":  0,
                                                                        "defaultValue":  "none",
                                                                        "policyType":  61,
                                                                        "enabled":  true
                                                                    }
                                                                ],
                                              "options":  [

                                                          ],
                                              "booleanActions":  0,
                                              "policyType":  61,
                                              "enabled":  true
                                          },
                                          {
                                              "isSettingDescription":  false,
                                              "showAsSectionHeader":  true,
                                              "dataType":  8,
                                              "category":  44,
                                              "nameResourceKey":  "automatedDeviceEnrollmentHeaderNameMac",
                                              "descriptionResourceKey":  "automatedDeviceEnrollmentHeaderDescriptionMac",
                                              "childSettings":  [
                                                                    {
                                                                        "dataType":  0,
                                                                        "category":  44,
                                                                        "nameResourceKey":  "macBlockClassroomAppRemoteScreenObservationName",
                                                                        "descriptionResourceKey":  "macBlockClassroomAppRemoteScreenObservationDescription",
                                                                        "childSettings":  [

                                                                                          ],
                                                                        "options":  [

                                                                                    ],
                                                                        "entityKey":  "classroomAppBlockRemoteScreenObservation",
                                                                        "booleanActions":  9,
                                                                        "defaultValue":  false,
                                                                        "policyType":  61,
                                                                        "enabled":  true
                                                                    },
                                                                    {
                                                                        "dataType":  0,
                                                                        "category":  44,
                                                                        "nameResourceKey":  "macClassroomAppForceUnpromptedScreenObservationName",
                                                                        "descriptionResourceKey":  "macClassroomAppForceUnpromptedScreenObservationDescription",
                                                                        "childSettings":  [

                                                                                          ],
                                                                        "options":  [

                                                                                    ],
                                                                        "entityKey":  "classroomAppForceUnpromptedScreenObservation",
                                                                        "booleanActions":  9,
                                                                        "defaultValue":  false,
                                                                        "policyType":  61,
                                                                        "enabled":  true
                                                                    },
                                                                    {
                                                                        "dataType":  0,
                                                                        "category":  44,
                                                                        "nameResourceKey":  "macRequireClassroomRequestPermissionToLeaveClassesName",
                                                                        "descriptionResourceKey":  "macRequireClassroomRequestPermissionToLeaveClassesDescription",
                                                                        "childSettings":  [

                                                                                          ],
                                                                        "options":  [

                                                                                    ],
                                                                        "entityKey":  "classroomForceRequestPermissionToLeaveClasses",
                                                                        "booleanActions":  9,
                                                                        "defaultValue":  false,
                                                                        "policyType":  61,
                                                                        "enabled":  true
                                                                    },
                                                                    {
                                                                        "dataType":  0,
                                                                        "category":  44,
                                                                        "nameResourceKey":  "macForceClassroomUnpromptedAppAndDeviceLockName",
                                                                        "descriptionResourceKey":  "macForceClassroomUnpromptedAppAndDeviceLockDescription",
                                                                        "childSettings":  [

                                                                                          ],
                                                                        "options":  [

                                                                                    ],
                                                                        "entityKey":  "classroomForceUnpromptedAppAndDeviceLock",
                                                                        "booleanActions":  9,
                                                                        "defaultValue":  false,
                                                                        "policyType":  61,
                                                                        "enabled":  true
                                                                    },
                                                                    {
                                                                        "dataType":  0,
                                                                        "category":  44,
                                                                        "nameResourceKey":  "macForceClassroomAutomaticallyJoinClassesName",
                                                                        "descriptionResourceKey":  "macForceClassroomAutomaticallyJoinClassesDescription",
                                                                        "childSettings":  [

                                                                                          ],
                                                                        "options":  [

                                                                                    ],
                                                                        "entityKey":  "classroomForceAutomaticallyJoinClasses",
                                                                        "booleanActions":  9,
                                                                        "defaultValue":  false,
                                                                        "policyType":  61,
                                                                        "enabled":  true
                                                                    },
                                                                    {
                                                                        "dataType":  0,
                                                                        "category":  44,
                                                                        "nameResourceKey":  "wallpaperModificationBlockedMacName",
                                                                        "descriptionResourceKey":  "wallpaperModificationBlockedMacDescription",
                                                                        "childSettings":  [

                                                                                          ],
                                                                        "options":  [

                                                                                    ],
                                                                        "entityKey":  "wallpaperModificationBlocked",
                                                                        "booleanActions":  9,
                                                                        "defaultValue":  false,
                                                                        "policyType":  61,
                                                                        "enabled":  true
                                                                    },
                                                                    {
                                                                        "dataType":  0,
                                                                        "category":  44,
                                                                        "nameResourceKey":  "blockDeviceEraseContentAndSettingsMacOsName",
                                                                        "descriptionResourceKey":  "blockDeviceEraseContentAndSettingsMacOsDescription",
                                                                        "childSettings":  [

                                                                                          ],
                                                                        "options":  [

                                                                                    ],
                                                                        "entityKey":  "eraseContentAndSettingsBlocked",
                                                                        "booleanActions":  9,
                                                                        "defaultValue":  false,
                                                                        "policyType":  61,
                                                                        "enabled":  true
                                                                    }
                                                                ],
                                              "options":  [

                                                          ],
                                              "booleanActions":  0,
                                              "policyType":  61,
                                              "enabled":  true
                                          }
                                      ]
}
