﻿{
    "devicehealth_complianceios":  [
                                       {
                                           "dataType":  0,
                                           "category":  39,
                                           "nameResourceKey":  "complianceJailbreakAllowedName",
                                           "descriptionResourceKey":  "complianceJailbreakAllowedDescription",
                                           "childSettings":  [

                                                             ],
                                           "options":  [

                                                       ],
                                           "entityKey":  "securityBlockJailbrokenDevices",
                                           "booleanActions":  3,
                                           "defaultValue":  false,
                                           "policyType":  33,
                                           "enabled":  true
                                       },
                                       {
                                           "dataType":  16,
                                           "category":  39,
                                           "nameResourceKey":  "complianceDeviceThreatProtectionRequirementName",
                                           "descriptionResourceKey":  "complianceDeviceThreatProtectionRequirementDescription",
                                           "childSettings":  [

                                                             ],
                                           "options":  [
                                                           {
                                                               "nameResourceKey":  "notConfigured",
                                                               "value":  "unavailable",
                                                               "enabled":  true
                                                           },
                                                           {
                                                               "nameResourceKey":  "secured",
                                                               "value":  "secured",
                                                               "enabled":  true
                                                           },
                                                           {
                                                               "nameResourceKey":  "lowOption",
                                                               "value":  "low",
                                                               "enabled":  true
                                                           },
                                                           {
                                                               "nameResourceKey":  "mediumOption",
                                                               "value":  "medium",
                                                               "enabled":  true
                                                           },
                                                           {
                                                               "nameResourceKey":  "highOption",
                                                               "value":  "high",
                                                               "enabled":  true
                                                           }
                                                       ],
                                           "entityKey":  "deviceThreatProtectionRequiredSecurityLevel",
                                           "booleanActions":  0,
                                           "defaultValue":  "unavailable",
                                           "unconfiguredValue":  "unavailable",
                                           "policyType":  33,
                                           "enabled":  true
                                       }
                                   ]
}
