﻿{
    "deviceproperties_compliancewindows8":  {
                                                "isSettingDescription":  false,
                                                "showAsSectionHeader":  false,
                                                "dataType":  8,
                                                "category":  43,
                                                "nameResourceKey":  "complianceOsVersionRestrictionHeader",
                                                "descriptionResourceKey":  "complianceWindowsOsVersionRestrictionHeaderDescription",
                                                "childSettings":  [
                                                                      {
                                                                          "dataType":  20,
                                                                          "category":  43,
                                                                          "nameResourceKey":  "complianceOsVersionRestrictionMinimumName",
                                                                          "descriptionResourceKey":  "complianceWindowsOsVersionRestrictionMinimumDescription",
                                                                          "childSettings":  [

                                                                                            ],
                                                                          "options":  [

                                                                                      ],
                                                                          "entityKey":  "osMinimumVersion",
                                                                          "booleanActions":  0,
                                                                          "policyType":  37,
                                                                          "enabled":  true
                                                                      },
                                                                      {
                                                                          "dataType":  20,
                                                                          "category":  43,
                                                                          "nameResourceKey":  "complianceOsVersionRestrictionMaximumName",
                                                                          "descriptionResourceKey":  "complianceWindowsOsVersionRestrictionMaximumDescription",
                                                                          "childSettings":  [

                                                                                            ],
                                                                          "options":  [

                                                                                      ],
                                                                          "entityKey":  "osMaximumVersion",
                                                                          "booleanActions":  0,
                                                                          "policyType":  37,
                                                                          "enabled":  true
                                                                      },
                                                                      {
                                                                          "dataType":  16,
                                                                          "category":  43,
                                                                          "nameResourceKey":  "minimumUpdateAutoInstallClassificationName",
                                                                          "descriptionResourceKey":  "minimumUpdateAutoInstallClassificationDescription",
                                                                          "childSettings":  [

                                                                                            ],
                                                                          "options":  [
                                                                                          {
                                                                                              "nameResourceKey":  "minimumUpdateAutoInstallClassificationValueNone",
                                                                                              "enabled":  true
                                                                                          },
                                                                                          {
                                                                                              "nameResourceKey":  "minimumUpdateAutoInstallClassificationValueRecommended",
                                                                                              "value":  "RecommendedAndImportant",
                                                                                              "enabled":  true
                                                                                          },
                                                                                          {
                                                                                              "nameResourceKey":  "minimumUpdateAutoInstallClassificationValueImportant",
                                                                                              "value":  "Important",
                                                                                              "enabled":  true
                                                                                          }
                                                                                      ],
                                                                          "entityKey":  "minimumUpdateAutoInstallClassification",
                                                                          "booleanActions":  0,
                                                                          "policyType":  37,
                                                                          "enabled":  false
                                                                      }
                                                                  ],
                                                "options":  [

                                                            ],
                                                "booleanActions":  0,
                                                "policyType":  37,
                                                "enabled":  true
                                            }
}
