﻿{
    "deviceproperties_compliancewindowsphone":  {
                                                    "isSettingDescription":  false,
                                                    "showAsSectionHeader":  false,
                                                    "dataType":  8,
                                                    "category":  43,
                                                    "nameResourceKey":  "complianceOsVersionRestrictionHeader",
                                                    "descriptionResourceKey":  "complianceWindowsOsVersionRestrictionHeaderDescription",
                                                    "childSettings":  [
                                                                          {
                                                                              "dataType":  20,
                                                                              "category":  43,
                                                                              "nameResourceKey":  "complianceMobileOsVersionRestrictionMinimumName",
                                                                              "descriptionResourceKey":  "complianceWindowsMobileOsVersionRestrictionMinimumDescription",
                                                                              "childSettings":  [

                                                                                                ],
                                                                              "options":  [

                                                                                          ],
                                                                              "entityKey":  "osMinimumVersion",
                                                                              "booleanActions":  0,
                                                                              "policyType":  38,
                                                                              "enabled":  true
                                                                          },
                                                                          {
                                                                              "dataType":  20,
                                                                              "category":  43,
                                                                              "nameResourceKey":  "complianceMobileOsVersionRestrictionMaximumName",
                                                                              "descriptionResourceKey":  "complianceWindowsMobileOsVersionRestrictionMaximumDescription",
                                                                              "childSettings":  [

                                                                                                ],
                                                                              "options":  [

                                                                                          ],
                                                                              "entityKey":  "osMaximumVersion",
                                                                              "booleanActions":  0,
                                                                              "policyType":  38,
                                                                              "enabled":  true
                                                                          }
                                                                      ],
                                                    "options":  [

                                                                ],
                                                    "booleanActions":  0,
                                                    "policyType":  38,
                                                    "enabled":  true
                                                }
}
