﻿{
    "devicehealth_compliancemac":  {
                                       "dataType":  0,
                                       "category":  39,
                                       "nameResourceKey":  "complianceSystemIntegrityProtectionName",
                                       "descriptionResourceKey":  "complianceSystemIntegrityProtectionDescription",
                                       "childSettings":  [

                                                         ],
                                       "options":  [

                                                   ],
                                       "entityKey":  "systemIntegrityProtectionEnabled",
                                       "booleanActions":  1,
                                       "defaultValue":  false,
                                       "policyType":  34,
                                       "enabled":  true
                                   }
}
