﻿{
    "devicehealth_complianceandroid":  [
                                           {
                                               "dataType":  0,
                                               "category":  39,
                                               "nameResourceKey":  "complianceBlockDAManagedDevicesName",
                                               "descriptionResourceKey":  "complianceBlockDAManagedDevicesDescription",
                                               "childSettings":  [

                                                                 ],
                                               "options":  [

                                                           ],
                                               "entityKey":  "securityBlockDeviceAdministratorManagedDevices",
                                               "booleanActions":  3,
                                               "defaultValue":  false,
                                               "policyType":  29,
                                               "enabled":  true
                                           },
                                           {
                                               "dataType":  0,
                                               "category":  39,
                                               "nameResourceKey":  "complianceRootedAllowedName",
                                               "descriptionResourceKey":  "complianceRootedAllowedDescription",
                                               "childSettings":  [

                                                                 ],
                                               "options":  [

                                                           ],
                                               "entityKey":  "securityBlockJailbrokenDevices",
                                               "booleanActions":  3,
                                               "defaultValue":  false,
                                               "policyType":  29,
                                               "enabled":  true
                                           },
                                           {
                                               "dataType":  16,
                                               "category":  39,
                                               "nameResourceKey":  "complianceDeviceThreatProtectionRequirementName",
                                               "descriptionResourceKey":  "complianceDeviceThreatProtectionRequirementDescription",
                                               "childSettings":  [

                                                                 ],
                                               "options":  [
                                                               {
                                                                   "nameResourceKey":  "notConfigured",
                                                                   "value":  "unavailable",
                                                                   "enabled":  true
                                                               },
                                                               {
                                                                   "nameResourceKey":  "secured",
                                                                   "value":  "secured",
                                                                   "enabled":  true
                                                               },
                                                               {
                                                                   "nameResourceKey":  "lowOption",
                                                                   "value":  "low",
                                                                   "enabled":  true
                                                               },
                                                               {
                                                                   "nameResourceKey":  "mediumOption",
                                                                   "value":  "medium",
                                                                   "enabled":  true
                                                               },
                                                               {
                                                                   "nameResourceKey":  "highOption",
                                                                   "value":  "high",
                                                                   "enabled":  true
                                                               }
                                                           ],
                                               "entityKey":  "deviceThreatProtectionRequiredSecurityLevel",
                                               "booleanActions":  0,
                                               "defaultValue":  "unavailable",
                                               "unconfiguredValue":  "unavailable",
                                               "policyType":  29,
                                               "enabled":  true
                                           },
                                           {
                                               "isSettingDescription":  false,
                                               "showAsSectionHeader":  false,
                                               "dataType":  8,
                                               "category":  39,
                                               "nameResourceKey":  "googlePlayProtectHeader",
                                               "childSettings":  [
                                                                     {
                                                                         "dataType":  0,
                                                                         "category":  39,
                                                                         "nameResourceKey":  "requireGooglePlayServicesName",
                                                                         "descriptionResourceKey":  "requireGooglePlayServicesDescription",
                                                                         "childSettings":  [

                                                                                           ],
                                                                         "options":  [

                                                                                     ],
                                                                         "entityKey":  "securityRequireGooglePlayServices",
                                                                         "booleanActions":  1,
                                                                         "defaultValue":  false,
                                                                         "policyType":  29,
                                                                         "enabled":  true
                                                                     },
                                                                     {
                                                                         "dataType":  0,
                                                                         "category":  39,
                                                                         "nameResourceKey":  "requireUpToDateSecurityProvidersName",
                                                                         "descriptionResourceKey":  "requireUpToDateSecurityProvidersDescription",
                                                                         "childSettings":  [

                                                                                           ],
                                                                         "options":  [

                                                                                     ],
                                                                         "entityKey":  "securityRequireUpToDateSecurityProviders",
                                                                         "booleanActions":  1,
                                                                         "defaultValue":  false,
                                                                         "policyType":  29,
                                                                         "enabled":  true
                                                                     },
                                                                     {
                                                                         "dataType":  0,
                                                                         "category":  39,
                                                                         "nameResourceKey":  "complianceSecurityEnableThreatScanOnAppsName",
                                                                         "descriptionResourceKey":  "complianceSecurityEnableThreatScanOnAppsDescription",
                                                                         "childSettings":  [

                                                                                           ],
                                                                         "options":  [

                                                                                     ],
                                                                         "entityKey":  "requireAppVerify",
                                                                         "booleanActions":  1,
                                                                         "defaultValue":  false,
                                                                         "policyType":  29,
                                                                         "enabled":  false
                                                                     },
                                                                     {
                                                                         "dataType":  0,
                                                                         "category":  39,
                                                                         "nameResourceKey":  "complianceSecurityEnableThreatScanOnAppsName",
                                                                         "descriptionResourceKey":  "complianceSecurityEnableThreatScanOnAppsDescription",
                                                                         "childSettings":  [

                                                                                           ],
                                                                         "options":  [

                                                                                     ],
                                                                         "entityKey":  "securityRequireVerifyApps",
                                                                         "booleanActions":  1,
                                                                         "defaultValue":  false,
                                                                         "policyType":  29,
                                                                         "enabled":  true
                                                                     },
                                                                     {
                                                                         "dataType":  16,
                                                                         "category":  39,
                                                                         "nameResourceKey":  "safetyNetAttestationOptionsName",
                                                                         "descriptionResourceKey":  "safetyNetAttestationOptionsDescription",
                                                                         "childSettings":  [

                                                                                           ],
                                                                         "options":  [
                                                                                         {
                                                                                             "nameResourceKey":  "notConfigured",
                                                                                             "value":  "notConfigured",
                                                                                             "enabled":  true
                                                                                         },
                                                                                         {
                                                                                             "nameResourceKey":  "androidSafetyNetbasicIntegrity",
                                                                                             "value":  "basicIntegrity",
                                                                                             "enabled":  true
                                                                                         },
                                                                                         {
                                                                                             "nameResourceKey":  "androidSafetyNetBasicIntegrityAndCertified",
                                                                                             "value":  "basicIntegrityAndCertified",
                                                                                             "enabled":  true
                                                                                         }
                                                                                     ],
                                                                         "entityKey":  "androidSafetyNetAttestationOptions",
                                                                         "booleanActions":  0,
                                                                         "defaultValue":  "notConfigured",
                                                                         "unconfiguredValue":  "notConfigured",
                                                                         "policyType":  29,
                                                                         "enabled":  true
                                                                     }
                                                                 ],
                                               "options":  [

                                                           ],
                                               "booleanActions":  0,
                                               "policyType":  29,
                                               "enabled":  true
                                           }
                                       ]
}
