﻿{
    "domainjoin_windowsdomainjoin":  [
                                         {
                                             "dataType":  20,
                                             "category":  142,
                                             "nameResourceKey":  "computerNameStaticPrefixName",
                                             "descriptionResourceKey":  "computerNameStaticPrefixDescription",
                                             "childSettings":  [

                                                               ],
                                             "options":  [

                                                         ],
                                             "entityKey":  "computerNameStaticPrefix",
                                             "booleanActions":  0,
                                             "policyType":  106,
                                             "enabled":  true
                                         },
                                         {
                                             "dataType":  20,
                                             "category":  142,
                                             "nameResourceKey":  "activeDirectoryDomainNameName",
                                             "descriptionResourceKey":  "activeDirectoryDomainNameDescription",
                                             "childSettings":  [

                                                               ],
                                             "options":  [

                                                         ],
                                             "entityKey":  "activeDirectoryDomainName",
                                             "booleanActions":  0,
                                             "policyType":  106,
                                             "enabled":  true
                                         },
                                         {
                                             "dataType":  20,
                                             "category":  142,
                                             "nameResourceKey":  "organizationalUnitName",
                                             "descriptionResourceKey":  "organizationalUnitDescription",
                                             "childSettings":  [

                                                               ],
                                             "options":  [

                                                         ],
                                             "entityKey":  "organizationalUnit",
                                             "booleanActions":  0,
                                             "policyType":  106,
                                             "enabled":  true
                                         }
                                     ]
}
