﻿{
    "emailprofile_windowsphoneemailprofile":  [
                                                  {
                                                      "dataType":  20,
                                                      "category":  58,
                                                      "nameResourceKey":  "exchangeActiveSyncHostName",
                                                      "descriptionResourceKey":  "exchangeActiveSyncHostDescription",
                                                      "emptyValueResourceKey":  "exchangeActiveSyncHostExample",
                                                      "childSettings":  [

                                                                        ],
                                                      "options":  [

                                                                  ],
                                                      "entityKey":  "hostName",
                                                      "booleanActions":  0,
                                                      "policyType":  100,
                                                      "enabled":  true
                                                  },
                                                  {
                                                      "dataType":  20,
                                                      "category":  58,
                                                      "nameResourceKey":  "exchangeActiveSyncAccountName",
                                                      "descriptionResourceKey":  "exchangeActiveSyncAccountDescription",
                                                      "emptyValueResourceKey":  "exchangeActiveSyncAccountExample",
                                                      "childSettings":  [

                                                                        ],
                                                      "options":  [

                                                                  ],
                                                      "entityKey":  "accountName",
                                                      "booleanActions":  0,
                                                      "policyType":  100,
                                                      "enabled":  true
                                                  },
                                                  {
                                                      "dataType":  16,
                                                      "category":  58,
                                                      "nameResourceKey":  "userNameTypeName",
                                                      "descriptionResourceKey":  "userNameTypeDescription",
                                                      "childSettings":  [

                                                                        ],
                                                      "options":  [
                                                                      {
                                                                          "nameResourceKey":  "selectAADAttribute",
                                                                          "enabled":  true
                                                                      },
                                                                      {
                                                                          "nameResourceKey":  "userPrincipalNameOption",
                                                                          "value":  "userPrincipalName",
                                                                          "enabled":  true
                                                                      },
                                                                      {
                                                                          "nameResourceKey":  "primarySMTPAddressOption",
                                                                          "value":  "primarySmtpAddress",
                                                                          "enabled":  true
                                                                      }
                                                                  ],
                                                      "entityKey":  "usernameSource",
                                                      "booleanActions":  0,
                                                      "policyType":  100,
                                                      "enabled":  false
                                                  },
                                                  {
                                                      "dataType":  16,
                                                      "category":  58,
                                                      "nameResourceKey":  "userNameTypeName",
                                                      "descriptionResourceKey":  "userNameTypeDescription",
                                                      "childSettings":  [

                                                                        ],
                                                      "options":  [
                                                                      {
                                                                          "nameResourceKey":  "selectAADAttribute",
                                                                          "enabled":  true
                                                                      },
                                                                      {
                                                                          "nameResourceKey":  "userPrincipalNameOption",
                                                                          "value":  "userPrincipalName",
                                                                          "enabled":  true
                                                                      },
                                                                      {
                                                                          "nameResourceKey":  "primarySMTPAddressOption",
                                                                          "value":  "primarySmtpAddress",
                                                                          "enabled":  true
                                                                      },
                                                                      {
                                                                          "nameResourceKey":  "sAMAccountNameOption",
                                                                          "value":  "samAccountName",
                                                                          "children":  [
                                                                                           {
                                                                                               "dataType":  16,
                                                                                               "category":  58,
                                                                                               "nameResourceKey":  "DomainNameSourceOption",
                                                                                               "descriptionResourceKey":  "userCustomDomainDescription",
                                                                                               "childSettings":  [

                                                                                                                 ],
                                                                                               "options":  [
                                                                                                               {
                                                                                                                   "nameResourceKey":  "DynamicDomainNameOption",
                                                                                                                   "value":  "AAD",
                                                                                                                   "children":  [
                                                                                                                                    {
                                                                                                                                        "dataType":  16,
                                                                                                                                        "category":  58,
                                                                                                                                        "nameResourceKey":  "userDomainAADAttributeName",
                                                                                                                                        "descriptionResourceKey":  "userDomainAADAttributeDescription",
                                                                                                                                        "childSettings":  [

                                                                                                                                                          ],
                                                                                                                                        "options":  [
                                                                                                                                                        {
                                                                                                                                                            "nameResourceKey":  "selectAADAttribute",
                                                                                                                                                            "enabled":  true
                                                                                                                                                        },
                                                                                                                                                        {
                                                                                                                                                            "nameResourceKey":  "fullDomainNameOption",
                                                                                                                                                            "value":  "fullDomainName",
                                                                                                                                                            "enabled":  true
                                                                                                                                                        },
                                                                                                                                                        {
                                                                                                                                                            "nameResourceKey":  "netBiosNameOption",
                                                                                                                                                            "value":  "netBiosDomainName",
                                                                                                                                                            "enabled":  true
                                                                                                                                                        }
                                                                                                                                                    ],
                                                                                                                                        "entityKey":  "userDomainNameSource",
                                                                                                                                        "booleanActions":  0,
                                                                                                                                        "policyType":  100,
                                                                                                                                        "enabled":  true
                                                                                                                                    }
                                                                                                                                ],
                                                                                                                   "enabled":  true
                                                                                                               },
                                                                                                               {
                                                                                                                   "nameResourceKey":  "StaticDomainNameOption",
                                                                                                                   "value":  "CustomDomainName",
                                                                                                                   "children":  [
                                                                                                                                    {
                                                                                                                                        "dataType":  20,
                                                                                                                                        "category":  58,
                                                                                                                                        "nameResourceKey":  "userCustomDomainName",
                                                                                                                                        "descriptionResourceKey":  "userCustomDomainDescription",
                                                                                                                                        "emptyValueResourceKey":  "userCustomDomainNameExample",
                                                                                                                                        "childSettings":  [

                                                                                                                                                          ],
                                                                                                                                        "options":  [

                                                                                                                                                    ],
                                                                                                                                        "entityKey":  "customDomainName",
                                                                                                                                        "booleanActions":  0,
                                                                                                                                        "policyType":  100,
                                                                                                                                        "enabled":  true
                                                                                                                                    }
                                                                                                                                ],
                                                                                                                   "enabled":  true
                                                                                                               }
                                                                                                           ],
                                                                                               "entityKey":  "domainNameSourceType",
                                                                                               "booleanActions":  0,
                                                                                               "policyType":  100,
                                                                                               "enabled":  true
                                                                                           }
                                                                                       ],
                                                                          "enabled":  true
                                                                      }
                                                                  ],
                                                      "entityKey":  "usernameAADSource",
                                                      "booleanActions":  0,
                                                      "policyType":  100,
                                                      "enabled":  true
                                                  },
                                                  {
                                                      "value":  "userPrincipalName",
                                                      "dataType":  9,
                                                      "category":  58,
                                                      "childSettings":  [

                                                                        ],
                                                      "options":  [

                                                                  ],
                                                      "entityKey":  "usernameSource",
                                                      "booleanActions":  0,
                                                      "policyType":  100,
                                                      "enabled":  true
                                                  },
                                                  {
                                                      "dataType":  16,
                                                      "category":  58,
                                                      "nameResourceKey":  "emailAddressTypeName",
                                                      "descriptionResourceKey":  "emailAddressTypeDescription",
                                                      "childSettings":  [

                                                                        ],
                                                      "options":  [
                                                                      {
                                                                          "nameResourceKey":  "selectAADAttribute",
                                                                          "enabled":  true
                                                                      },
                                                                      {
                                                                          "nameResourceKey":  "userPrincipalNameOption",
                                                                          "value":  "userPrincipalName",
                                                                          "enabled":  true
                                                                      },
                                                                      {
                                                                          "nameResourceKey":  "primarySMTPAddressOption",
                                                                          "value":  "primarySmtpAddress",
                                                                          "enabled":  true
                                                                      }
                                                                  ],
                                                      "entityKey":  "emailAddressSource",
                                                      "booleanActions":  0,
                                                      "policyType":  100,
                                                      "enabled":  true
                                                  },
                                                  {
                                                      "isSettingDescription":  false,
                                                      "showAsSectionHeader":  false,
                                                      "dataType":  8,
                                                      "category":  58,
                                                      "nameResourceKey":  "complianceIosEmailProfileSecurityHeader",
                                                      "childSettings":  [

                                                                        ],
                                                      "options":  [

                                                                  ],
                                                      "booleanActions":  0,
                                                      "policyType":  100,
                                                      "enabled":  true
                                                  },
                                                  {
                                                      "dataType":  19,
                                                      "category":  58,
                                                      "nameResourceKey":  "requireSSLName",
                                                      "descriptionResourceKey":  "requireSSLDescription",
                                                      "childSettings":  [

                                                                        ],
                                                      "options":  [
                                                                      {
                                                                          "nameResourceKey":  "enableOption",
                                                                          "value":  true,
                                                                          "enabled":  true
                                                                      },
                                                                      {
                                                                          "nameResourceKey":  "disableOption",
                                                                          "value":  false,
                                                                          "enabled":  true
                                                                      }
                                                                  ],
                                                      "entityKey":  "requireSsl",
                                                      "booleanActions":  0,
                                                      "defaultValue":  true,
                                                      "policyType":  100,
                                                      "enabled":  true
                                                  },
                                                  {
                                                      "isSettingDescription":  false,
                                                      "showAsSectionHeader":  false,
                                                      "dataType":  8,
                                                      "category":  58,
                                                      "nameResourceKey":  "complianceIosEmailProfileSyncOptionsHeader",
                                                      "descriptionResourceKey":  "synchronizeDescription",
                                                      "childSettings":  [

                                                                        ],
                                                      "options":  [

                                                                  ],
                                                      "booleanActions":  0,
                                                      "policyType":  100,
                                                      "enabled":  true
                                                  },
                                                  {
                                                      "dataType":  16,
                                                      "category":  58,
                                                      "nameResourceKey":  "daysOfEmailToSynchronizeName",
                                                      "descriptionResourceKey":  "daysOfEmailToSynchronizeDescription",
                                                      "childSettings":  [

                                                                        ],
                                                      "options":  [
                                                                      {
                                                                          "nameResourceKey":  "notConfigured",
                                                                          "value":  "userDefined",
                                                                          "enabled":  true
                                                                      },
                                                                      {
                                                                          "nameResourceKey":  "oneDayOption",
                                                                          "value":  "oneDay",
                                                                          "enabled":  true
                                                                      },
                                                                      {
                                                                          "nameResourceKey":  "threeDaysOption",
                                                                          "value":  "threeDays",
                                                                          "enabled":  true
                                                                      },
                                                                      {
                                                                          "nameResourceKey":  "oneWeekOption",
                                                                          "value":  "oneWeek",
                                                                          "enabled":  true
                                                                      },
                                                                      {
                                                                          "nameResourceKey":  "twoWeeksOption",
                                                                          "value":  "twoWeeks",
                                                                          "enabled":  true
                                                                      },
                                                                      {
                                                                          "nameResourceKey":  "oneMonthOption",
                                                                          "value":  "oneMonth",
                                                                          "enabled":  true
                                                                      },
                                                                      {
                                                                          "nameResourceKey":  "unlimitedOption",
                                                                          "value":  "unlimited",
                                                                          "enabled":  true
                                                                      }
                                                                  ],
                                                      "entityKey":  "durationOfEmailToSync",
                                                      "booleanActions":  0,
                                                      "defaultValue":  "userDefined",
                                                      "unconfiguredValue":  "userDefined",
                                                      "policyType":  100,
                                                      "enabled":  true
                                                  },
                                                  {
                                                      "dataType":  16,
                                                      "category":  58,
                                                      "nameResourceKey":  "syncScheduleName",
                                                      "descriptionResourceKey":  "syncScheduleDescription",
                                                      "childSettings":  [

                                                                        ],
                                                      "options":  [
                                                                      {
                                                                          "nameResourceKey":  "asMessagesArriveOption",
                                                                          "value":  "asMessagesArrive",
                                                                          "enabled":  true
                                                                      },
                                                                      {
                                                                          "nameResourceKey":  "manualOption",
                                                                          "value":  "manual",
                                                                          "enabled":  true
                                                                      },
                                                                      {
                                                                          "nameResourceKey":  "fifteenMinutesOption",
                                                                          "value":  "fifteenMinutes",
                                                                          "enabled":  true
                                                                      },
                                                                      {
                                                                          "nameResourceKey":  "thirtyMinutesOption",
                                                                          "value":  "thirtyMinutes",
                                                                          "enabled":  true
                                                                      },
                                                                      {
                                                                          "nameResourceKey":  "sixtyMinutesOption",
                                                                          "value":  "sixtyMinutes",
                                                                          "enabled":  true
                                                                      },
                                                                      {
                                                                          "nameResourceKey":  "basedOnMyUsageOption",
                                                                          "value":  "basedOnMyUsage",
                                                                          "enabled":  true
                                                                      },
                                                                      {
                                                                          "nameResourceKey":  "notConfigured",
                                                                          "value":  "userDefined",
                                                                          "enabled":  true
                                                                      }
                                                                  ],
                                                      "entityKey":  "emailSyncSchedule",
                                                      "booleanActions":  0,
                                                      "defaultValue":  "manual",
                                                      "policyType":  100,
                                                      "enabled":  true
                                                  },
                                                  {
                                                      "isSettingDescription":  false,
                                                      "showAsSectionHeader":  false,
                                                      "dataType":  8,
                                                      "category":  58,
                                                      "nameResourceKey":  "contentTypeToSyncName",
                                                      "descriptionResourceKey":  "contentTypeToSyncDescription",
                                                      "childSettings":  [

                                                                        ],
                                                      "options":  [

                                                                  ],
                                                      "booleanActions":  0,
                                                      "policyType":  100,
                                                      "enabled":  true
                                                  },
                                                  {
                                                      "dataType":  19,
                                                      "category":  58,
                                                      "nameResourceKey":  "contactsOption",
                                                      "childSettings":  [

                                                                        ],
                                                      "options":  [
                                                                      {
                                                                          "nameResourceKey":  "onOption",
                                                                          "value":  true,
                                                                          "enabled":  true
                                                                      },
                                                                      {
                                                                          "nameResourceKey":  "offOption",
                                                                          "value":  false,
                                                                          "enabled":  true
                                                                      }
                                                                  ],
                                                      "entityKey":  "syncContacts",
                                                      "booleanActions":  0,
                                                      "policyType":  100,
                                                      "enabled":  true
                                                  },
                                                  {
                                                      "dataType":  19,
                                                      "category":  58,
                                                      "nameResourceKey":  "calenderOption",
                                                      "childSettings":  [

                                                                        ],
                                                      "options":  [
                                                                      {
                                                                          "nameResourceKey":  "onOption",
                                                                          "value":  true,
                                                                          "enabled":  true
                                                                      },
                                                                      {
                                                                          "nameResourceKey":  "offOption",
                                                                          "value":  false,
                                                                          "enabled":  true
                                                                      }
                                                                  ],
                                                      "entityKey":  "syncCalendar",
                                                      "booleanActions":  0,
                                                      "policyType":  100,
                                                      "enabled":  true
                                                  },
                                                  {
                                                      "dataType":  19,
                                                      "category":  58,
                                                      "nameResourceKey":  "tasksOption",
                                                      "childSettings":  [

                                                                        ],
                                                      "options":  [
                                                                      {
                                                                          "nameResourceKey":  "onOption",
                                                                          "value":  true,
                                                                          "enabled":  true
                                                                      },
                                                                      {
                                                                          "nameResourceKey":  "offOption",
                                                                          "value":  false,
                                                                          "enabled":  true
                                                                      }
                                                                  ],
                                                      "entityKey":  "syncTasks",
                                                      "booleanActions":  0,
                                                      "policyType":  100,
                                                      "enabled":  true
                                                  }
                                              ]
}
