﻿{
    "enterprisedataprotection_windows10enterprisedataprotection":  [
                                                                       {
                                                                           "complexOptions":  [
                                                                                                  {
                                                                                                      "columns":  [
                                                                                                                      {
                                                                                                                          "metadata":  {
                                                                                                                                           "dataType":  20,
                                                                                                                                           "category":  54,
                                                                                                                                           "nameResourceKey":  "eDPPolicyAppsListPublisherName",
                                                                                                                                           "descriptionResourceKey":  "eDPPolicyAppsListPublisherName",
                                                                                                                                           "childSettings":  [

                                                                                                                                                             ],
                                                                                                                                           "options":  [

                                                                                                                                                       ],
                                                                                                                                           "entityKey":  "Name(NL)",
                                                                                                                                           "booleanActions":  0,
                                                                                                                                           "policyType":  78,
                                                                                                                                           "enabled":  true
                                                                                                                                       }
                                                                                                                      },
                                                                                                                      {
                                                                                                                          "metadata":  {
                                                                                                                                           "dataType":  20,
                                                                                                                                           "category":  54,
                                                                                                                                           "nameResourceKey":  "eDPPolicyAppsListProductName",
                                                                                                                                           "descriptionResourceKey":  "eDPPolicyAppsListProductName",
                                                                                                                                           "childSettings":  [

                                                                                                                                                             ],
                                                                                                                                           "options":  [

                                                                                                                                                       ],
                                                                                                                                           "entityKey":  "Type(NL)",
                                                                                                                                           "booleanActions":  0,
                                                                                                                                           "policyType":  78,
                                                                                                                                           "enabled":  true
                                                                                                                                       }
                                                                                                                      }
                                                                                                                  ],
                                                                                                      "dataType":  21,
                                                                                                      "category":  54,
                                                                                                      "nameResourceKey":  "eDPPolicyUniversalAppsName",
                                                                                                      "descriptionResourceKey":  "empty",
                                                                                                      "childSettings":  [

                                                                                                                        ],
                                                                                                      "options":  [

                                                                                                                  ],
                                                                                                      "booleanActions":  0,
                                                                                                      "policyType":  78,
                                                                                                      "enabled":  true
                                                                                                  },
                                                                                                  {
                                                                                                      "columns":  [
                                                                                                                      {
                                                                                                                          "metadata":  {
                                                                                                                                           "dataType":  20,
                                                                                                                                           "category":  54,
                                                                                                                                           "nameResourceKey":  "eDPPolicyAppsListPublisherName",
                                                                                                                                           "descriptionResourceKey":  "eDPPolicyAppsListPublisherName",
                                                                                                                                           "childSettings":  [

                                                                                                                                                             ],
                                                                                                                                           "options":  [

                                                                                                                                                       ],
                                                                                                                                           "entityKey":  "Publisher",
                                                                                                                                           "booleanActions":  0,
                                                                                                                                           "defaultValue":  "*",
                                                                                                                                           "policyType":  78,
                                                                                                                                           "enabled":  true
                                                                                                                                       }
                                                                                                                      },
                                                                                                                      {
                                                                                                                          "metadata":  {
                                                                                                                                           "dataType":  20,
                                                                                                                                           "category":  54,
                                                                                                                                           "nameResourceKey":  "eDPPolicyAppsListProductName",
                                                                                                                                           "descriptionResourceKey":  "eDPPolicyAppsListProductName",
                                                                                                                                           "childSettings":  [

                                                                                                                                                             ],
                                                                                                                                           "options":  [

                                                                                                                                                       ],
                                                                                                                                           "entityKey":  "Product",
                                                                                                                                           "booleanActions":  0,
                                                                                                                                           "defaultValue":  "*",
                                                                                                                                           "policyType":  78,
                                                                                                                                           "enabled":  true
                                                                                                                                       }
                                                                                                                      },
                                                                                                                      {
                                                                                                                          "metadata":  {
                                                                                                                                           "dataType":  20,
                                                                                                                                           "category":  54,
                                                                                                                                           "nameResourceKey":  "eDPPolicyAppsListFileName",
                                                                                                                                           "descriptionResourceKey":  "eDPPolicyAppsListFileName",
                                                                                                                                           "childSettings":  [

                                                                                                                                                             ],
                                                                                                                                           "options":  [

                                                                                                                                                       ],
                                                                                                                                           "entityKey":  "File",
                                                                                                                                           "booleanActions":  0,
                                                                                                                                           "defaultValue":  "*",
                                                                                                                                           "policyType":  78,
                                                                                                                                           "enabled":  true
                                                                                                                                       }
                                                                                                                      },
                                                                                                                      {
                                                                                                                          "metadata":  {
                                                                                                                                           "dataType":  20,
                                                                                                                                           "category":  54,
                                                                                                                                           "nameResourceKey":  "eDPPolicyAppsListVersionName",
                                                                                                                                           "descriptionResourceKey":  "eDPPolicyAppsListVersionName",
                                                                                                                                           "childSettings":  [

                                                                                                                                                             ],
                                                                                                                                           "options":  [

                                                                                                                                                       ],
                                                                                                                                           "entityKey":  "Version",
                                                                                                                                           "booleanActions":  0,
                                                                                                                                           "defaultValue":  "*",
                                                                                                                                           "policyType":  78,
                                                                                                                                           "enabled":  true
                                                                                                                                       }
                                                                                                                      },
                                                                                                                      {
                                                                                                                          "metadata":  {
                                                                                                                                           "dataType":  16,
                                                                                                                                           "category":  54,
                                                                                                                                           "nameResourceKey":  "eDPPolicyAppsListVersionRuleName",
                                                                                                                                           "descriptionResourceKey":  "eDPPolicyAppsListVersionRuleName",
                                                                                                                                           "childSettings":  [

                                                                                                                                                             ],
                                                                                                                                           "options":  [
                                                                                                                                                           {
                                                                                                                                                               "nameResourceKey":  "eDPPolicyVersionAndAboveName",
                                                                                                                                                               "value":  "And Above",
                                                                                                                                                               "enabled":  true
                                                                                                                                                           },
                                                                                                                                                           {
                                                                                                                                                               "nameResourceKey":  "eDPPolicyVersionAndBelowName",
                                                                                                                                                               "value":  "And Below",
                                                                                                                                                               "enabled":  true
                                                                                                                                                           },
                                                                                                                                                           {
                                                                                                                                                               "nameResourceKey":  "eDPPolicyVersionEqualsName",
                                                                                                                                                               "value":  "Equals",
                                                                                                                                                               "enabled":  true
                                                                                                                                                           }
                                                                                                                                                       ],
                                                                                                                                           "entityKey":  "VersionRule",
                                                                                                                                           "booleanActions":  0,
                                                                                                                                           "defaultValue":  "And Above",
                                                                                                                                           "policyType":  78,
                                                                                                                                           "enabled":  true
                                                                                                                                       }
                                                                                                                      }
                                                                                                                  ],
                                                                                                      "dataType":  21,
                                                                                                      "category":  54,
                                                                                                      "nameResourceKey":  "eDPPolicyDesktopAppsName",
                                                                                                      "descriptionResourceKey":  "empty",
                                                                                                      "childSettings":  [

                                                                                                                        ],
                                                                                                      "options":  [

                                                                                                                  ],
                                                                                                      "booleanActions":  0,
                                                                                                      "policyType":  78,
                                                                                                      "enabled":  true
                                                                                                  }
                                                                                              ],
                                                                           "dataType":  5,
                                                                           "category":  54,
                                                                           "nameResourceKey":  "eDPPolicyAllowedAppsName",
                                                                           "descriptionResourceKey":  "empty",
                                                                           "childSettings":  [

                                                                                             ],
                                                                           "options":  [

                                                                                       ],
                                                                           "entityKey":  "appRules",
                                                                           "booleanActions":  0,
                                                                           "defaultValue":  false,
                                                                           "policyType":  78,
                                                                           "enabled":  true
                                                                       },
                                                                       {
                                                                           "complexOptions":  [
                                                                                                  {
                                                                                                      "columns":  [
                                                                                                                      {
                                                                                                                          "metadata":  {
                                                                                                                                           "dataType":  20,
                                                                                                                                           "category":  54,
                                                                                                                                           "nameResourceKey":  "eDPPolicyAppsListPublisherName",
                                                                                                                                           "descriptionResourceKey":  "eDPPolicyAppsListPublisherName",
                                                                                                                                           "childSettings":  [

                                                                                                                                                             ],
                                                                                                                                           "options":  [

                                                                                                                                                       ],
                                                                                                                                           "entityKey":  "Name(NL)",
                                                                                                                                           "booleanActions":  0,
                                                                                                                                           "policyType":  78,
                                                                                                                                           "enabled":  true
                                                                                                                                       }
                                                                                                                      },
                                                                                                                      {
                                                                                                                          "metadata":  {
                                                                                                                                           "dataType":  20,
                                                                                                                                           "category":  54,
                                                                                                                                           "nameResourceKey":  "eDPPolicyAppsListProductName",
                                                                                                                                           "descriptionResourceKey":  "eDPPolicyAppsListProductName",
                                                                                                                                           "childSettings":  [

                                                                                                                                                             ],
                                                                                                                                           "options":  [

                                                                                                                                                       ],
                                                                                                                                           "entityKey":  "Type(NL)",
                                                                                                                                           "booleanActions":  0,
                                                                                                                                           "policyType":  78,
                                                                                                                                           "enabled":  true
                                                                                                                                       }
                                                                                                                      }
                                                                                                                  ],
                                                                                                      "dataType":  21,
                                                                                                      "category":  54,
                                                                                                      "nameResourceKey":  "eDPPolicyUniversalAppsName",
                                                                                                      "descriptionResourceKey":  "empty",
                                                                                                      "childSettings":  [

                                                                                                                        ],
                                                                                                      "options":  [

                                                                                                                  ],
                                                                                                      "booleanActions":  0,
                                                                                                      "policyType":  78,
                                                                                                      "enabled":  true
                                                                                                  },
                                                                                                  {
                                                                                                      "columns":  [
                                                                                                                      {
                                                                                                                          "metadata":  {
                                                                                                                                           "dataType":  20,
                                                                                                                                           "category":  54,
                                                                                                                                           "nameResourceKey":  "eDPPolicyAppsListPublisherName",
                                                                                                                                           "descriptionResourceKey":  "eDPPolicyAppsListPublisherName",
                                                                                                                                           "childSettings":  [

                                                                                                                                                             ],
                                                                                                                                           "options":  [

                                                                                                                                                       ],
                                                                                                                                           "entityKey":  "Publisher",
                                                                                                                                           "booleanActions":  0,
                                                                                                                                           "defaultValue":  "*",
                                                                                                                                           "policyType":  78,
                                                                                                                                           "enabled":  true
                                                                                                                                       }
                                                                                                                      },
                                                                                                                      {
                                                                                                                          "metadata":  {
                                                                                                                                           "dataType":  20,
                                                                                                                                           "category":  54,
                                                                                                                                           "nameResourceKey":  "eDPPolicyAppsListProductName",
                                                                                                                                           "descriptionResourceKey":  "eDPPolicyAppsListProductName",
                                                                                                                                           "childSettings":  [

                                                                                                                                                             ],
                                                                                                                                           "options":  [

                                                                                                                                                       ],
                                                                                                                                           "entityKey":  "Product",
                                                                                                                                           "booleanActions":  0,
                                                                                                                                           "defaultValue":  "*",
                                                                                                                                           "policyType":  78,
                                                                                                                                           "enabled":  true
                                                                                                                                       }
                                                                                                                      },
                                                                                                                      {
                                                                                                                          "metadata":  {
                                                                                                                                           "dataType":  20,
                                                                                                                                           "category":  54,
                                                                                                                                           "nameResourceKey":  "eDPPolicyAppsListFileName",
                                                                                                                                           "descriptionResourceKey":  "eDPPolicyAppsListFileName",
                                                                                                                                           "childSettings":  [

                                                                                                                                                             ],
                                                                                                                                           "options":  [

                                                                                                                                                       ],
                                                                                                                                           "entityKey":  "File",
                                                                                                                                           "booleanActions":  0,
                                                                                                                                           "defaultValue":  "*",
                                                                                                                                           "policyType":  78,
                                                                                                                                           "enabled":  true
                                                                                                                                       }
                                                                                                                      },
                                                                                                                      {
                                                                                                                          "metadata":  {
                                                                                                                                           "dataType":  20,
                                                                                                                                           "category":  54,
                                                                                                                                           "nameResourceKey":  "eDPPolicyAppsListVersionName",
                                                                                                                                           "descriptionResourceKey":  "eDPPolicyAppsListVersionName",
                                                                                                                                           "childSettings":  [

                                                                                                                                                             ],
                                                                                                                                           "options":  [

                                                                                                                                                       ],
                                                                                                                                           "entityKey":  "Version",
                                                                                                                                           "booleanActions":  0,
                                                                                                                                           "defaultValue":  "*",
                                                                                                                                           "policyType":  78,
                                                                                                                                           "enabled":  true
                                                                                                                                       }
                                                                                                                      },
                                                                                                                      {
                                                                                                                          "metadata":  {
                                                                                                                                           "dataType":  16,
                                                                                                                                           "category":  54,
                                                                                                                                           "nameResourceKey":  "eDPPolicyAppsListVersionRuleName",
                                                                                                                                           "descriptionResourceKey":  "eDPPolicyAppsListVersionRuleName",
                                                                                                                                           "childSettings":  [

                                                                                                                                                             ],
                                                                                                                                           "options":  [
                                                                                                                                                           {
                                                                                                                                                               "nameResourceKey":  "eDPPolicyVersionAndAboveName",
                                                                                                                                                               "value":  "And Above",
                                                                                                                                                               "enabled":  true
                                                                                                                                                           },
                                                                                                                                                           {
                                                                                                                                                               "nameResourceKey":  "eDPPolicyVersionAndBelowName",
                                                                                                                                                               "value":  "And Below",
                                                                                                                                                               "enabled":  true
                                                                                                                                                           },
                                                                                                                                                           {
                                                                                                                                                               "nameResourceKey":  "eDPPolicyVersionEqualsName",
                                                                                                                                                               "value":  "Equals",
                                                                                                                                                               "enabled":  true
                                                                                                                                                           }
                                                                                                                                                       ],
                                                                                                                                           "entityKey":  "VersionRule",
                                                                                                                                           "booleanActions":  0,
                                                                                                                                           "defaultValue":  "And Above",
                                                                                                                                           "policyType":  78,
                                                                                                                                           "enabled":  true
                                                                                                                                       }
                                                                                                                      }
                                                                                                                  ],
                                                                                                      "dataType":  21,
                                                                                                      "category":  54,
                                                                                                      "nameResourceKey":  "eDPPolicyDesktopAppsName",
                                                                                                      "descriptionResourceKey":  "empty",
                                                                                                      "childSettings":  [

                                                                                                                        ],
                                                                                                      "options":  [

                                                                                                                  ],
                                                                                                      "booleanActions":  0,
                                                                                                      "policyType":  78,
                                                                                                      "enabled":  true
                                                                                                  }
                                                                                              ],
                                                                           "dataType":  5,
                                                                           "category":  54,
                                                                           "nameResourceKey":  "eDPPolicyProhibitedAppsName",
                                                                           "descriptionResourceKey":  "empty",
                                                                           "childSettings":  [

                                                                                             ],
                                                                           "options":  [

                                                                                       ],
                                                                           "entityKey":  "appRules",
                                                                           "booleanActions":  0,
                                                                           "defaultValue":  false,
                                                                           "policyType":  78,
                                                                           "enabled":  true
                                                                       },
                                                                       {
                                                                           "dataType":  16,
                                                                           "category":  54,
                                                                           "nameResourceKey":  "eDPPolicyAppManagementModeName",
                                                                           "descriptionResourceKey":  "eDPPolicyAppManagementModeName",
                                                                           "childSettings":  [

                                                                                             ],
                                                                           "options":  [
                                                                                           {
                                                                                               "nameResourceKey":  "eDPPolicyAppManagementModeBlockName",
                                                                                               "value":  0,
                                                                                               "enabled":  true
                                                                                           },
                                                                                           {
                                                                                               "nameResourceKey":  "eDPPolicyAppManagementModePromptName",
                                                                                               "value":  1,
                                                                                               "enabled":  true
                                                                                           },
                                                                                           {
                                                                                               "nameResourceKey":  "eDPPolicyAppManagementModeAuditName",
                                                                                               "value":  2,
                                                                                               "enabled":  true
                                                                                           },
                                                                                           {
                                                                                               "nameResourceKey":  "eDPPolicyAppManagementModeOffName",
                                                                                               "value":  3,
                                                                                               "enabled":  true
                                                                                           }
                                                                                       ],
                                                                           "booleanActions":  0,
                                                                           "defaultValue":  0,
                                                                           "policyType":  78,
                                                                           "enabled":  true
                                                                       },
                                                                       {
                                                                           "dataType":  20,
                                                                           "category":  54,
                                                                           "nameResourceKey":  "eDPPolicyPrimaryDomainName",
                                                                           "descriptionResourceKey":  "eDPPolicyPrimaryDomainDescription",
                                                                           "childSettings":  [

                                                                                             ],
                                                                           "options":  [

                                                                                       ],
                                                                           "booleanActions":  0,
                                                                           "policyType":  78,
                                                                           "enabled":  true
                                                                       },
                                                                       {
                                                                           "columns":  [
                                                                                           {
                                                                                               "metadata":  {
                                                                                                                "dataType":  20,
                                                                                                                "category":  54,
                                                                                                                "nameResourceKey":  "eDPPolicyNetworkLocationsListDescriptionName",
                                                                                                                "descriptionResourceKey":  "eDPPolicyNetworkLocationsListDescriptionName",
                                                                                                                "childSettings":  [

                                                                                                                                  ],
                                                                                                                "options":  [

                                                                                                                            ],
                                                                                                                "entityKey":  "Description(NL)",
                                                                                                                "booleanActions":  0,
                                                                                                                "policyType":  78,
                                                                                                                "enabled":  true
                                                                                                            }
                                                                                           },
                                                                                           {
                                                                                               "metadata":  {
                                                                                                                "dataType":  16,
                                                                                                                "category":  54,
                                                                                                                "nameResourceKey":  "eDPPolicyNetworkLocationsListTypeName",
                                                                                                                "descriptionResourceKey":  "eDPPolicyNetworkLocationsListTypeName",
                                                                                                                "childSettings":  [

                                                                                                                                  ],
                                                                                                                "options":  [
                                                                                                                                {
                                                                                                                                    "nameResourceKey":  "eDPPolicyEnterpriseCloudName",
                                                                                                                                    "value":  "Enterprise Cloud Domain",
                                                                                                                                    "enabled":  true
                                                                                                                                },
                                                                                                                                {
                                                                                                                                    "nameResourceKey":  "eDPPolicyEnterpriseNetworkName",
                                                                                                                                    "value":  "Enterprise Network Domain",
                                                                                                                                    "enabled":  true
                                                                                                                                },
                                                                                                                                {
                                                                                                                                    "nameResourceKey":  "eDPPolicyEnterpriseProxyServerName",
                                                                                                                                    "value":  "Enterprise Proxy Server",
                                                                                                                                    "enabled":  true
                                                                                                                                },
                                                                                                                                {
                                                                                                                                    "nameResourceKey":  "eDPPolicyEnterpriseInternalProxyServerName",
                                                                                                                                    "value":  "Enterprise Internal Proxy Server",
                                                                                                                                    "enabled":  true
                                                                                                                                },
                                                                                                                                {
                                                                                                                                    "nameResourceKey":  "eDPPolicyEnterpriseIPv4Name",
                                                                                                                                    "value":  "Enterprise IPv4 Range",
                                                                                                                                    "enabled":  true
                                                                                                                                },
                                                                                                                                {
                                                                                                                                    "nameResourceKey":  "eDPPolicyEnterpriseIPv6Name",
                                                                                                                                    "value":  "Enterprise IPv6 Range",
                                                                                                                                    "enabled":  true
                                                                                                                                }
                                                                                                                            ],
                                                                                                                "entityKey":  "Type(NL)",
                                                                                                                "booleanActions":  0,
                                                                                                                "policyType":  78,
                                                                                                                "enabled":  true
                                                                                                            }
                                                                                           },
                                                                                           {
                                                                                               "metadata":  {
                                                                                                                "dataType":  20,
                                                                                                                "category":  54,
                                                                                                                "nameResourceKey":  "eDPPolicyNetworkLocationsListLocationName",
                                                                                                                "descriptionResourceKey":  "eDPPolicyNetworkLocationsListLocationName",
                                                                                                                "childSettings":  [

                                                                                                                                  ],
                                                                                                                "options":  [

                                                                                                                            ],
                                                                                                                "entityKey":  "Location(NL)",
                                                                                                                "booleanActions":  0,
                                                                                                                "policyType":  78,
                                                                                                                "enabled":  true
                                                                                                            }
                                                                                           }
                                                                                       ],
                                                                           "dataType":  21,
                                                                           "category":  54,
                                                                           "nameResourceKey":  "eDPPolicyNetworkLocationsListName",
                                                                           "descriptionResourceKey":  "eDPPolicyNetworkLocationsName",
                                                                           "childSettings":  [

                                                                                             ],
                                                                           "options":  [

                                                                                       ],
                                                                           "booleanActions":  0,
                                                                           "policyType":  78,
                                                                           "enabled":  true
                                                                       },
                                                                       {
                                                                           "dataType":  0,
                                                                           "category":  54,
                                                                           "nameResourceKey":  "autoDetectProxiesName",
                                                                           "descriptionResourceKey":  "autoDetectProxiesDescription",
                                                                           "childSettings":  [

                                                                                             ],
                                                                           "options":  [

                                                                                       ],
                                                                           "booleanActions":  2,
                                                                           "policyType":  78,
                                                                           "enabled":  true
                                                                       },
                                                                       {
                                                                           "dataType":  0,
                                                                           "category":  54,
                                                                           "nameResourceKey":  "autoDetectIPRangesName",
                                                                           "descriptionResourceKey":  "autoDetectIPRangesDescription",
                                                                           "childSettings":  [

                                                                                             ],
                                                                           "options":  [

                                                                                       ],
                                                                           "booleanActions":  2,
                                                                           "policyType":  78,
                                                                           "enabled":  true
                                                                       },
                                                                       {
                                                                           "dataEntityKey":  "",
                                                                           "filenameEntityKey":  "certFileName",
                                                                           "dataType":  1,
                                                                           "category":  54,
                                                                           "nameResourceKey":  "eDPPolicyOptionalRecoveryCertificateName",
                                                                           "descriptionResourceKey":  "eDPPolicyOptionalRecoveryCertificateDescription",
                                                                           "childSettings":  [

                                                                                             ],
                                                                           "options":  [

                                                                                       ],
                                                                           "entityKey":  "",
                                                                           "booleanActions":  0,
                                                                           "policyType":  78,
                                                                           "enabled":  true
                                                                       },
                                                                       {
                                                                           "dataType":  0,
                                                                           "category":  54,
                                                                           "nameResourceKey":  "eDPPolicyAllowDecryptAppDataName",
                                                                           "descriptionResourceKey":  "eDPPolicyAllowDecryptAppDataName",
                                                                           "childSettings":  [

                                                                                             ],
                                                                           "options":  [

                                                                                       ],
                                                                           "booleanActions":  2,
                                                                           "defaultValue":  false,
                                                                           "policyType":  78,
                                                                           "enabled":  true
                                                                       },
                                                                       {
                                                                           "dataType":  0,
                                                                           "category":  54,
                                                                           "nameResourceKey":  "eDPPolicyProtectAppContentWhenDeviceLockedName",
                                                                           "descriptionResourceKey":  "eDPPolicyProtectAppContentWhenDeviceLockedName",
                                                                           "childSettings":  [

                                                                                             ],
                                                                           "options":  [

                                                                                       ],
                                                                           "booleanActions":  2,
                                                                           "defaultValue":  false,
                                                                           "policyType":  78,
                                                                           "enabled":  true
                                                                       },
                                                                       {
                                                                           "dataType":  0,
                                                                           "category":  54,
                                                                           "nameResourceKey":  "eDPPolicyAllowAzureRMSName",
                                                                           "descriptionResourceKey":  "eDPPolicyAllowAzureRMSName",
                                                                           "childSettings":  [
                                                                                                 {
                                                                                                     "dataType":  20,
                                                                                                     "category":  54,
                                                                                                     "nameResourceKey":  "eDPPolicyAzureTemplateGuidName",
                                                                                                     "descriptionResourceKey":  "eDPPolicyAzureTemplateGuidName",
                                                                                                     "childSettings":  [

                                                                                                                       ],
                                                                                                     "options":  [

                                                                                                                 ],
                                                                                                     "booleanActions":  0,
                                                                                                     "policyType":  78,
                                                                                                     "enabled":  true
                                                                                                 }
                                                                                             ],
                                                                           "options":  [

                                                                                       ],
                                                                           "entityKey":  "TODO bug 701262",
                                                                           "booleanActions":  0,
                                                                           "defaultValue":  false,
                                                                           "policyType":  78,
                                                                           "enabled":  true
                                                                       },
                                                                       {
                                                                           "dataType":  0,
                                                                           "category":  54,
                                                                           "nameResourceKey":  "revokeEncryptionKeysOnUnEnrollName",
                                                                           "descriptionResourceKey":  "revokeEncryptionKeysOnUnEnrollDescription",
                                                                           "childSettings":  [

                                                                                             ],
                                                                           "options":  [

                                                                                       ],
                                                                           "booleanActions":  2,
                                                                           "defaultValue":  false,
                                                                           "policyType":  78,
                                                                           "enabled":  true
                                                                       },
                                                                       {
                                                                           "dataType":  0,
                                                                           "category":  54,
                                                                           "nameResourceKey":  "allowEncryptedDataAndStoreAppsToAppearInWindowsSearchName",
                                                                           "descriptionResourceKey":  "allowEncryptedDataAndStoreAppsToAppearInWindowsSearchDescription",
                                                                           "childSettings":  [

                                                                                             ],
                                                                           "options":  [

                                                                                       ],
                                                                           "booleanActions":  2,
                                                                           "defaultValue":  false,
                                                                           "policyType":  78,
                                                                           "enabled":  true
                                                                       }
                                                                   ]
}
