﻿{
    "expeditedcheckin_iosexpeditedcheckin":  {
                                                 "dataType":  0,
                                                 "category":  59,
                                                 "nameResourceKey":  "expeditedCheckinEnableName",
                                                 "descriptionResourceKey":  "expeditedCheckinEnableDescription",
                                                 "childSettings":  [

                                                                   ],
                                                 "options":  [

                                                             ],
                                                 "entityKey":  "enableExpeditedCheckin",
                                                 "booleanActions":  2,
                                                 "defaultValue":  false,
                                                 "policyType":  55,
                                                 "enabled":  true
                                             }
}
