﻿{
    "filevault_macendpointprotection":  [
                                            {
                                                "isSettingDescription":  false,
                                                "showAsSectionHeader":  false,
                                                "dataType":  8,
                                                "category":  61,
                                                "nameResourceKey":  "macFileVaultHeader",
                                                "childSettings":  [

                                                                  ],
                                                "options":  [

                                                            ],
                                                "booleanActions":  0,
                                                "policyType":  59,
                                                "enabled":  true
                                            },
                                            {
                                                "dataType":  0,
                                                "category":  61,
                                                "nameResourceKey":  "macFileVaultEnableName",
                                                "childSettings":  [
                                                                      {
                                                                          "dataType":  0,
                                                                          "category":  61,
                                                                          "nameResourceKey":  "macFileVaultForceReEncryptionName",
                                                                          "descriptionResourceKey":  "macFileVaultForceReEncryptionDescription",
                                                                          "childSettings":  [

                                                                                            ],
                                                                          "options":  [

                                                                                      ],
                                                                          "entityKey":  "fileVaultForceReEncryption",
                                                                          "booleanActions":  9,
                                                                          "defaultValue":  false,
                                                                          "policyType":  59,
                                                                          "enabled":  false
                                                                      },
                                                                      {
                                                                          "isSettingDescription":  false,
                                                                          "showAsSectionHeader":  false,
                                                                          "dataType":  8,
                                                                          "category":  61,
                                                                          "nameResourceKey":  "macFileVaultPersonalRecoveryKeyHeader",
                                                                          "childSettings":  [
                                                                                                {
                                                                                                    "dataType":  12,
                                                                                                    "category":  61,
                                                                                                    "nameResourceKey":  "macFileVaultPersonalRecoveryLocationName",
                                                                                                    "descriptionResourceKey":  "macFileVaultPersonalRecoveryLocationDescription",
                                                                                                    "emptyValueResourceKey":  "macFileVaultPersonalRecoveryLocationHint",
                                                                                                    "childSettings":  [

                                                                                                                      ],
                                                                                                    "options":  [

                                                                                                                ],
                                                                                                    "entityKey":  "fileVaultPersonalRecoveryKeyHelpMessage",
                                                                                                    "booleanActions":  0,
                                                                                                    "policyType":  59,
                                                                                                    "enabled":  true
                                                                                                },
                                                                                                {
                                                                                                    "dataType":  16,
                                                                                                    "category":  61,
                                                                                                    "nameResourceKey":  "macFileVaultPersonalRecoveryRotationName",
                                                                                                    "descriptionResourceKey":  "macFileVaultPersonalRecoveryRotationDescription",
                                                                                                    "childSettings":  [

                                                                                                                      ],
                                                                                                    "options":  [
                                                                                                                    {
                                                                                                                        "nameResourceKey":  "notConfigured",
                                                                                                                        "enabled":  true
                                                                                                                    },
                                                                                                                    {
                                                                                                                        "nameResourceKey":  "oneMonthNumberOption",
                                                                                                                        "value":  1,
                                                                                                                        "enabled":  true
                                                                                                                    },
                                                                                                                    {
                                                                                                                        "nameResourceKey":  "twoMonthsNumberOption",
                                                                                                                        "value":  2,
                                                                                                                        "enabled":  true
                                                                                                                    },
                                                                                                                    {
                                                                                                                        "nameResourceKey":  "threeMonthsNumberOption",
                                                                                                                        "value":  3,
                                                                                                                        "enabled":  true
                                                                                                                    },
                                                                                                                    {
                                                                                                                        "nameResourceKey":  "fourMonthsNumberOption",
                                                                                                                        "value":  4,
                                                                                                                        "enabled":  true
                                                                                                                    },
                                                                                                                    {
                                                                                                                        "nameResourceKey":  "fiveMonthsNumberOption",
                                                                                                                        "value":  5,
                                                                                                                        "enabled":  true
                                                                                                                    },
                                                                                                                    {
                                                                                                                        "nameResourceKey":  "sixMonthsNumberOption",
                                                                                                                        "value":  6,
                                                                                                                        "enabled":  true
                                                                                                                    },
                                                                                                                    {
                                                                                                                        "nameResourceKey":  "sevenMonthsNumberOption",
                                                                                                                        "value":  7,
                                                                                                                        "enabled":  true
                                                                                                                    },
                                                                                                                    {
                                                                                                                        "nameResourceKey":  "eightMonthsNumberOption",
                                                                                                                        "value":  8,
                                                                                                                        "enabled":  true
                                                                                                                    },
                                                                                                                    {
                                                                                                                        "nameResourceKey":  "nineMonthsNumberOption",
                                                                                                                        "value":  9,
                                                                                                                        "enabled":  true
                                                                                                                    },
                                                                                                                    {
                                                                                                                        "nameResourceKey":  "tenMonthsNumberOption",
                                                                                                                        "value":  10,
                                                                                                                        "enabled":  true
                                                                                                                    },
                                                                                                                    {
                                                                                                                        "nameResourceKey":  "elevenMonthsNumberOption",
                                                                                                                        "value":  11,
                                                                                                                        "enabled":  true
                                                                                                                    },
                                                                                                                    {
                                                                                                                        "nameResourceKey":  "twelveMonthsNumberOption",
                                                                                                                        "value":  12,
                                                                                                                        "enabled":  true
                                                                                                                    }
                                                                                                                ],
                                                                                                    "entityKey":  "fileVaultPersonalRecoveryKeyRotationInMonths",
                                                                                                    "booleanActions":  0,
                                                                                                    "policyType":  59,
                                                                                                    "enabled":  true
                                                                                                }
                                                                                            ],
                                                                          "options":  [

                                                                                      ],
                                                                          "booleanActions":  0,
                                                                          "policyType":  59,
                                                                          "enabled":  true
                                                                      },
                                                                      {
                                                                          "value":  "personalRecoverykey",
                                                                          "dataType":  9,
                                                                          "category":  61,
                                                                          "childSettings":  [

                                                                                            ],
                                                                          "options":  [

                                                                                      ],
                                                                          "entityKey":  "fileVaultSelectedRecoveryKeyTypes",
                                                                          "booleanActions":  0,
                                                                          "policyType":  59,
                                                                          "enabled":  true
                                                                      },
                                                                      {
                                                                          "isSettingDescription":  false,
                                                                          "showAsSectionHeader":  false,
                                                                          "dataType":  8,
                                                                          "category":  61,
                                                                          "nameResourceKey":  "",
                                                                          "childSettings":  [

                                                                                            ],
                                                                          "options":  [

                                                                                      ],
                                                                          "booleanActions":  0,
                                                                          "policyType":  59,
                                                                          "enabled":  true
                                                                      },
                                                                      {
                                                                          "value":  true,
                                                                          "dataType":  9,
                                                                          "category":  61,
                                                                          "childSettings":  [

                                                                                            ],
                                                                          "options":  [

                                                                                      ],
                                                                          "entityKey":  "fileVaultAllowDeferralUntilSignOut",
                                                                          "booleanActions":  0,
                                                                          "policyType":  59,
                                                                          "enabled":  true
                                                                      },
                                                                      {
                                                                          "dataType":  0,
                                                                          "category":  61,
                                                                          "nameResourceKey":  "macFileVaultHideRecoveryKeyName",
                                                                          "descriptionResourceKey":  "macFileVaultHideRecoveryKeyDescription",
                                                                          "childSettings":  [

                                                                                            ],
                                                                          "options":  [

                                                                                      ],
                                                                          "entityKey":  "fileVaultHidePersonalRecoveryKey",
                                                                          "booleanActions":  9,
                                                                          "defaultValue":  false,
                                                                          "policyType":  59,
                                                                          "enabled":  true
                                                                      },
                                                                      {
                                                                          "dataType":  0,
                                                                          "category":  61,
                                                                          "nameResourceKey":  "macFileVaultDeferDisablePromptName",
                                                                          "descriptionResourceKey":  "macFileVaultDeferDisablePromptDescription",
                                                                          "childSettings":  [

                                                                                            ],
                                                                          "options":  [
                                                                                          {
                                                                                              "nameResourceKey":  "notConfigured",
                                                                                              "value":  false,
                                                                                              "children":  [
                                                                                                               {
                                                                                                                   "dataType":  16,
                                                                                                                   "category":  61,
                                                                                                                   "nameResourceKey":  "macFileVaultDeferCountName",
                                                                                                                   "descriptionResourceKey":  "macFileVaultDeferCountDescription",
                                                                                                                   "childSettings":  [

                                                                                                                                     ],
                                                                                                                   "options":  [
                                                                                                                                   {
                                                                                                                                       "nameResourceKey":  "notConfigured",
                                                                                                                                       "enabled":  true
                                                                                                                                   },
                                                                                                                                   {
                                                                                                                                       "nameResourceKey":  "disableOption",
                                                                                                                                       "value":  -1,
                                                                                                                                       "enabled":  true
                                                                                                                                   },
                                                                                                                                   {
                                                                                                                                       "nameResourceKey":  "zeroNumberOption",
                                                                                                                                       "value":  0,
                                                                                                                                       "enabled":  true
                                                                                                                                   },
                                                                                                                                   {
                                                                                                                                       "nameResourceKey":  "oneNumberOption",
                                                                                                                                       "value":  1,
                                                                                                                                       "enabled":  true
                                                                                                                                   },
                                                                                                                                   {
                                                                                                                                       "nameResourceKey":  "twoNumberOption",
                                                                                                                                       "value":  2,
                                                                                                                                       "enabled":  true
                                                                                                                                   },
                                                                                                                                   {
                                                                                                                                       "nameResourceKey":  "threeNumberOption",
                                                                                                                                       "value":  3,
                                                                                                                                       "enabled":  true
                                                                                                                                   },
                                                                                                                                   {
                                                                                                                                       "nameResourceKey":  "fourNumberOption",
                                                                                                                                       "value":  4,
                                                                                                                                       "enabled":  true
                                                                                                                                   },
                                                                                                                                   {
                                                                                                                                       "nameResourceKey":  "fiveNumberOption",
                                                                                                                                       "value":  5,
                                                                                                                                       "enabled":  true
                                                                                                                                   },
                                                                                                                                   {
                                                                                                                                       "nameResourceKey":  "sixNumberOption",
                                                                                                                                       "value":  6,
                                                                                                                                       "enabled":  true
                                                                                                                                   },
                                                                                                                                   {
                                                                                                                                       "nameResourceKey":  "sevenNumberOption",
                                                                                                                                       "value":  7,
                                                                                                                                       "enabled":  true
                                                                                                                                   },
                                                                                                                                   {
                                                                                                                                       "nameResourceKey":  "eightNumberOption",
                                                                                                                                       "value":  8,
                                                                                                                                       "enabled":  true
                                                                                                                                   },
                                                                                                                                   {
                                                                                                                                       "nameResourceKey":  "nineNumberOption",
                                                                                                                                       "value":  9,
                                                                                                                                       "enabled":  true
                                                                                                                                   },
                                                                                                                                   {
                                                                                                                                       "nameResourceKey":  "tenNumberOption",
                                                                                                                                       "value":  10,
                                                                                                                                       "enabled":  true
                                                                                                                                   },
                                                                                                                                   {
                                                                                                                                       "nameResourceKey":  "macFileVaultDeferUnlimited",
                                                                                                                                       "value":  9999,
                                                                                                                                       "enabled":  true
                                                                                                                                   }
                                                                                                                               ],
                                                                                                                   "entityKey":  "fileVaultNumberOfTimesUserCanIgnore",
                                                                                                                   "booleanActions":  0,
                                                                                                                   "policyType":  59,
                                                                                                                   "enabled":  true
                                                                                                               }
                                                                                                           ],
                                                                                              "enabled":  true
                                                                                          },
                                                                                          {
                                                                                              "nameResourceKey":  "disableOption",
                                                                                              "value":  true,
                                                                                              "children":  [
                                                                                                               {
                                                                                                                   "dataType":  16,
                                                                                                                   "category":  61,
                                                                                                                   "nameResourceKey":  "macFileVaultDeferCountName",
                                                                                                                   "descriptionResourceKey":  "macFileVaultDeferCountDescription",
                                                                                                                   "childSettings":  [

                                                                                                                                     ],
                                                                                                                   "options":  [
                                                                                                                                   {
                                                                                                                                       "nameResourceKey":  "zeroNumberOption",
                                                                                                                                       "value":  0,
                                                                                                                                       "enabled":  true
                                                                                                                                   },
                                                                                                                                   {
                                                                                                                                       "nameResourceKey":  "oneNumberOption",
                                                                                                                                       "value":  1,
                                                                                                                                       "enabled":  true
                                                                                                                                   },
                                                                                                                                   {
                                                                                                                                       "nameResourceKey":  "twoNumberOption",
                                                                                                                                       "value":  2,
                                                                                                                                       "enabled":  true
                                                                                                                                   },
                                                                                                                                   {
                                                                                                                                       "nameResourceKey":  "threeNumberOption",
                                                                                                                                       "value":  3,
                                                                                                                                       "enabled":  true
                                                                                                                                   },
                                                                                                                                   {
                                                                                                                                       "nameResourceKey":  "fourNumberOption",
                                                                                                                                       "value":  4,
                                                                                                                                       "enabled":  true
                                                                                                                                   },
                                                                                                                                   {
                                                                                                                                       "nameResourceKey":  "fiveNumberOption",
                                                                                                                                       "value":  5,
                                                                                                                                       "enabled":  true
                                                                                                                                   },
                                                                                                                                   {
                                                                                                                                       "nameResourceKey":  "sixNumberOption",
                                                                                                                                       "value":  6,
                                                                                                                                       "enabled":  true
                                                                                                                                   },
                                                                                                                                   {
                                                                                                                                       "nameResourceKey":  "sevenNumberOption",
                                                                                                                                       "value":  7,
                                                                                                                                       "enabled":  true
                                                                                                                                   },
                                                                                                                                   {
                                                                                                                                       "nameResourceKey":  "eightNumberOption",
                                                                                                                                       "value":  8,
                                                                                                                                       "enabled":  true
                                                                                                                                   },
                                                                                                                                   {
                                                                                                                                       "nameResourceKey":  "nineNumberOption",
                                                                                                                                       "value":  9,
                                                                                                                                       "enabled":  true
                                                                                                                                   },
                                                                                                                                   {
                                                                                                                                       "nameResourceKey":  "tenNumberOption",
                                                                                                                                       "value":  10,
                                                                                                                                       "enabled":  true
                                                                                                                                   },
                                                                                                                                   {
                                                                                                                                       "nameResourceKey":  "macFileVaultDeferUnlimited",
                                                                                                                                       "value":  9999,
                                                                                                                                       "enabled":  true
                                                                                                                                   }
                                                                                                                               ],
                                                                                                                   "entityKey":  "fileVaultNumberOfTimesUserCanIgnore",
                                                                                                                   "booleanActions":  0,
                                                                                                                   "defaultValue":  1,
                                                                                                                   "policyType":  59,
                                                                                                                   "enabled":  true
                                                                                                               }
                                                                                                           ],
                                                                                              "enabled":  true
                                                                                          }
                                                                                      ],
                                                                          "entityKey":  "fileVaultDisablePromptAtSignOut",
                                                                          "booleanActions":  9,
                                                                          "defaultValue":  false,
                                                                          "policyType":  59,
                                                                          "enabled":  true
                                                                      }
                                                                  ],
                                                "options":  [

                                                            ],
                                                "entityKey":  "fileVaultEnabled",
                                                "booleanActions":  9,
                                                "defaultValue":  false,
                                                "policyType":  59,
                                                "enabled":  true
                                            }
                                        ]
}
