﻿{
    "gatekeeper_macendpointprotection":  [
                                             {
                                                 "dataType":  16,
                                                 "category":  63,
                                                 "nameResourceKey":  "gatekeeperAllowedAppSourceName",
                                                 "descriptionResourceKey":  "gatekeeperAllowedAppSourceDescription",
                                                 "childSettings":  [

                                                                   ],
                                                 "options":  [
                                                                 {
                                                                     "nameResourceKey":  "notConfigured",
                                                                     "value":  "notConfigured",
                                                                     "enabled":  true
                                                                 },
                                                                 {
                                                                     "nameResourceKey":  "macAppStoreOption",
                                                                     "value":  "macAppStore",
                                                                     "enabled":  true
                                                                 },
                                                                 {
                                                                     "nameResourceKey":  "macAppStoreAndIdentifiedDevelopersOption",
                                                                     "value":  "macAppStoreAndIdentifiedDevelopers",
                                                                     "enabled":  true
                                                                 },
                                                                 {
                                                                     "nameResourceKey":  "anywhereOption",
                                                                     "value":  "anywhere",
                                                                     "enabled":  true
                                                                 }
                                                             ],
                                                 "entityKey":  "gatekeeperAllowedAppSource",
                                                 "booleanActions":  0,
                                                 "defaultValue":  "notConfigured",
                                                 "policyType":  59,
                                                 "enabled":  true
                                             },
                                             {
                                                 "dataType":  0,
                                                 "category":  63,
                                                 "nameResourceKey":  "gatekeeperBlockOverrideName",
                                                 "descriptionResourceKey":  "gatekeeperBlockOverrideDescription",
                                                 "childSettings":  [

                                                                   ],
                                                 "options":  [

                                                             ],
                                                 "entityKey":  "gatekeeperBlockOverride",
                                                 "booleanActions":  9,
                                                 "defaultValue":  false,
                                                 "policyType":  59,
                                                 "enabled":  true
                                             }
                                         ]
}
