﻿{
    "healthmonitoring_windowshealthmonitoring":  [
                                                     {
                                                         "isSettingDescription":  false,
                                                         "showAsSectionHeader":  false,
                                                         "dataType":  8,
                                                         "category":  64,
                                                         "nameResourceKey":  "healthMonHeader",
                                                         "childSettings":  [

                                                                           ],
                                                         "options":  [

                                                                     ],
                                                         "booleanActions":  0,
                                                         "policyType":  109,
                                                         "enabled":  true
                                                     },
                                                     {
                                                         "dataType":  16,
                                                         "category":  64,
                                                         "nameResourceKey":  "healthMonEnablement",
                                                         "descriptionResourceKey":  "healthMonEnablementDescription",
                                                         "childSettings":  [

                                                                           ],
                                                         "options":  [
                                                                         {
                                                                             "nameResourceKey":  "notConfigured",
                                                                             "value":  "notConfigured",
                                                                             "enabled":  true
                                                                         },
                                                                         {
                                                                             "nameResourceKey":  "healthmonEnablementDisabledOption",
                                                                             "value":  "disabled",
                                                                             "enabled":  true
                                                                         },
                                                                         {
                                                                             "nameResourceKey":  "healthmonEnablementEnabledOption",
                                                                             "value":  "enabled",
                                                                             "enabled":  true
                                                                         }
                                                                     ],
                                                         "entityKey":  "allowDeviceHealthMonitoring",
                                                         "booleanActions":  0,
                                                         "defaultValue":  "notConfigured",
                                                         "policyType":  109,
                                                         "enabled":  true
                                                     },
                                                     {
                                                         "dataType":  13,
                                                         "category":  64,
                                                         "nameResourceKey":  "healthMonScope",
                                                         "descriptionResourceKey":  "healthMonScopeDescription",
                                                         "childSettings":  [

                                                                           ],
                                                         "options":  [
                                                                         {
                                                                             "nameResourceKey":  "healthMonScopeBasic",
                                                                             "value":  "healthMonitoring",
                                                                             "enabled":  true
                                                                         },
                                                                         {
                                                                             "nameResourceKey":  "healthMonScopeBootPerf",
                                                                             "value":  "bootPerformance",
                                                                             "enabled":  true
                                                                         }
                                                                     ],
                                                         "entityKey":  "configDeviceHealthMonitoringScope",
                                                         "booleanActions":  0,
                                                         "defaultValue":  "null",
                                                         "policyType":  109,
                                                         "enabled":  true
                                                     },
                                                     {
                                                         "dataType":  13,
                                                         "category":  64,
                                                         "nameResourceKey":  "healthMonScope",
                                                         "descriptionResourceKey":  "healthMonScopeDescription",
                                                         "childSettings":  [

                                                                           ],
                                                         "options":  [
                                                                         {
                                                                             "nameResourceKey":  "healthMonScopeWindowsUpdates",
                                                                             "value":  "windowsUpdates",
                                                                             "enabled":  true
                                                                         },
                                                                         {
                                                                             "nameResourceKey":  "healthMonScopeBootPerf",
                                                                             "value":  "bootPerformance",
                                                                             "enabled":  true
                                                                         }
                                                                     ],
                                                         "entityKey":  "configDeviceHealthMonitoringScope",
                                                         "booleanActions":  0,
                                                         "defaultValue":  "null",
                                                         "policyType":  109,
                                                         "enabled":  true
                                                     }
                                                 ]
}
