﻿{
    "ioswallpaper_iosdevicefeatures":  [
                                           {
                                               "isSettingDescription":  false,
                                               "showAsSectionHeader":  false,
                                               "dataType":  8,
                                               "category":  68,
                                               "nameResourceKey":  "IosDeviceFeaturesIOSWallpaperHeader",
                                               "childSettings":  [

                                                                 ],
                                               "options":  [

                                                           ],
                                               "booleanActions":  0,
                                               "policyType":  42,
                                               "enabled":  true
                                           },
                                           {
                                               "isSettingDescription":  false,
                                               "showAsSectionHeader":  true,
                                               "dataType":  8,
                                               "category":  68,
                                               "nameResourceKey":  "automatedDeviceEnrollmentHeaderName",
                                               "descriptionResourceKey":  "automatedDeviceEnrollmentHeaderDescription",
                                               "childSettings":  [
                                                                     {
                                                                         "dataType":  16,
                                                                         "category":  68,
                                                                         "nameResourceKey":  "wallpaperDisplayLocationName",
                                                                         "descriptionResourceKey":  "wallpaperDisplayLocationDescription",
                                                                         "childSettings":  [

                                                                                           ],
                                                                         "options":  [
                                                                                         {
                                                                                             "nameResourceKey":  "notConfigured",
                                                                                             "value":  "notConfigured",
                                                                                             "enabled":  true
                                                                                         },
                                                                                         {
                                                                                             "nameResourceKey":  "wallpaperDisplayLocationLockScreenOption",
                                                                                             "value":  "lockScreen",
                                                                                             "children":  [
                                                                                                              {
                                                                                                                  "dataEntityKey":  "wallpaperImage",
                                                                                                                  "dataType":  3,
                                                                                                                  "category":  68,
                                                                                                                  "nameResourceKey":  "wallpaperImageName",
                                                                                                                  "descriptionResourceKey":  "wallpaperImageDescription",
                                                                                                                  "childSettings":  [

                                                                                                                                    ],
                                                                                                                  "options":  [

                                                                                                                              ],
                                                                                                                  "entityKey":  "wallpaperImage",
                                                                                                                  "booleanActions":  0,
                                                                                                                  "policyType":  42,
                                                                                                                  "enabled":  true
                                                                                                              }
                                                                                                          ],
                                                                                             "enabled":  true
                                                                                         },
                                                                                         {
                                                                                             "nameResourceKey":  "wallpaperDisplayLocationHomeScreenOption",
                                                                                             "value":  "homeScreen",
                                                                                             "children":  [
                                                                                                              {
                                                                                                                  "dataEntityKey":  "wallpaperImage",
                                                                                                                  "dataType":  3,
                                                                                                                  "category":  68,
                                                                                                                  "nameResourceKey":  "wallpaperImageName",
                                                                                                                  "descriptionResourceKey":  "wallpaperImageDescription",
                                                                                                                  "childSettings":  [

                                                                                                                                    ],
                                                                                                                  "options":  [

                                                                                                                              ],
                                                                                                                  "entityKey":  "wallpaperImage",
                                                                                                                  "booleanActions":  0,
                                                                                                                  "policyType":  42,
                                                                                                                  "enabled":  true
                                                                                                              }
                                                                                                          ],
                                                                                             "enabled":  true
                                                                                         },
                                                                                         {
                                                                                             "nameResourceKey":  "wallpaperDisplayLocationLockScreenAndHomeScreenOption",
                                                                                             "value":  "lockAndHomeScreens",
                                                                                             "children":  [
                                                                                                              {
                                                                                                                  "dataEntityKey":  "wallpaperImage",
                                                                                                                  "dataType":  3,
                                                                                                                  "category":  68,
                                                                                                                  "nameResourceKey":  "wallpaperImageName",
                                                                                                                  "descriptionResourceKey":  "wallpaperImageDescription",
                                                                                                                  "childSettings":  [

                                                                                                                                    ],
                                                                                                                  "options":  [

                                                                                                                              ],
                                                                                                                  "entityKey":  "wallpaperImage",
                                                                                                                  "booleanActions":  0,
                                                                                                                  "policyType":  42,
                                                                                                                  "enabled":  true
                                                                                                              }
                                                                                                          ],
                                                                                             "enabled":  true
                                                                                         }
                                                                                     ],
                                                                         "entityKey":  "wallpaperDisplayLocation",
                                                                         "booleanActions":  0,
                                                                         "defaultValue":  "notConfigured",
                                                                         "unconfiguredValue":  "notConfigured",
                                                                         "policyType":  42,
                                                                         "enabled":  true
                                                                     }
                                                                 ],
                                               "options":  [

                                                           ],
                                               "booleanActions":  0,
                                               "policyType":  42,
                                               "enabled":  true
                                           }
                                       ]
}
