﻿{
    "kernelextensions_macextensions":  [
                                           {
                                               "isSettingDescription":  false,
                                               "showAsSectionHeader":  false,
                                               "dataType":  8,
                                               "category":  70,
                                               "nameResourceKey":  "MacExtensionsKernelExtensionsHeader",
                                               "childSettings":  [

                                                                 ],
                                               "options":  [

                                                           ],
                                               "booleanActions":  0,
                                               "policyType":  60,
                                               "enabled":  true
                                           },
                                           {
                                               "isSettingDescription":  false,
                                               "showAsSectionHeader":  true,
                                               "dataType":  8,
                                               "category":  70,
                                               "nameResourceKey":  "userApprovedAndAutomatedDeviceEnrollmentHeaderNameMac",
                                               "descriptionResourceKey":  "userApprovedAndAutomatedDeviceEnrollmentHeaderDescriptionMac",
                                               "childSettings":  [
                                                                     {
                                                                         "dataType":  0,
                                                                         "category":  70,
                                                                         "nameResourceKey":  "macKernelExtensionsAllowUserOverridesName",
                                                                         "descriptionResourceKey":  "macKernelExtensionsAllowUserOverridesDescription",
                                                                         "childSettings":  [

                                                                                           ],
                                                                         "options":  [

                                                                                     ],
                                                                         "entityKey":  "kernelExtensionOverridesAllowed",
                                                                         "booleanActions":  9,
                                                                         "defaultValue":  false,
                                                                         "policyType":  60,
                                                                         "enabled":  true
                                                                     },
                                                                     {
                                                                         "columns":  [
                                                                                         {
                                                                                             "metadata":  {
                                                                                                              "dataType":  20,
                                                                                                              "category":  70,
                                                                                                              "nameResourceKey":  "teamIdentifier",
                                                                                                              "emptyValueResourceKey":  "macTeamIdentifierExample",
                                                                                                              "childSettings":  [

                                                                                                                                ],
                                                                                                              "options":  [

                                                                                                                          ],
                                                                                                              "entityKey":  "kernelExtensionAllowedTeamIdentifiers",
                                                                                                              "booleanActions":  0,
                                                                                                              "policyType":  60,
                                                                                                              "enabled":  true
                                                                                                          }
                                                                                         }
                                                                                     ],
                                                                         "dataType":  21,
                                                                         "category":  70,
                                                                         "nameResourceKey":  "macKernelExtensionsAllowedTeamIdsTableName",
                                                                         "descriptionResourceKey":  "macKernelExtensionsAllowedTeamIdsTableDescription",
                                                                         "childSettings":  [

                                                                                           ],
                                                                         "options":  [

                                                                                     ],
                                                                         "entityKey":  "kernelExtensionAllowedTeamIdentifiers",
                                                                         "booleanActions":  0,
                                                                         "policyType":  60,
                                                                         "enabled":  true
                                                                     },
                                                                     {
                                                                         "columns":  [
                                                                                         {
                                                                                             "metadata":  {
                                                                                                              "dataType":  20,
                                                                                                              "category":  70,
                                                                                                              "nameResourceKey":  "macKernelExtensionsAllowedExtensionsBundleIdColumnName",
                                                                                                              "emptyValueResourceKey":  "macBundleIdentifierExample",
                                                                                                              "childSettings":  [

                                                                                                                                ],
                                                                                                              "options":  [

                                                                                                                          ],
                                                                                                              "entityKey":  "bundleId",
                                                                                                              "booleanActions":  0,
                                                                                                              "policyType":  60,
                                                                                                              "enabled":  true
                                                                                                          }
                                                                                         },
                                                                                         {
                                                                                             "metadata":  {
                                                                                                              "dataType":  20,
                                                                                                              "category":  70,
                                                                                                              "nameResourceKey":  "macKernelExtensionsAllowedExtensionsTeamIdColumnName",
                                                                                                              "emptyValueResourceKey":  "macTeamIdentifierExample",
                                                                                                              "childSettings":  [

                                                                                                                                ],
                                                                                                              "options":  [

                                                                                                                          ],
                                                                                                              "entityKey":  "teamIdentifier",
                                                                                                              "booleanActions":  0,
                                                                                                              "policyType":  60,
                                                                                                              "enabled":  true
                                                                                                          }
                                                                                         }
                                                                                     ],
                                                                         "dataType":  21,
                                                                         "category":  70,
                                                                         "nameResourceKey":  "macKernelExtensionsAllowedExtensionsTableName",
                                                                         "descriptionResourceKey":  "macKernelExtensionsAllowedExtensionsTableDescription",
                                                                         "childSettings":  [

                                                                                           ],
                                                                         "options":  [

                                                                                     ],
                                                                         "entityKey":  "kernelExtensionsAllowed",
                                                                         "booleanActions":  0,
                                                                         "policyType":  60,
                                                                         "enabled":  true
                                                                     }
                                                                 ],
                                               "options":  [

                                                           ],
                                               "booleanActions":  0,
                                               "policyType":  60,
                                               "enabled":  true
                                           }
                                       ]
}
