﻿{
    "kioskwebbrowser_windows10kiosk":  [
                                           {
                                               "isSettingDescription":  false,
                                               "showAsSectionHeader":  false,
                                               "dataType":  8,
                                               "category":  76,
                                               "nameResourceKey":  "win10KioskBrowserHeader",
                                               "childSettings":  [

                                                                 ],
                                               "options":  [

                                                           ],
                                               "booleanActions":  0,
                                               "policyType":  80,
                                               "enabled":  true
                                           },
                                           {
                                               "dataType":  20,
                                               "category":  76,
                                               "nameResourceKey":  "win10KioskBrowserDefaultWebsiteName",
                                               "descriptionResourceKey":  "win10KioskBrowserDefaultWebsiteDescription",
                                               "childSettings":  [

                                                                 ],
                                               "options":  [

                                                           ],
                                               "entityKey":  "kioskBrowserDefaultUrl",
                                               "booleanActions":  0,
                                               "defaultValue":  "http://bing.com",
                                               "policyType":  80,
                                               "enabled":  true
                                           },
                                           {
                                               "dataType":  19,
                                               "category":  76,
                                               "nameResourceKey":  "win10KioskBrowserHomeButtonName",
                                               "descriptionResourceKey":  "win10KioskBrowserHomeButtonDescription",
                                               "childSettings":  [

                                                                 ],
                                               "options":  [
                                                               {
                                                                   "nameResourceKey":  "show",
                                                                   "value":  true,
                                                                   "enabled":  true
                                                               },
                                                               {
                                                                   "nameResourceKey":  "hide",
                                                                   "value":  false,
                                                                   "enabled":  true
                                                               }
                                                           ],
                                               "entityKey":  "kioskBrowserEnableHomeButton",
                                               "booleanActions":  0,
                                               "defaultValue":  false,
                                               "unconfiguredValue":  false,
                                               "policyType":  80,
                                               "enabled":  true
                                           },
                                           {
                                               "dataType":  19,
                                               "category":  76,
                                               "nameResourceKey":  "win10KioskBrowserNavigationButtonName",
                                               "descriptionResourceKey":  "win10KioskBrowserNavigationButtonDescription",
                                               "childSettings":  [

                                                                 ],
                                               "options":  [
                                                               {
                                                                   "nameResourceKey":  "show",
                                                                   "value":  true,
                                                                   "enabled":  true
                                                               },
                                                               {
                                                                   "nameResourceKey":  "hide",
                                                                   "value":  false,
                                                                   "enabled":  true
                                                               }
                                                           ],
                                               "entityKey":  "kioskBrowserEnableNavigationButtons",
                                               "booleanActions":  0,
                                               "defaultValue":  false,
                                               "unconfiguredValue":  false,
                                               "policyType":  80,
                                               "enabled":  true
                                           },
                                           {
                                               "dataType":  19,
                                               "category":  76,
                                               "nameResourceKey":  "win10KioskBrowserEnableEndSessionButtonName",
                                               "descriptionResourceKey":  "win10KioskBrowserEnableEndSessionButtonDescription",
                                               "childSettings":  [

                                                                 ],
                                               "options":  [
                                                               {
                                                                   "nameResourceKey":  "show",
                                                                   "value":  true,
                                                                   "enabled":  true
                                                               },
                                                               {
                                                                   "nameResourceKey":  "hide",
                                                                   "value":  false,
                                                                   "enabled":  true
                                                               }
                                                           ],
                                               "entityKey":  "kioskBrowserEnableEndSessionButton",
                                               "booleanActions":  0,
                                               "defaultValue":  false,
                                               "unconfiguredValue":  false,
                                               "policyType":  80,
                                               "enabled":  true
                                           },
                                           {
                                               "dataType":  14,
                                               "category":  76,
                                               "nameResourceKey":  "win10KioskBrowserRestartAfterIdleTimeName",
                                               "descriptionResourceKey":  "win10KioskBrowserRestartAfterIdleTimeDescription",
                                               "emptyValueResourceKey":  "win10KioskBrowserRestartAfterIdleTimeExample",
                                               "childSettings":  [

                                                                 ],
                                               "options":  [

                                                           ],
                                               "entityKey":  "kioskBrowserRestartOnIdleTimeInMinutes",
                                               "booleanActions":  0,
                                               "policyType":  80,
                                               "enabled":  true
                                           },
                                           {
                                               "columns":  [
                                                               {
                                                                   "metadata":  {
                                                                                    "dataType":  20,
                                                                                    "category":  76,
                                                                                    "nameResourceKey":  "win10KioskBrowserDefaultWebsiteExample",
                                                                                    "childSettings":  [

                                                                                                      ],
                                                                                    "options":  [

                                                                                                ],
                                                                                    "entityKey":  "kioskBrowserBlockedURLs",
                                                                                    "booleanActions":  0,
                                                                                    "policyType":  80,
                                                                                    "enabled":  true
                                                                                }
                                                               }
                                                           ],
                                               "dataType":  21,
                                               "category":  76,
                                               "nameResourceKey":  "win10BlockedWebsitesName",
                                               "descriptionResourceKey":  "win10BlockedWebsitesDescription",
                                               "childSettings":  [

                                                                 ],
                                               "options":  [

                                                           ],
                                               "entityKey":  "kioskBrowserBlockedURLs",
                                               "booleanActions":  0,
                                               "policyType":  80,
                                               "enabled":  false
                                           },
                                           {
                                               "columns":  [
                                                               {
                                                                   "metadata":  {
                                                                                    "dataType":  20,
                                                                                    "category":  76,
                                                                                    "nameResourceKey":  "win10KioskBrowserDefaultWebsiteExample",
                                                                                    "childSettings":  [

                                                                                                      ],
                                                                                    "options":  [

                                                                                                ],
                                                                                    "entityKey":  "kioskBrowserBlockedUrlExceptions",
                                                                                    "booleanActions":  0,
                                                                                    "policyType":  80,
                                                                                    "enabled":  true
                                                                                }
                                                               }
                                                           ],
                                               "dataType":  21,
                                               "category":  76,
                                               "nameResourceKey":  "win10BlockedWebsiteExceptionsName",
                                               "descriptionResourceKey":  "win10BlockedWebsiteExceptionsDescription",
                                               "childSettings":  [

                                                                 ],
                                               "options":  [

                                                           ],
                                               "entityKey":  "kioskBrowserBlockedUrlExceptions",
                                               "booleanActions":  0,
                                               "policyType":  80,
                                               "enabled":  false
                                           },
                                           {
                                               "columns":  [
                                                               {
                                                                   "metadata":  {
                                                                                    "dataType":  20,
                                                                                    "category":  76,
                                                                                    "nameResourceKey":  "win10KioskBrowserDefaultWebsiteExample",
                                                                                    "childSettings":  [

                                                                                                      ],
                                                                                    "options":  [

                                                                                                ],
                                                                                    "entityKey":  "kioskBrowserBlockedUrlExceptions",
                                                                                    "booleanActions":  0,
                                                                                    "policyType":  80,
                                                                                    "enabled":  true
                                                                                }
                                                               }
                                                           ],
                                               "dataType":  21,
                                               "category":  76,
                                               "nameResourceKey":  "win10AllowedWebsitesName",
                                               "descriptionResourceKey":  "win10AllowedWebsitesDescription",
                                               "childSettings":  [

                                                                 ],
                                               "options":  [

                                                           ],
                                               "entityKey":  "kioskBrowserBlockedUrlExceptions",
                                               "booleanActions":  0,
                                               "policyType":  80,
                                               "enabled":  true
                                           }
                                       ]
}
