﻿{
    "lockscreenmessage_iosdevicefeatures":  [
                                                {
                                                    "isSettingDescription":  false,
                                                    "showAsSectionHeader":  false,
                                                    "dataType":  8,
                                                    "category":  79,
                                                    "nameResourceKey":  "IosDeviceFeaturesLockScreenMessageHeader",
                                                    "childSettings":  [

                                                                      ],
                                                    "options":  [

                                                                ],
                                                    "booleanActions":  0,
                                                    "policyType":  42,
                                                    "enabled":  true
                                                },
                                                {
                                                    "isSettingDescription":  false,
                                                    "showAsSectionHeader":  true,
                                                    "dataType":  8,
                                                    "category":  79,
                                                    "nameResourceKey":  "automatedDeviceEnrollmentHeaderName",
                                                    "descriptionResourceKey":  "automatedDeviceEnrollmentHeaderDescription",
                                                    "childSettings":  [
                                                                          {
                                                                              "dataType":  20,
                                                                              "category":  79,
                                                                              "nameResourceKey":  "deviceSharingLockScreenFootnoteName",
                                                                              "descriptionResourceKey":  "deviceSharingLockScreenFootnoteDescription",
                                                                              "emptyValueResourceKey":  "DeviceSharingLockScreenFootnoteExample",
                                                                              "childSettings":  [

                                                                                                ],
                                                                              "options":  [

                                                                                          ],
                                                                              "entityKey":  "lockScreenFootnote",
                                                                              "booleanActions":  0,
                                                                              "policyType":  42,
                                                                              "enabled":  true
                                                                          },
                                                                          {
                                                                              "dataType":  20,
                                                                              "category":  79,
                                                                              "nameResourceKey":  "deviceSharingAssetTagInformationName",
                                                                              "descriptionResourceKey":  "deviceSharingAssetTagInformationDescription",
                                                                              "emptyValueResourceKey":  "DeviceSharingAssetTagInformationExample",
                                                                              "childSettings":  [

                                                                                                ],
                                                                              "options":  [

                                                                                          ],
                                                                              "entityKey":  "assetTagTemplate",
                                                                              "booleanActions":  0,
                                                                              "policyType":  42,
                                                                              "enabled":  true
                                                                          }
                                                                      ],
                                                    "options":  [

                                                                ],
                                                    "booleanActions":  0,
                                                    "policyType":  42,
                                                    "enabled":  true
                                                }
                                            ]
}
