﻿{
    "logging_windows10general":  [
                                     {
                                         "dataType":  16,
                                         "category":  80,
                                         "nameResourceKey":  "blockDiagnosticDataSubmissionName",
                                         "descriptionResourceKey":  "diagnosticDataSubmissionLevelDescription",
                                         "childSettings":  [

                                                           ],
                                         "options":  [
                                                         {
                                                             "nameResourceKey":  "notConfigured",
                                                             "value":  "userDefined",
                                                             "children":  [
                                                                              {
                                                                                  "dataType":  16,
                                                                                  "category":  80,
                                                                                  "nameResourceKey":  "edgeTelemetryForMicrosoft365AnalyticsName",
                                                                                  "descriptionResourceKey":  "edgeTelemetryForMicrosoft365AnalyticsDescription",
                                                                                  "childSettings":  [

                                                                                                    ],
                                                                                  "options":  [
                                                                                                  {
                                                                                                      "nameResourceKey":  "notConfigured",
                                                                                                      "value":  "notConfigured",
                                                                                                      "enabled":  true
                                                                                                  },
                                                                                                  {
                                                                                                      "nameResourceKey":  "onlySendIntranetData",
                                                                                                      "value":  "intranet",
                                                                                                      "enabled":  true
                                                                                                  },
                                                                                                  {
                                                                                                      "nameResourceKey":  "onlySendInternetData",
                                                                                                      "value":  "internet",
                                                                                                      "enabled":  true
                                                                                                  },
                                                                                                  {
                                                                                                      "nameResourceKey":  "sendIntranetAndInternetData",
                                                                                                      "value":  "intranetAndInternet",
                                                                                                      "enabled":  true
                                                                                                  }
                                                                                              ],
                                                                                  "entityKey":  "edgeTelemetryForMicrosoft365Analytics",
                                                                                  "booleanActions":  0,
                                                                                  "defaultValue":  "notConfigured",
                                                                                  "unconfiguredValue":  "notConfigured",
                                                                                  "policyType":  79,
                                                                                  "enabled":  true
                                                                              }
                                                                          ],
                                                             "enabled":  true
                                                         },
                                                         {
                                                             "nameResourceKey":  "securityOption",
                                                             "value":  "none",
                                                             "children":  [
                                                                              {
                                                                                  "dataType":  16,
                                                                                  "category":  80,
                                                                                  "nameResourceKey":  "edgeTelemetryForMicrosoft365AnalyticsName",
                                                                                  "descriptionResourceKey":  "edgeTelemetryForMicrosoft365AnalyticsDescription",
                                                                                  "childSettings":  [

                                                                                                    ],
                                                                                  "options":  [
                                                                                                  {
                                                                                                      "nameResourceKey":  "notConfigured",
                                                                                                      "value":  "notConfigured",
                                                                                                      "enabled":  true
                                                                                                  },
                                                                                                  {
                                                                                                      "nameResourceKey":  "onlySendIntranetData",
                                                                                                      "value":  "intranet",
                                                                                                      "enabled":  true
                                                                                                  },
                                                                                                  {
                                                                                                      "nameResourceKey":  "onlySendInternetData",
                                                                                                      "value":  "internet",
                                                                                                      "enabled":  true
                                                                                                  },
                                                                                                  {
                                                                                                      "nameResourceKey":  "sendIntranetAndInternetData",
                                                                                                      "value":  "intranetAndInternet",
                                                                                                      "enabled":  true
                                                                                                  }
                                                                                              ],
                                                                                  "entityKey":  "edgeTelemetryForMicrosoft365Analytics",
                                                                                  "booleanActions":  0,
                                                                                  "defaultValue":  "notConfigured",
                                                                                  "unconfiguredValue":  "notConfigured",
                                                                                  "policyType":  79,
                                                                                  "enabled":  true
                                                                              }
                                                                          ],
                                                             "enabled":  true
                                                         },
                                                         {
                                                             "nameResourceKey":  "basicOption",
                                                             "value":  "basic",
                                                             "children":  [
                                                                              {
                                                                                  "dataType":  16,
                                                                                  "category":  80,
                                                                                  "nameResourceKey":  "edgeTelemetryForMicrosoft365AnalyticsName",
                                                                                  "descriptionResourceKey":  "edgeTelemetryForMicrosoft365AnalyticsDescription",
                                                                                  "childSettings":  [

                                                                                                    ],
                                                                                  "options":  [
                                                                                                  {
                                                                                                      "nameResourceKey":  "notConfigured",
                                                                                                      "value":  "notConfigured",
                                                                                                      "enabled":  true
                                                                                                  },
                                                                                                  {
                                                                                                      "nameResourceKey":  "onlySendIntranetData",
                                                                                                      "value":  "intranet",
                                                                                                      "enabled":  true
                                                                                                  },
                                                                                                  {
                                                                                                      "nameResourceKey":  "onlySendInternetData",
                                                                                                      "value":  "internet",
                                                                                                      "enabled":  true
                                                                                                  },
                                                                                                  {
                                                                                                      "nameResourceKey":  "sendIntranetAndInternetData",
                                                                                                      "value":  "intranetAndInternet",
                                                                                                      "enabled":  true
                                                                                                  }
                                                                                              ],
                                                                                  "entityKey":  "edgeTelemetryForMicrosoft365Analytics",
                                                                                  "booleanActions":  0,
                                                                                  "defaultValue":  "notConfigured",
                                                                                  "unconfiguredValue":  "notConfigured",
                                                                                  "policyType":  79,
                                                                                  "enabled":  true
                                                                              }
                                                                          ],
                                                             "enabled":  true
                                                         },
                                                         {
                                                             "nameResourceKey":  "enhancedOption",
                                                             "value":  "enhanced",
                                                             "children":  [
                                                                              {
                                                                                  "dataType":  16,
                                                                                  "category":  80,
                                                                                  "nameResourceKey":  "edgeTelemetryForMicrosoft365AnalyticsName",
                                                                                  "descriptionResourceKey":  "edgeTelemetryForMicrosoft365AnalyticsDescription",
                                                                                  "childSettings":  [

                                                                                                    ],
                                                                                  "options":  [
                                                                                                  {
                                                                                                      "nameResourceKey":  "notConfigured",
                                                                                                      "value":  "notConfigured",
                                                                                                      "enabled":  true
                                                                                                  },
                                                                                                  {
                                                                                                      "nameResourceKey":  "onlySendIntranetData",
                                                                                                      "value":  "intranet",
                                                                                                      "enabled":  true
                                                                                                  },
                                                                                                  {
                                                                                                      "nameResourceKey":  "onlySendInternetData",
                                                                                                      "value":  "internet",
                                                                                                      "enabled":  true
                                                                                                  },
                                                                                                  {
                                                                                                      "nameResourceKey":  "sendIntranetAndInternetData",
                                                                                                      "value":  "intranetAndInternet",
                                                                                                      "enabled":  true
                                                                                                  }
                                                                                              ],
                                                                                  "entityKey":  "edgeTelemetryForMicrosoft365Analytics",
                                                                                  "booleanActions":  0,
                                                                                  "defaultValue":  "notConfigured",
                                                                                  "unconfiguredValue":  "notConfigured",
                                                                                  "policyType":  79,
                                                                                  "enabled":  true
                                                                              }
                                                                          ],
                                                             "enabled":  true
                                                         },
                                                         {
                                                             "nameResourceKey":  "fullOption",
                                                             "value":  "full",
                                                             "children":  [
                                                                              {
                                                                                  "dataType":  16,
                                                                                  "category":  80,
                                                                                  "nameResourceKey":  "edgeTelemetryForMicrosoft365AnalyticsName",
                                                                                  "descriptionResourceKey":  "edgeTelemetryForMicrosoft365AnalyticsDescription",
                                                                                  "childSettings":  [

                                                                                                    ],
                                                                                  "options":  [
                                                                                                  {
                                                                                                      "nameResourceKey":  "notConfigured",
                                                                                                      "value":  "notConfigured",
                                                                                                      "enabled":  true
                                                                                                  },
                                                                                                  {
                                                                                                      "nameResourceKey":  "onlySendIntranetData",
                                                                                                      "value":  "intranet",
                                                                                                      "enabled":  true
                                                                                                  },
                                                                                                  {
                                                                                                      "nameResourceKey":  "onlySendInternetData",
                                                                                                      "value":  "internet",
                                                                                                      "enabled":  true
                                                                                                  },
                                                                                                  {
                                                                                                      "nameResourceKey":  "sendIntranetAndInternetData",
                                                                                                      "value":  "intranetAndInternet",
                                                                                                      "enabled":  true
                                                                                                  }
                                                                                              ],
                                                                                  "entityKey":  "edgeTelemetryForMicrosoft365Analytics",
                                                                                  "booleanActions":  0,
                                                                                  "defaultValue":  "notConfigured",
                                                                                  "unconfiguredValue":  "notConfigured",
                                                                                  "policyType":  79,
                                                                                  "enabled":  true
                                                                              }
                                                                          ],
                                                             "enabled":  true
                                                         }
                                                     ],
                                         "entityKey":  "diagnosticsDataSubmissionMode",
                                         "booleanActions":  0,
                                         "defaultValue":  "userDefined",
                                         "unconfiguredValue":  "userDefined",
                                         "policyType":  79,
                                         "enabled":  true
                                     },
                                     {
                                         "dataType":  20,
                                         "category":  80,
                                         "nameResourceKey":  "SystemTelemetryProxyServerName",
                                         "descriptionResourceKey":  "SystemTelemetryProxyServerDescription",
                                         "emptyValueResourceKey":  "SystemTelemetryProxyServerExample",
                                         "childSettings":  [

                                                           ],
                                         "options":  [

                                                     ],
                                         "entityKey":  "systemTelemetryProxyServer",
                                         "booleanActions":  0,
                                         "policyType":  79,
                                         "enabled":  true
                                     }
                                 ]
}
