﻿{
    "loginwindow_macdevicefeatures":  [
                                          {
                                              "isSettingDescription":  false,
                                              "showAsSectionHeader":  false,
                                              "dataType":  8,
                                              "category":  82,
                                              "nameResourceKey":  "MacDeviceFeaturesLoginWindowHeader",
                                              "childSettings":  [

                                                                ],
                                              "options":  [

                                                          ],
                                              "booleanActions":  0,
                                              "policyType":  58,
                                              "enabled":  true
                                          },
                                          {
                                              "isSettingDescription":  false,
                                              "showAsSectionHeader":  true,
                                              "dataType":  8,
                                              "category":  82,
                                              "nameResourceKey":  "allEnrollmentTypesHeaderNameMac",
                                              "descriptionResourceKey":  "allEnrollmentTypesHeaderDescriptionMac",
                                              "childSettings":  [
                                                                    {
                                                                        "isSettingDescription":  false,
                                                                        "showAsSectionHeader":  false,
                                                                        "dataType":  8,
                                                                        "category":  82,
                                                                        "nameResourceKey":  "loginWindowLayoutHeader",
                                                                        "childSettings":  [
                                                                                              {
                                                                                                  "dataType":  0,
                                                                                                  "category":  82,
                                                                                                  "nameResourceKey":  "LoginWindowAdminShowHostInfoName",
                                                                                                  "descriptionResourceKey":  "LoginWindowAdminShowHostInfoDescription",
                                                                                                  "childSettings":  [

                                                                                                                    ],
                                                                                                  "options":  [

                                                                                                              ],
                                                                                                  "entityKey":  "adminShowHostInfo",
                                                                                                  "booleanActions":  9,
                                                                                                  "defaultValue":  false,
                                                                                                  "policyType":  58,
                                                                                                  "enabled":  true
                                                                                              },
                                                                                              {
                                                                                                  "dataType":  20,
                                                                                                  "category":  82,
                                                                                                  "nameResourceKey":  "loginWindowTextName",
                                                                                                  "descriptionResourceKey":  "loginWindowTextDescription",
                                                                                                  "childSettings":  [

                                                                                                                    ],
                                                                                                  "options":  [

                                                                                                              ],
                                                                                                  "entityKey":  "loginWindowText",
                                                                                                  "booleanActions":  0,
                                                                                                  "policyType":  58,
                                                                                                  "enabled":  true
                                                                                              },
                                                                                              {
                                                                                                  "dataType":  0,
                                                                                                  "category":  82,
                                                                                                  "nameResourceKey":  "loginWindowFormatName",
                                                                                                  "descriptionResourceKey":  "loginWindowFormatDescription",
                                                                                                  "childSettings":  [
                                                                                                                        {
                                                                                                                            "dataType":  0,
                                                                                                                            "category":  82,
                                                                                                                            "nameResourceKey":  "AuthorizedUsersListHideLocalUsersName",
                                                                                                                            "childSettings":  [

                                                                                                                                              ],
                                                                                                                            "options":  [

                                                                                                                                        ],
                                                                                                                            "entityKey":  "authorizedUsersListHideLocalUsers",
                                                                                                                            "booleanActions":  9,
                                                                                                                            "defaultValue":  false,
                                                                                                                            "unconfiguredValue":  false,
                                                                                                                            "policyType":  58,
                                                                                                                            "enabled":  true
                                                                                                                        },
                                                                                                                        {
                                                                                                                            "dataType":  0,
                                                                                                                            "category":  82,
                                                                                                                            "nameResourceKey":  "AuthorizedUsersListHideMobileAccountsName",
                                                                                                                            "childSettings":  [

                                                                                                                                              ],
                                                                                                                            "options":  [

                                                                                                                                        ],
                                                                                                                            "entityKey":  "authorizedUsersListHideMobileAccounts",
                                                                                                                            "booleanActions":  9,
                                                                                                                            "defaultValue":  false,
                                                                                                                            "unconfiguredValue":  false,
                                                                                                                            "policyType":  58,
                                                                                                                            "enabled":  true
                                                                                                                        },
                                                                                                                        {
                                                                                                                            "dataType":  0,
                                                                                                                            "category":  82,
                                                                                                                            "nameResourceKey":  "AuthorizedUsersListIncludeNetworkUsersName",
                                                                                                                            "childSettings":  [

                                                                                                                                              ],
                                                                                                                            "options":  [

                                                                                                                                        ],
                                                                                                                            "entityKey":  "authorizedUsersListIncludeNetworkUsers",
                                                                                                                            "booleanActions":  9,
                                                                                                                            "defaultValue":  false,
                                                                                                                            "unconfiguredValue":  false,
                                                                                                                            "policyType":  58,
                                                                                                                            "enabled":  true
                                                                                                                        },
                                                                                                                        {
                                                                                                                            "dataType":  0,
                                                                                                                            "category":  82,
                                                                                                                            "nameResourceKey":  "AuthorizedUsersListHideAdminUsersName",
                                                                                                                            "childSettings":  [

                                                                                                                                              ],
                                                                                                                            "options":  [

                                                                                                                                        ],
                                                                                                                            "entityKey":  "authorizedUsersListHideAdminUsers",
                                                                                                                            "booleanActions":  9,
                                                                                                                            "defaultValue":  false,
                                                                                                                            "unconfiguredValue":  false,
                                                                                                                            "policyType":  58,
                                                                                                                            "enabled":  true
                                                                                                                        },
                                                                                                                        {
                                                                                                                            "dataType":  0,
                                                                                                                            "category":  82,
                                                                                                                            "nameResourceKey":  "AuthorizedUsersListShowOtherManagedUsersName",
                                                                                                                            "childSettings":  [

                                                                                                                                              ],
                                                                                                                            "options":  [

                                                                                                                                        ],
                                                                                                                            "entityKey":  "authorizedUsersListShowOtherManagedUsers",
                                                                                                                            "booleanActions":  9,
                                                                                                                            "defaultValue":  false,
                                                                                                                            "unconfiguredValue":  false,
                                                                                                                            "policyType":  58,
                                                                                                                            "enabled":  true
                                                                                                                        }
                                                                                                                    ],
                                                                                                  "options":  [

                                                                                                              ],
                                                                                                  "entityKey":  "authorizedUsersListHidden",
                                                                                                  "booleanActions":  9,
                                                                                                  "defaultValue":  false,
                                                                                                  "policyType":  58,
                                                                                                  "enabled":  true
                                                                                              }
                                                                                          ],
                                                                        "options":  [

                                                                                    ],
                                                                        "booleanActions":  0,
                                                                        "policyType":  58,
                                                                        "enabled":  true
                                                                    },
                                                                    {
                                                                        "isSettingDescription":  false,
                                                                        "showAsSectionHeader":  false,
                                                                        "dataType":  8,
                                                                        "category":  82,
                                                                        "nameResourceKey":  "loginWindowPowerSettingsHeader",
                                                                        "childSettings":  [
                                                                                              {
                                                                                                  "dataType":  0,
                                                                                                  "category":  82,
                                                                                                  "nameResourceKey":  "LoginWindowShutDownDisabledName",
                                                                                                  "childSettings":  [

                                                                                                                    ],
                                                                                                  "options":  [

                                                                                                              ],
                                                                                                  "entityKey":  "shutDownDisabled",
                                                                                                  "booleanActions":  9,
                                                                                                  "defaultValue":  false,
                                                                                                  "policyType":  58,
                                                                                                  "enabled":  true
                                                                                              },
                                                                                              {
                                                                                                  "dataType":  0,
                                                                                                  "category":  82,
                                                                                                  "nameResourceKey":  "LoginWindowRestartDisabledName",
                                                                                                  "childSettings":  [

                                                                                                                    ],
                                                                                                  "options":  [

                                                                                                              ],
                                                                                                  "entityKey":  "restartDisabled",
                                                                                                  "booleanActions":  9,
                                                                                                  "defaultValue":  false,
                                                                                                  "policyType":  58,
                                                                                                  "enabled":  true
                                                                                              },
                                                                                              {
                                                                                                  "dataType":  0,
                                                                                                  "category":  82,
                                                                                                  "nameResourceKey":  "LoginWindowSleepDisabledUsersName",
                                                                                                  "childSettings":  [

                                                                                                                    ],
                                                                                                  "options":  [

                                                                                                              ],
                                                                                                  "entityKey":  "sleepDisabled",
                                                                                                  "booleanActions":  9,
                                                                                                  "defaultValue":  false,
                                                                                                  "policyType":  58,
                                                                                                  "enabled":  true
                                                                                              }
                                                                                          ],
                                                                        "options":  [

                                                                                    ],
                                                                        "booleanActions":  0,
                                                                        "policyType":  58,
                                                                        "enabled":  true
                                                                    },
                                                                    {
                                                                        "isSettingDescription":  false,
                                                                        "showAsSectionHeader":  false,
                                                                        "dataType":  8,
                                                                        "category":  82,
                                                                        "nameResourceKey":  "loginWindowOtherHeader",
                                                                        "childSettings":  [
                                                                                              {
                                                                                                  "dataType":  0,
                                                                                                  "category":  82,
                                                                                                  "nameResourceKey":  "LoginWindowConsoleAccessDisabledName",
                                                                                                  "childSettings":  [

                                                                                                                    ],
                                                                                                  "options":  [

                                                                                                              ],
                                                                                                  "entityKey":  "consoleAccessDisabled",
                                                                                                  "booleanActions":  9,
                                                                                                  "defaultValue":  false,
                                                                                                  "policyType":  58,
                                                                                                  "enabled":  true
                                                                                              }
                                                                                          ],
                                                                        "options":  [

                                                                                    ],
                                                                        "booleanActions":  0,
                                                                        "policyType":  58,
                                                                        "enabled":  true
                                                                    },
                                                                    {
                                                                        "isSettingDescription":  false,
                                                                        "showAsSectionHeader":  false,
                                                                        "dataType":  8,
                                                                        "category":  82,
                                                                        "nameResourceKey":  "loginWindowAppleMenuHeaderName",
                                                                        "descriptionResourceKey":  "loginWindowAppleMenuHeaderDescription",
                                                                        "childSettings":  [
                                                                                              {
                                                                                                  "dataType":  0,
                                                                                                  "category":  82,
                                                                                                  "nameResourceKey":  "LoginWindowShutDownDisabledWhileLoggedInName",
                                                                                                  "childSettings":  [

                                                                                                                    ],
                                                                                                  "options":  [

                                                                                                              ],
                                                                                                  "entityKey":  "shutDownDisabledWhileLoggedIn",
                                                                                                  "booleanActions":  9,
                                                                                                  "defaultValue":  false,
                                                                                                  "policyType":  58,
                                                                                                  "enabled":  true
                                                                                              },
                                                                                              {
                                                                                                  "dataType":  0,
                                                                                                  "category":  82,
                                                                                                  "nameResourceKey":  "LoginWindowRestartDisabledWhileLoggedInName",
                                                                                                  "childSettings":  [

                                                                                                                    ],
                                                                                                  "options":  [

                                                                                                              ],
                                                                                                  "entityKey":  "restartDisabledWhileLoggedIn",
                                                                                                  "booleanActions":  9,
                                                                                                  "defaultValue":  false,
                                                                                                  "policyType":  58,
                                                                                                  "enabled":  true
                                                                                              },
                                                                                              {
                                                                                                  "dataType":  0,
                                                                                                  "category":  82,
                                                                                                  "nameResourceKey":  "LoginWindowPowerOffDisabledWhileLoggedInName",
                                                                                                  "childSettings":  [

                                                                                                                    ],
                                                                                                  "options":  [

                                                                                                              ],
                                                                                                  "entityKey":  "powerOffDisabledWhileLoggedIn",
                                                                                                  "booleanActions":  9,
                                                                                                  "defaultValue":  false,
                                                                                                  "policyType":  58,
                                                                                                  "enabled":  true
                                                                                              },
                                                                                              {
                                                                                                  "dataType":  0,
                                                                                                  "category":  82,
                                                                                                  "nameResourceKey":  "LoginWindowLogOutDisabledWhileLoggedInName",
                                                                                                  "childSettings":  [

                                                                                                                    ],
                                                                                                  "options":  [

                                                                                                              ],
                                                                                                  "entityKey":  "logOutDisabledWhileLoggedIn",
                                                                                                  "booleanActions":  9,
                                                                                                  "defaultValue":  false,
                                                                                                  "policyType":  58,
                                                                                                  "enabled":  true
                                                                                              },
                                                                                              {
                                                                                                  "dataType":  0,
                                                                                                  "category":  82,
                                                                                                  "nameResourceKey":  "LoginWindowScreenLockDisableImmediateName",
                                                                                                  "descriptionResourceKey":  "LoginWindowScreenLockDisableImmediateDescription",
                                                                                                  "childSettings":  [

                                                                                                                    ],
                                                                                                  "options":  [

                                                                                                              ],
                                                                                                  "entityKey":  "screenLockDisableImmediate",
                                                                                                  "booleanActions":  9,
                                                                                                  "defaultValue":  false,
                                                                                                  "policyType":  58,
                                                                                                  "enabled":  true
                                                                                              }
                                                                                          ],
                                                                        "options":  [

                                                                                    ],
                                                                        "booleanActions":  0,
                                                                        "policyType":  58,
                                                                        "enabled":  true
                                                                    }
                                                                ],
                                              "options":  [

                                                          ],
                                              "booleanActions":  0,
                                              "policyType":  58,
                                              "enabled":  true
                                          }
                                      ]
}
