﻿{
    "password_windows8general":  [
                                     {
                                         "dataType":  16,
                                         "category":  90,
                                         "nameResourceKey":  "requiredPasswordTypeName",
                                         "descriptionResourceKey":  "requiredPasswordTypeDescription",
                                         "childSettings":  [

                                                           ],
                                         "options":  [
                                                         {
                                                             "nameResourceKey":  "notConfigured",
                                                             "value":  "deviceDefault",
                                                             "enabled":  true
                                                         },
                                                         {
                                                             "nameResourceKey":  "alphanumericPasswordTypeName",
                                                             "value":  "alphanumeric",
                                                             "children":  [
                                                                              {
                                                                                  "dataType":  16,
                                                                                  "category":  90,
                                                                                  "nameResourceKey":  "windowsPasswordRequiredTypeName",
                                                                                  "descriptionResourceKey":  "windowsPasswordRequiredTypeDescription",
                                                                                  "childSettings":  [

                                                                                                    ],
                                                                                  "options":  [
                                                                                                  {
                                                                                                      "nameResourceKey":  "numsLowerLettersOption",
                                                                                                      "value":  2,
                                                                                                      "enabled":  true
                                                                                                  },
                                                                                                  {
                                                                                                      "nameResourceKey":  "numsLowerUpperLettersOption",
                                                                                                      "value":  3,
                                                                                                      "enabled":  true
                                                                                                  },
                                                                                                  {
                                                                                                      "nameResourceKey":  "numsLowerUpperLettersSpecialCharsOption",
                                                                                                      "value":  4,
                                                                                                      "enabled":  true
                                                                                                  }
                                                                                              ],
                                                                                  "entityKey":  "passwordMinimumCharacterSetCount",
                                                                                  "booleanActions":  0,
                                                                                  "defaultValue":  2,
                                                                                  "policyType":  92,
                                                                                  "enabled":  true
                                                                              }
                                                                          ],
                                                             "enabled":  true
                                                         },
                                                         {
                                                             "nameResourceKey":  "numericPasswordTypeName",
                                                             "value":  "numeric",
                                                             "enabled":  true
                                                         }
                                                     ],
                                         "entityKey":  "passwordRequiredType",
                                         "booleanActions":  0,
                                         "defaultValue":  "deviceDefault",
                                         "unconfiguredValue":  "deviceDefault",
                                         "policyType":  92,
                                         "enabled":  true
                                     },
                                     {
                                         "dataType":  14,
                                         "category":  90,
                                         "nameResourceKey":  "minimumPasswordLengthName",
                                         "descriptionResourceKey":  "minimumPasswordLengthDescription",
                                         "emptyValueResourceKey":  "minimumPasswordLengthEmptyValueKeySixToSixteen",
                                         "childSettings":  [

                                                           ],
                                         "options":  [

                                                     ],
                                         "entityKey":  "passwordMinimumLength",
                                         "booleanActions":  0,
                                         "defaultValue":  6,
                                         "policyType":  92,
                                         "enabled":  true
                                     },
                                     {
                                         "dataType":  14,
                                         "category":  90,
                                         "nameResourceKey":  "numberOfSignInFailuresBeforeWipeName",
                                         "descriptionResourceKey":  "numberOfSignInFailuresBeforeWipeDescription",
                                         "emptyValueResourceKey":  "numberOfSignInFailuresBeforeWipeEmptyValueKey",
                                         "childSettings":  [

                                                           ],
                                         "options":  [

                                                     ],
                                         "entityKey":  "passwordSignInFailureCountBeforeFactoryReset",
                                         "booleanActions":  0,
                                         "defaultValue":  14,
                                         "policyType":  92,
                                         "enabled":  true
                                     },
                                     {
                                         "dataType":  16,
                                         "category":  90,
                                         "nameResourceKey":  "minutesOfInactivityBeforeScreenTurnsOffName",
                                         "descriptionResourceKey":  "minutesOfInactivityBeforeScreenTurnsOffDescription",
                                         "childSettings":  [

                                                           ],
                                         "options":  [
                                                         {
                                                             "nameResourceKey":  "notConfigured",
                                                             "enabled":  true
                                                         },
                                                         {
                                                             "nameResourceKey":  "oneMinuteOption",
                                                             "value":  1,
                                                             "enabled":  true
                                                         },
                                                         {
                                                             "nameResourceKey":  "fiveMinutesOption",
                                                             "value":  5,
                                                             "enabled":  true
                                                         },
                                                         {
                                                             "nameResourceKey":  "fifteenMinutesOption",
                                                             "value":  15,
                                                             "enabled":  true
                                                         },
                                                         {
                                                             "nameResourceKey":  "thirtyMinutesOption",
                                                             "value":  30,
                                                             "enabled":  true
                                                         },
                                                         {
                                                             "nameResourceKey":  "oneHourOption",
                                                             "value":  60,
                                                             "enabled":  true
                                                         }
                                                     ],
                                         "entityKey":  "passwordMinutesOfInactivityBeforeScreenTimeout",
                                         "booleanActions":  0,
                                         "policyType":  92,
                                         "enabled":  true
                                     },
                                     {
                                         "dataType":  14,
                                         "category":  90,
                                         "nameResourceKey":  "passwordExpirationInDaysName",
                                         "descriptionResourceKey":  "passwordExpirationInDaysDescription",
                                         "emptyValueResourceKey":  "passwordExpirationInDaysEmptyValueKey",
                                         "childSettings":  [

                                                           ],
                                         "options":  [

                                                     ],
                                         "entityKey":  "passwordExpirationDays",
                                         "booleanActions":  0,
                                         "defaultValue":  41,
                                         "policyType":  92,
                                         "enabled":  true
                                     },
                                     {
                                         "dataType":  14,
                                         "category":  90,
                                         "nameResourceKey":  "numberOfPreviousPasswordsToBlockName",
                                         "descriptionResourceKey":  "numberOfPreviousPasswordsToBlockDescription",
                                         "emptyValueResourceKey":  "numberOfPreviousPasswordsToBlockEmptyValueKey",
                                         "childSettings":  [

                                                           ],
                                         "options":  [

                                                     ],
                                         "entityKey":  "passwordPreviousPasswordBlockCount",
                                         "booleanActions":  0,
                                         "policyType":  92,
                                         "enabled":  true
                                     },
                                     {
                                         "dataType":  0,
                                         "category":  90,
                                         "nameResourceKey":  "blockPicturePasswordAndPINName",
                                         "descriptionResourceKey":  "blockPicturePasswordAndPINDescription",
                                         "childSettings":  [

                                                           ],
                                         "options":  [

                                                     ],
                                         "entityKey":  "passwordBlockPicturePasswordAndPin",
                                         "booleanActions":  3,
                                         "defaultValue":  false,
                                         "policyType":  92,
                                         "enabled":  true
                                     },
                                     {
                                         "dataType":  0,
                                         "category":  90,
                                         "nameResourceKey":  "requireEncryptionName",
                                         "descriptionResourceKey":  "requireEncryptionDescription",
                                         "childSettings":  [

                                                           ],
                                         "options":  [

                                                     ],
                                         "entityKey":  "storageRequireDeviceEncryption",
                                         "booleanActions":  1,
                                         "defaultValue":  false,
                                         "policyType":  92,
                                         "enabled":  true
                                     }
                                 ]
}
