﻿{
    "password_windowsphonegeneral":  [
                                         {
                                             "dataType":  0,
                                             "category":  90,
                                             "nameResourceKey":  "requirePasswordName",
                                             "descriptionResourceKey":  "requirePasswordDescription",
                                             "childSettings":  [
                                                                   {
                                                                       "dataType":  16,
                                                                       "category":  90,
                                                                       "nameResourceKey":  "requiredPasswordTypeName",
                                                                       "descriptionResourceKey":  "requiredPasswordTypeDescription",
                                                                       "childSettings":  [

                                                                                         ],
                                                                       "options":  [
                                                                                       {
                                                                                           "nameResourceKey":  "deviceDefault",
                                                                                           "value":  "deviceDefault",
                                                                                           "enabled":  true
                                                                                       },
                                                                                       {
                                                                                           "nameResourceKey":  "alphanumericPasswordTypeName",
                                                                                           "value":  "alphanumeric",
                                                                                           "children":  [
                                                                                                            {
                                                                                                                "dataType":  16,
                                                                                                                "category":  90,
                                                                                                                "nameResourceKey":  "minimumNumberOfCharacterSetsName",
                                                                                                                "descriptionResourceKey":  "minimumNumberOfCharacterSetsDescription",
                                                                                                                "childSettings":  [

                                                                                                                                  ],
                                                                                                                "options":  [
                                                                                                                                {
                                                                                                                                    "displayText":  "1",
                                                                                                                                    "value":  1,
                                                                                                                                    "enabled":  true
                                                                                                                                },
                                                                                                                                {
                                                                                                                                    "displayText":  "2",
                                                                                                                                    "value":  2,
                                                                                                                                    "enabled":  true
                                                                                                                                },
                                                                                                                                {
                                                                                                                                    "displayText":  "3",
                                                                                                                                    "value":  3,
                                                                                                                                    "enabled":  true
                                                                                                                                },
                                                                                                                                {
                                                                                                                                    "displayText":  "4",
                                                                                                                                    "value":  4,
                                                                                                                                    "enabled":  true
                                                                                                                                }
                                                                                                                            ],
                                                                                                                "entityKey":  "passwordMinimumCharacterSetCount",
                                                                                                                "booleanActions":  0,
                                                                                                                "defaultValue":  1,
                                                                                                                "policyType":  101,
                                                                                                                "enabled":  true
                                                                                                            }
                                                                                                        ],
                                                                                           "enabled":  true
                                                                                       },
                                                                                       {
                                                                                           "nameResourceKey":  "numericPasswordTypeName",
                                                                                           "value":  "numeric",
                                                                                           "enabled":  true
                                                                                       }
                                                                                   ],
                                                                       "entityKey":  "passwordRequiredType",
                                                                       "booleanActions":  0,
                                                                       "defaultValue":  "deviceDefault",
                                                                       "unconfiguredValue":  "deviceDefault",
                                                                       "policyType":  101,
                                                                       "enabled":  true
                                                                   },
                                                                   {
                                                                       "dataType":  14,
                                                                       "category":  90,
                                                                       "nameResourceKey":  "minimumPasswordLengthName",
                                                                       "descriptionResourceKey":  "minimumPasswordLengthDescription",
                                                                       "emptyValueResourceKey":  "minimumPasswordLengthEmptyValueKeyFourToSixteen",
                                                                       "childSettings":  [

                                                                                         ],
                                                                       "options":  [

                                                                                   ],
                                                                       "entityKey":  "passwordMinimumLength",
                                                                       "booleanActions":  0,
                                                                       "defaultValue":  4,
                                                                       "policyType":  101,
                                                                       "enabled":  true
                                                                   },
                                                                   {
                                                                       "dataType":  0,
                                                                       "category":  90,
                                                                       "nameResourceKey":  "blockSimplePasswordsName",
                                                                       "descriptionResourceKey":  "blockSimplePasswordsDescription",
                                                                       "childSettings":  [

                                                                                         ],
                                                                       "options":  [

                                                                                   ],
                                                                       "entityKey":  "passwordBlockSimple",
                                                                       "booleanActions":  3,
                                                                       "defaultValue":  false,
                                                                       "policyType":  101,
                                                                       "enabled":  true
                                                                   },
                                                                   {
                                                                       "dataType":  14,
                                                                       "category":  90,
                                                                       "nameResourceKey":  "numberOfSignInFailuresBeforeWipeName",
                                                                       "descriptionResourceKey":  "numberOfSignInFailuresBeforeWipeDescription",
                                                                       "emptyValueResourceKey":  "numberOfSignInFailuresBeforeWipeEmptyValueKey",
                                                                       "childSettings":  [

                                                                                         ],
                                                                       "options":  [

                                                                                   ],
                                                                       "entityKey":  "passwordSignInFailureCountBeforeFactoryReset",
                                                                       "booleanActions":  0,
                                                                       "defaultValue":  4,
                                                                       "policyType":  101,
                                                                       "enabled":  true
                                                                   },
                                                                   {
                                                                       "dataType":  16,
                                                                       "category":  90,
                                                                       "nameResourceKey":  "minutesOfInactivityBeforeScreenTurnsOffName",
                                                                       "descriptionResourceKey":  "minutesOfInactivityBeforeScreenTurnsOffDescription",
                                                                       "childSettings":  [

                                                                                         ],
                                                                       "options":  [
                                                                                       {
                                                                                           "nameResourceKey":  "notConfigured",
                                                                                           "enabled":  true
                                                                                       },
                                                                                       {
                                                                                           "nameResourceKey":  "oneMinuteOption",
                                                                                           "value":  1,
                                                                                           "enabled":  true
                                                                                       },
                                                                                       {
                                                                                           "nameResourceKey":  "fiveMinutesOption",
                                                                                           "value":  5,
                                                                                           "enabled":  true
                                                                                       },
                                                                                       {
                                                                                           "nameResourceKey":  "fifteenMinutesOption",
                                                                                           "value":  15,
                                                                                           "enabled":  true
                                                                                       },
                                                                                       {
                                                                                           "nameResourceKey":  "thirtyMinutesOption",
                                                                                           "value":  30,
                                                                                           "enabled":  true
                                                                                       },
                                                                                       {
                                                                                           "nameResourceKey":  "oneHourOption",
                                                                                           "value":  60,
                                                                                           "enabled":  true
                                                                                       }
                                                                                   ],
                                                                       "entityKey":  "passwordMinutesOfInactivityBeforeScreenTimeout",
                                                                       "booleanActions":  0,
                                                                       "policyType":  101,
                                                                       "enabled":  true
                                                                   },
                                                                   {
                                                                       "dataType":  14,
                                                                       "category":  90,
                                                                       "nameResourceKey":  "passwordExpirationInDaysName",
                                                                       "descriptionResourceKey":  "passwordExpirationInDaysDescription",
                                                                       "emptyValueResourceKey":  "passwordExpirationInDaysEmptyValueKey",
                                                                       "childSettings":  [

                                                                                         ],
                                                                       "options":  [

                                                                                   ],
                                                                       "entityKey":  "passwordExpirationDays",
                                                                       "booleanActions":  0,
                                                                       "defaultValue":  41,
                                                                       "policyType":  101,
                                                                       "enabled":  true
                                                                   },
                                                                   {
                                                                       "dataType":  14,
                                                                       "category":  90,
                                                                       "nameResourceKey":  "numberOfPreviousPasswordsToBlockName",
                                                                       "descriptionResourceKey":  "numberOfPreviousPasswordsToBlockDescription",
                                                                       "emptyValueResourceKey":  "numberOfPreviousPasswordsToBlockEmptyValueKey",
                                                                       "childSettings":  [

                                                                                         ],
                                                                       "options":  [

                                                                                   ],
                                                                       "entityKey":  "passwordPreviousPasswordBlockCount",
                                                                       "booleanActions":  0,
                                                                       "defaultValue":  5,
                                                                       "policyType":  101,
                                                                       "enabled":  true
                                                                   }
                                                               ],
                                             "options":  [

                                                         ],
                                             "entityKey":  "passwordRequired",
                                             "booleanActions":  1,
                                             "defaultValue":  false,
                                             "policyType":  101,
                                             "enabled":  true
                                         },
                                         {
                                             "dataType":  0,
                                             "category":  90,
                                             "nameResourceKey":  "requireEncryptionName",
                                             "descriptionResourceKey":  "requireEncryptionDescription",
                                             "childSettings":  [

                                                               ],
                                             "options":  [

                                                         ],
                                             "entityKey":  "storageRequireEncryption",
                                             "booleanActions":  1,
                                             "defaultValue":  false,
                                             "policyType":  101,
                                             "enabled":  true
                                         }
                                     ]
}
