﻿{
    "password_iosgeneral":  [
                                {
                                    "isSettingDescription":  false,
                                    "showAsSectionHeader":  true,
                                    "dataType":  8,
                                    "category":  90,
                                    "nameResourceKey":  "allEnrollmentTypesHeaderName",
                                    "descriptionResourceKey":  "allEnrollmentTypesHeaderDescription",
                                    "childSettings":  [
                                                          {
                                                              "dataType":  0,
                                                              "category":  90,
                                                              "nameResourceKey":  "iOSRequirePasswordName",
                                                              "childSettings":  [

                                                                                ],
                                                              "options":  [

                                                                          ],
                                                              "entityKey":  "passcodeRequired",
                                                              "booleanActions":  9,
                                                              "defaultValue":  false,
                                                              "policyType":  46,
                                                              "enabled":  true
                                                          }
                                                      ],
                                    "options":  [

                                                ],
                                    "booleanActions":  0,
                                    "policyType":  46,
                                    "enabled":  true
                                },
                                {
                                    "isSettingDescription":  false,
                                    "showAsSectionHeader":  true,
                                    "dataType":  8,
                                    "category":  90,
                                    "nameResourceKey":  "deviceEnrollmentAndAutomatedDeviceEnrollmentHeaderName",
                                    "descriptionResourceKey":  "deviceEnrollmentAndAutomatedDeviceEnrollmentHeaderDescription",
                                    "childSettings":  [
                                                          {
                                                              "dataType":  0,
                                                              "category":  90,
                                                              "nameResourceKey":  "blockSimplePasswordsName",
                                                              "descriptionResourceKey":  "blockSimplePasswordsDescription",
                                                              "childSettings":  [

                                                                                ],
                                                              "options":  [

                                                                          ],
                                                              "entityKey":  "passcodeBlockSimple",
                                                              "booleanActions":  9,
                                                              "defaultValue":  false,
                                                              "policyType":  46,
                                                              "enabled":  true
                                                          },
                                                          {
                                                              "dataType":  16,
                                                              "category":  90,
                                                              "nameResourceKey":  "requiredPasswordTypeName",
                                                              "descriptionResourceKey":  "requiredPasswordTypeDescription",
                                                              "childSettings":  [

                                                                                ],
                                                              "options":  [
                                                                              {
                                                                                  "nameResourceKey":  "deviceDefault",
                                                                                  "value":  "deviceDefault",
                                                                                  "enabled":  true
                                                                              },
                                                                              {
                                                                                  "nameResourceKey":  "numericPasswordTypeName",
                                                                                  "value":  "numeric",
                                                                                  "enabled":  true
                                                                              },
                                                                              {
                                                                                  "nameResourceKey":  "alphanumericPasswordTypeName",
                                                                                  "value":  "alphanumeric",
                                                                                  "enabled":  true
                                                                              }
                                                                          ],
                                                              "entityKey":  "passcodeRequiredType",
                                                              "booleanActions":  0,
                                                              "defaultValue":  "deviceDefault",
                                                              "unconfiguredValue":  "deviceDefault",
                                                              "policyType":  46,
                                                              "enabled":  true
                                                          },
                                                          {
                                                              "dataType":  16,
                                                              "category":  90,
                                                              "nameResourceKey":  "numberOfComplexCharactersInPasswordName",
                                                              "descriptionResourceKey":  "numberOfComplexCharactersInPasswordDescription",
                                                              "childSettings":  [

                                                                                ],
                                                              "options":  [
                                                                              {
                                                                                  "nameResourceKey":  "notConfigured",
                                                                                  "enabled":  true
                                                                              },
                                                                              {
                                                                                  "displayText":  "1",
                                                                                  "value":  1,
                                                                                  "enabled":  true
                                                                              },
                                                                              {
                                                                                  "displayText":  "2",
                                                                                  "value":  2,
                                                                                  "enabled":  true
                                                                              },
                                                                              {
                                                                                  "displayText":  "3",
                                                                                  "value":  3,
                                                                                  "enabled":  true
                                                                              },
                                                                              {
                                                                                  "displayText":  "4",
                                                                                  "value":  4,
                                                                                  "enabled":  true
                                                                              }
                                                                          ],
                                                              "entityKey":  "passcodeMinimumCharacterSetCount",
                                                              "booleanActions":  0,
                                                              "policyType":  46,
                                                              "enabled":  true
                                                          },
                                                          {
                                                              "dataType":  14,
                                                              "category":  90,
                                                              "nameResourceKey":  "minimumPasswordLengthName",
                                                              "descriptionResourceKey":  "minimumPasswordLengthDescription",
                                                              "emptyValueResourceKey":  "minimumPasswordLengthEmptyValueKeyFourToFourteen",
                                                              "childSettings":  [

                                                                                ],
                                                              "options":  [

                                                                          ],
                                                              "entityKey":  "passcodeMinimumLength",
                                                              "booleanActions":  0,
                                                              "defaultValue":  4,
                                                              "policyType":  46,
                                                              "enabled":  true
                                                          },
                                                          {
                                                              "dataType":  14,
                                                              "category":  90,
                                                              "nameResourceKey":  "numberOfSignInFailuresBeforeWipeName",
                                                              "descriptionResourceKey":  "numberOfSignInFailuresBeforeWipeDescription",
                                                              "emptyValueResourceKey":  "numberOfSignInFailuresBeforeWipeEmptyValueKey",
                                                              "childSettings":  [
                                                                                    {
                                                                                        "isSettingDescription":  false,
                                                                                        "showAsSectionHeader":  false,
                                                                                        "dataType":  8,
                                                                                        "category":  90,
                                                                                        "nameResourceKey":  "numberOfSignInFailuresBeforeWipeWarning",
                                                                                        "childSettings":  [

                                                                                                          ],
                                                                                        "options":  [

                                                                                                    ],
                                                                                        "booleanActions":  0,
                                                                                        "policyType":  46,
                                                                                        "enabled":  true
                                                                                    }
                                                                                ],
                                                              "options":  [

                                                                          ],
                                                              "entityKey":  "passcodeSignInFailureCountBeforeWipe",
                                                              "booleanActions":  0,
                                                              "defaultValue":  4,
                                                              "policyType":  46,
                                                              "enabled":  true
                                                          },
                                                          {
                                                              "dataType":  16,
                                                              "category":  90,
                                                              "nameResourceKey":  "minutesOfInactivityBeforePassword",
                                                              "descriptionResourceKey":  "minutesOfInactivityBeforePasswordDescription",
                                                              "childSettings":  [

                                                                                ],
                                                              "options":  [
                                                                              {
                                                                                  "nameResourceKey":  "notConfigured",
                                                                                  "enabled":  true
                                                                              },
                                                                              {
                                                                                  "nameResourceKey":  "immediatelyOption",
                                                                                  "value":  0,
                                                                                  "enabled":  true
                                                                              },
                                                                              {
                                                                                  "nameResourceKey":  "oneMinuteOption",
                                                                                  "value":  1,
                                                                                  "enabled":  true
                                                                              },
                                                                              {
                                                                                  "nameResourceKey":  "fiveMinutesOption",
                                                                                  "value":  5,
                                                                                  "enabled":  true
                                                                              },
                                                                              {
                                                                                  "nameResourceKey":  "fifteenMinutesOption",
                                                                                  "value":  15,
                                                                                  "enabled":  true
                                                                              },
                                                                              {
                                                                                  "nameResourceKey":  "oneHourOption",
                                                                                  "value":  60,
                                                                                  "enabled":  true
                                                                              },
                                                                              {
                                                                                  "nameResourceKey":  "fourHoursOption",
                                                                                  "value":  240,
                                                                                  "enabled":  true
                                                                              }
                                                                          ],
                                                              "entityKey":  "passcodeMinutesOfInactivityBeforeLock",
                                                              "booleanActions":  0,
                                                              "policyType":  46,
                                                              "enabled":  true
                                                          },
                                                          {
                                                              "dataType":  16,
                                                              "category":  90,
                                                              "nameResourceKey":  "minutesOfInactivityBeforeScreenTurnsOffName",
                                                              "descriptionResourceKey":  "minutesOfInactivityBeforeScreenTurnsOffDescription",
                                                              "childSettings":  [

                                                                                ],
                                                              "options":  [
                                                                              {
                                                                                  "nameResourceKey":  "notConfigured",
                                                                                  "enabled":  true
                                                                              },
                                                                              {
                                                                                  "nameResourceKey":  "immediatelyOption",
                                                                                  "value":  0,
                                                                                  "enabled":  true
                                                                              },
                                                                              {
                                                                                  "nameResourceKey":  "oneMinuteOption",
                                                                                  "value":  1,
                                                                                  "enabled":  true
                                                                              },
                                                                              {
                                                                                  "nameResourceKey":  "twoMinutesOption",
                                                                                  "value":  2,
                                                                                  "enabled":  true
                                                                              },
                                                                              {
                                                                                  "nameResourceKey":  "threeMinutesOption",
                                                                                  "value":  3,
                                                                                  "enabled":  true
                                                                              },
                                                                              {
                                                                                  "nameResourceKey":  "fourMinutesOption",
                                                                                  "value":  4,
                                                                                  "enabled":  true
                                                                              },
                                                                              {
                                                                                  "nameResourceKey":  "fiveMinutesOption",
                                                                                  "value":  5,
                                                                                  "enabled":  true
                                                                              },
                                                                              {
                                                                                  "nameResourceKey":  "tenMinutesOption",
                                                                                  "value":  10,
                                                                                  "enabled":  true
                                                                              },
                                                                              {
                                                                                  "nameResourceKey":  "fifteenMinutesOption",
                                                                                  "value":  15,
                                                                                  "enabled":  true
                                                                              }
                                                                          ],
                                                              "entityKey":  "passcodeMinutesOfInactivityBeforeScreenTimeout",
                                                              "booleanActions":  0,
                                                              "policyType":  46,
                                                              "enabled":  true
                                                          },
                                                          {
                                                              "dataType":  14,
                                                              "category":  90,
                                                              "nameResourceKey":  "passwordExpirationInDaysName",
                                                              "descriptionResourceKey":  "passwordExpirationInDaysDescription",
                                                              "emptyValueResourceKey":  "IOSMacPasswordExpirationInDaysEmptyValueKey",
                                                              "childSettings":  [

                                                                                ],
                                                              "options":  [

                                                                          ],
                                                              "entityKey":  "passcodeExpirationDays",
                                                              "booleanActions":  0,
                                                              "defaultValue":  41,
                                                              "policyType":  46,
                                                              "enabled":  true
                                                          },
                                                          {
                                                              "dataType":  14,
                                                              "category":  90,
                                                              "nameResourceKey":  "numberOfPreviousPasswordsToBlockName",
                                                              "descriptionResourceKey":  "numberOfPreviousPasswordsToBlockDescription",
                                                              "emptyValueResourceKey":  "numberOfPreviousPasswordsToBlockEmptyValueKey",
                                                              "childSettings":  [

                                                                                ],
                                                              "options":  [

                                                                          ],
                                                              "entityKey":  "passcodePreviousPasscodeBlockCount",
                                                              "booleanActions":  0,
                                                              "policyType":  46,
                                                              "enabled":  true
                                                          },
                                                          {
                                                              "dataType":  0,
                                                              "category":  90,
                                                              "nameResourceKey":  "blockTouchIDAndFaceIDUnlockName",
                                                              "descriptionResourceKey":  "blockTouchIDAndFaceIDUnlockDescription",
                                                              "childSettings":  [

                                                                                ],
                                                              "options":  [

                                                                          ],
                                                              "entityKey":  "passcodeBlockFingerprintUnlock",
                                                              "booleanActions":  9,
                                                              "defaultValue":  false,
                                                              "policyType":  46,
                                                              "enabled":  true
                                                          }
                                                      ],
                                    "options":  [

                                                ],
                                    "booleanActions":  0,
                                    "policyType":  46,
                                    "enabled":  true
                                },
                                {
                                    "isSettingDescription":  false,
                                    "showAsSectionHeader":  true,
                                    "dataType":  8,
                                    "category":  90,
                                    "nameResourceKey":  "automatedDeviceEnrollmentHeaderName",
                                    "descriptionResourceKey":  "automatedDeviceEnrollmentHeaderDescription",
                                    "childSettings":  [
                                                          {
                                                              "dataType":  0,
                                                              "category":  90,
                                                              "nameResourceKey":  "blockPasscodeModificationName",
                                                              "descriptionResourceKey":  "blockPasscodeModificationDescription",
                                                              "childSettings":  [
                                                                                    {
                                                                                        "dataType":  0,
                                                                                        "category":  90,
                                                                                        "nameResourceKey":  "blockTouchIDAndFaceIDModificationName",
                                                                                        "descriptionResourceKey":  "blockTouchIDAndFaceIDModificationDescription",
                                                                                        "childSettings":  [

                                                                                                          ],
                                                                                        "options":  [

                                                                                                    ],
                                                                                        "entityKey":  "passcodeBlockFingerprintModification",
                                                                                        "booleanActions":  9,
                                                                                        "defaultValue":  false,
                                                                                        "policyType":  46,
                                                                                        "enabled":  true
                                                                                    }
                                                                                ],
                                                              "options":  [

                                                                          ],
                                                              "entityKey":  "passcodeBlockModification",
                                                              "booleanActions":  9,
                                                              "defaultValue":  false,
                                                              "policyType":  46,
                                                              "enabled":  true
                                                          },
                                                          {
                                                              "dataType":  0,
                                                              "category":  90,
                                                              "nameResourceKey":  "blockPasswordAutoFillName",
                                                              "childSettings":  [

                                                                                ],
                                                              "options":  [

                                                                          ],
                                                              "entityKey":  "passwordBlockAutoFill",
                                                              "booleanActions":  9,
                                                              "defaultValue":  false,
                                                              "policyType":  46,
                                                              "enabled":  true
                                                          },
                                                          {
                                                              "dataType":  0,
                                                              "category":  90,
                                                              "nameResourceKey":  "blockPasswordProximityRequestsName",
                                                              "descriptionResourceKey":  "blockPasswordProximityRequestsDescription",
                                                              "childSettings":  [

                                                                                ],
                                                              "options":  [

                                                                          ],
                                                              "entityKey":  "passwordBlockProximityRequests",
                                                              "booleanActions":  9,
                                                              "defaultValue":  false,
                                                              "policyType":  46,
                                                              "enabled":  true
                                                          },
                                                          {
                                                              "dataType":  0,
                                                              "category":  90,
                                                              "nameResourceKey":  "blockPasswordAirDropSharingName",
                                                              "childSettings":  [

                                                                                ],
                                                              "options":  [

                                                                          ],
                                                              "entityKey":  "passwordBlockAirDropSharing",
                                                              "booleanActions":  9,
                                                              "defaultValue":  false,
                                                              "policyType":  46,
                                                              "enabled":  true
                                                          },
                                                          {
                                                              "dataType":  0,
                                                              "category":  90,
                                                              "nameResourceKey":  "forceAuthenticationBeforeAutoFillName",
                                                              "descriptionResourceKey":  "forceAuthenticationBeforeAutoFillDescription",
                                                              "childSettings":  [

                                                                                ],
                                                              "options":  [

                                                                          ],
                                                              "entityKey":  "autoFillForceAuthentication",
                                                              "booleanActions":  9,
                                                              "defaultValue":  false,
                                                              "policyType":  46,
                                                              "enabled":  true
                                                          }
                                                      ],
                                    "options":  [

                                                ],
                                    "booleanActions":  0,
                                    "policyType":  46,
                                    "enabled":  true
                                }
                            ]
}
