﻿{
    "password_androidgeneral":  [
                                    {
                                        "dataType":  0,
                                        "category":  90,
                                        "nameResourceKey":  "requireEncryptionName",
                                        "descriptionResourceKey":  "requireEncryptionDescription",
                                        "childSettings":  [

                                                          ],
                                        "options":  [

                                                    ],
                                        "entityKey":  "storageRequireDeviceEncryption",
                                        "booleanActions":  1,
                                        "defaultValue":  false,
                                        "policyType":  20,
                                        "enabled":  true
                                    },
                                    {
                                        "dataType":  10,
                                        "category":  90,
                                        "nameResourceKey":  "androidTenDeprecationInfoBox",
                                        "childSettings":  [

                                                          ],
                                        "options":  [

                                                    ],
                                        "booleanActions":  0,
                                        "policyType":  20,
                                        "enabled":  true
                                    },
                                    {
                                        "isSettingDescription":  false,
                                        "showAsSectionHeader":  true,
                                        "dataType":  8,
                                        "category":  90,
                                        "nameResourceKey":  "allAndroidVersionsPasswordHeader",
                                        "childSettings":  [
                                                              {
                                                                  "isSettingDescription":  false,
                                                                  "showAsSectionHeader":  false,
                                                                  "dataType":  8,
                                                                  "category":  90,
                                                                  "nameResourceKey":  "allAndroidVersionsPasswordHeaderDescription",
                                                                  "childSettings":  [

                                                                                    ],
                                                                  "options":  [

                                                                              ],
                                                                  "booleanActions":  0,
                                                                  "policyType":  20,
                                                                  "enabled":  true
                                                              }
                                                          ],
                                        "options":  [

                                                    ],
                                        "booleanActions":  0,
                                        "policyType":  20,
                                        "enabled":  true
                                    },
                                    {
                                        "dataType":  16,
                                        "category":  90,
                                        "nameResourceKey":  "minutesOfInactivityBeforeScreenTurnsOffName",
                                        "descriptionResourceKey":  "minutesOfInactivityBeforeScreenTurnsOffDescription",
                                        "childSettings":  [

                                                          ],
                                        "options":  [
                                                        {
                                                            "nameResourceKey":  "notConfigured",
                                                            "enabled":  true
                                                        },
                                                        {
                                                            "nameResourceKey":  "oneMinuteOption",
                                                            "value":  1,
                                                            "enabled":  true
                                                        },
                                                        {
                                                            "nameResourceKey":  "fiveMinutesOption",
                                                            "value":  5,
                                                            "enabled":  true
                                                        },
                                                        {
                                                            "nameResourceKey":  "fifteenMinutesOption",
                                                            "value":  15,
                                                            "enabled":  true
                                                        },
                                                        {
                                                            "nameResourceKey":  "thirtyMinutesOption",
                                                            "value":  30,
                                                            "enabled":  true
                                                        },
                                                        {
                                                            "nameResourceKey":  "oneHourOption",
                                                            "value":  60,
                                                            "enabled":  true
                                                        }
                                                    ],
                                        "entityKey":  "passwordMinutesOfInactivityBeforeScreenTimeout",
                                        "booleanActions":  0,
                                        "policyType":  20,
                                        "enabled":  true
                                    },
                                    {
                                        "dataType":  14,
                                        "category":  90,
                                        "nameResourceKey":  "numberOfSignInFailuresBeforeWipeName",
                                        "descriptionResourceKey":  "numberOfSignInFailuresBeforeWipeDescription",
                                        "emptyValueResourceKey":  "numberOfSignInFailuresBeforeWipeEmptyValueKey",
                                        "childSettings":  [

                                                          ],
                                        "options":  [

                                                    ],
                                        "entityKey":  "passwordSignInFailureCountBeforeFactoryReset",
                                        "booleanActions":  0,
                                        "defaultValue":  4,
                                        "policyType":  20,
                                        "enabled":  true
                                    },
                                    {
                                        "dataType":  0,
                                        "category":  90,
                                        "nameResourceKey":  "requirePasswordName",
                                        "descriptionResourceKey":  "requirePasswordDescription",
                                        "childSettings":  [
                                                              {
                                                                  "isSettingDescription":  false,
                                                                  "showAsSectionHeader":  true,
                                                                  "dataType":  8,
                                                                  "category":  90,
                                                                  "nameResourceKey":  "androidTenAndAbovePasswordHeader",
                                                                  "childSettings":  [
                                                                                        {
                                                                                            "isSettingDescription":  false,
                                                                                            "showAsSectionHeader":  false,
                                                                                            "dataType":  8,
                                                                                            "category":  90,
                                                                                            "nameResourceKey":  "androidTenAndAbovePasswordHeaderDescription",
                                                                                            "childSettings":  [

                                                                                                              ],
                                                                                            "options":  [

                                                                                                        ],
                                                                                            "booleanActions":  0,
                                                                                            "policyType":  20,
                                                                                            "enabled":  true
                                                                                        }
                                                                                    ],
                                                                  "options":  [

                                                                              ],
                                                                  "booleanActions":  0,
                                                                  "policyType":  20,
                                                                  "enabled":  true
                                                              },
                                                              {
                                                                  "dataType":  16,
                                                                  "category":  90,
                                                                  "nameResourceKey":  "requiredPasswordComplexityName",
                                                                  "descriptionResourceKey":  "requiredPasswordComplexityDescription",
                                                                  "childSettings":  [

                                                                                    ],
                                                                  "options":  [
                                                                                  {
                                                                                      "nameResourceKey":  "none",
                                                                                      "value":  "none",
                                                                                      "enabled":  true
                                                                                  },
                                                                                  {
                                                                                      "nameResourceKey":  "low",
                                                                                      "value":  "low",
                                                                                      "enabled":  true
                                                                                  },
                                                                                  {
                                                                                      "nameResourceKey":  "medium",
                                                                                      "value":  "medium",
                                                                                      "enabled":  true
                                                                                  },
                                                                                  {
                                                                                      "nameResourceKey":  "high",
                                                                                      "value":  "high",
                                                                                      "enabled":  true
                                                                                  }
                                                                              ],
                                                                  "entityKey":  "requiredPasswordComplexity",
                                                                  "booleanActions":  0,
                                                                  "defaultValue":  "none",
                                                                  "unconfiguredValue":  "none",
                                                                  "policyType":  20,
                                                                  "enabled":  true
                                                              },
                                                              {
                                                                  "isSettingDescription":  false,
                                                                  "showAsSectionHeader":  true,
                                                                  "dataType":  8,
                                                                  "category":  90,
                                                                  "nameResourceKey":  "androidNineAndBelowPasswordHeader",
                                                                  "childSettings":  [
                                                                                        {
                                                                                            "isSettingDescription":  false,
                                                                                            "showAsSectionHeader":  false,
                                                                                            "dataType":  8,
                                                                                            "category":  90,
                                                                                            "nameResourceKey":  "androidNineAndBelowPasswordHeaderDescription",
                                                                                            "childSettings":  [

                                                                                                              ],
                                                                                            "options":  [

                                                                                                        ],
                                                                                            "booleanActions":  0,
                                                                                            "policyType":  20,
                                                                                            "enabled":  true
                                                                                        }
                                                                                    ],
                                                                  "options":  [

                                                                              ],
                                                                  "booleanActions":  0,
                                                                  "policyType":  20,
                                                                  "enabled":  true
                                                              },
                                                              {
                                                                  "dataType":  14,
                                                                  "category":  90,
                                                                  "nameResourceKey":  "minimumPasswordLengthName",
                                                                  "descriptionResourceKey":  "minimumPasswordLengthDescription",
                                                                  "emptyValueResourceKey":  "minimumPasswordLengthEmptyValueKeyFourToSixteen",
                                                                  "childSettings":  [

                                                                                    ],
                                                                  "options":  [

                                                                              ],
                                                                  "entityKey":  "passwordMinimumLength",
                                                                  "booleanActions":  0,
                                                                  "defaultValue":  4,
                                                                  "policyType":  20,
                                                                  "enabled":  true
                                                              },
                                                              {
                                                                  "dataType":  14,
                                                                  "category":  90,
                                                                  "nameResourceKey":  "passwordExpirationInDaysName",
                                                                  "descriptionResourceKey":  "passwordExpirationInDaysDescription",
                                                                  "emptyValueResourceKey":  "passwordExpirationInDaysEmptyValueKey",
                                                                  "childSettings":  [

                                                                                    ],
                                                                  "options":  [

                                                                              ],
                                                                  "entityKey":  "passwordExpirationDays",
                                                                  "booleanActions":  0,
                                                                  "defaultValue":  41,
                                                                  "policyType":  20,
                                                                  "enabled":  false
                                                              },
                                                              {
                                                                  "dataType":  14,
                                                                  "category":  90,
                                                                  "nameResourceKey":  "passwordExpirationInDaysName",
                                                                  "descriptionResourceKey":  "passwordExpirationInDaysDescription",
                                                                  "emptyValueResourceKey":  "passwordExpirationInDaysEmptyValueOneYearKey",
                                                                  "childSettings":  [

                                                                                    ],
                                                                  "options":  [

                                                                              ],
                                                                  "entityKey":  "passwordExpirationDays",
                                                                  "booleanActions":  0,
                                                                  "defaultValue":  41,
                                                                  "policyType":  20,
                                                                  "enabled":  true
                                                              },
                                                              {
                                                                  "dataType":  16,
                                                                  "category":  90,
                                                                  "nameResourceKey":  "requiredPasswordTypeName",
                                                                  "descriptionResourceKey":  "requiredPasswordTypeDescription",
                                                                  "childSettings":  [

                                                                                    ],
                                                                  "options":  [
                                                                                  {
                                                                                      "nameResourceKey":  "deviceDefault",
                                                                                      "value":  "deviceDefault",
                                                                                      "enabled":  true
                                                                                  },
                                                                                  {
                                                                                      "nameResourceKey":  "lowSecurityBiometricOption",
                                                                                      "value":  "lowSecurityBiometric",
                                                                                      "enabled":  true
                                                                                  },
                                                                                  {
                                                                                      "nameResourceKey":  "atLeastNumericOption",
                                                                                      "value":  "numeric",
                                                                                      "enabled":  true
                                                                                  },
                                                                                  {
                                                                                      "nameResourceKey":  "numericComplex",
                                                                                      "value":  "numericComplex",
                                                                                      "enabled":  true
                                                                                  },
                                                                                  {
                                                                                      "nameResourceKey":  "atLeastAlphabeticOption",
                                                                                      "value":  "alphabetic",
                                                                                      "enabled":  true
                                                                                  },
                                                                                  {
                                                                                      "nameResourceKey":  "atLeastAlphanumericOption",
                                                                                      "value":  "alphanumeric",
                                                                                      "enabled":  true
                                                                                  },
                                                                                  {
                                                                                      "nameResourceKey":  "atLeastAlphanumericWithSymbolsOption",
                                                                                      "value":  "alphanumericWithSymbols",
                                                                                      "enabled":  true
                                                                                  }
                                                                              ],
                                                                  "entityKey":  "passwordRequiredType",
                                                                  "booleanActions":  0,
                                                                  "defaultValue":  "numeric",
                                                                  "unconfiguredValue":  "numeric",
                                                                  "policyType":  20,
                                                                  "enabled":  false
                                                              },
                                                              {
                                                                  "dataType":  16,
                                                                  "category":  90,
                                                                  "nameResourceKey":  "requiredPasswordTypeName",
                                                                  "descriptionResourceKey":  "requiredPasswordTypeDescription",
                                                                  "childSettings":  [

                                                                                    ],
                                                                  "options":  [
                                                                                  {
                                                                                      "nameResourceKey":  "deviceDefault",
                                                                                      "value":  "deviceDefault",
                                                                                      "enabled":  true
                                                                                  },
                                                                                  {
                                                                                      "nameResourceKey":  "any",
                                                                                      "value":  "any",
                                                                                      "enabled":  true
                                                                                  },
                                                                                  {
                                                                                      "nameResourceKey":  "lowSecurityBiometricOption",
                                                                                      "value":  "lowSecurityBiometric",
                                                                                      "enabled":  true
                                                                                  },
                                                                                  {
                                                                                      "nameResourceKey":  "atLeastNumericOption",
                                                                                      "value":  "numeric",
                                                                                      "enabled":  true
                                                                                  },
                                                                                  {
                                                                                      "nameResourceKey":  "numericComplex",
                                                                                      "value":  "numericComplex",
                                                                                      "enabled":  true
                                                                                  },
                                                                                  {
                                                                                      "nameResourceKey":  "atLeastAlphabeticOption",
                                                                                      "value":  "alphabetic",
                                                                                      "enabled":  true
                                                                                  },
                                                                                  {
                                                                                      "nameResourceKey":  "atLeastAlphanumericOption",
                                                                                      "value":  "alphanumeric",
                                                                                      "enabled":  true
                                                                                  },
                                                                                  {
                                                                                      "nameResourceKey":  "atLeastAlphanumericWithSymbolsOption",
                                                                                      "value":  "alphanumericWithSymbols",
                                                                                      "enabled":  true
                                                                                  }
                                                                              ],
                                                                  "entityKey":  "passwordRequiredType",
                                                                  "booleanActions":  0,
                                                                  "defaultValue":  "numeric",
                                                                  "unconfiguredValue":  "numeric",
                                                                  "policyType":  20,
                                                                  "enabled":  true
                                                              },
                                                              {
                                                                  "dataType":  14,
                                                                  "category":  90,
                                                                  "nameResourceKey":  "numberOfPreviousPasswordsToBlockName",
                                                                  "descriptionResourceKey":  "numberOfPreviousPasswordsToBlockDescription",
                                                                  "emptyValueResourceKey":  "numberOfPreviousPasswordsToBlockEmptyValueKey",
                                                                  "childSettings":  [

                                                                                    ],
                                                                  "options":  [

                                                                              ],
                                                                  "entityKey":  "passwordPreviousPasswordBlockCount",
                                                                  "booleanActions":  0,
                                                                  "defaultValue":  5,
                                                                  "policyType":  20,
                                                                  "enabled":  true
                                                              },
                                                              {
                                                                  "dataType":  0,
                                                                  "category":  90,
                                                                  "nameResourceKey":  "knoxBlockFingerprintUnlockName",
                                                                  "descriptionResourceKey":  "knoxBlockFingerprintUnlockDescription",
                                                                  "childSettings":  [

                                                                                    ],
                                                                  "options":  [

                                                                              ],
                                                                  "entityKey":  "passwordBlockFingerprintUnlock",
                                                                  "booleanActions":  3,
                                                                  "defaultValue":  false,
                                                                  "policyType":  20,
                                                                  "enabled":  true
                                                              },
                                                              {
                                                                  "dataType":  0,
                                                                  "category":  90,
                                                                  "nameResourceKey":  "blockSmartLockName",
                                                                  "descriptionResourceKey":  "blockSmartLockDescription",
                                                                  "childSettings":  [

                                                                                    ],
                                                                  "options":  [

                                                                              ],
                                                                  "entityKey":  "passwordBlockTrustAgents",
                                                                  "booleanActions":  3,
                                                                  "defaultValue":  false,
                                                                  "policyType":  20,
                                                                  "enabled":  true
                                                              }
                                                          ],
                                        "options":  [

                                                    ],
                                        "entityKey":  "passwordRequired",
                                        "booleanActions":  1,
                                        "defaultValue":  false,
                                        "policyType":  20,
                                        "enabled":  true
                                    }
                                ]
}
