﻿{
    "policyoverride_windows10policyoverride":  [
                                                   {
                                                       "isSettingDescription":  false,
                                                       "showAsSectionHeader":  false,
                                                       "dataType":  8,
                                                       "category":  94,
                                                       "nameResourceKey":  "Win10PolicyOverrideHeader",
                                                       "childSettings":  [

                                                                         ],
                                                       "options":  [

                                                                   ],
                                                       "booleanActions":  0,
                                                       "policyType":  81,
                                                       "enabled":  true
                                                   },
                                                   {
                                                       "dataType":  10,
                                                       "category":  94,
                                                       "nameResourceKey":  "win10PolicyOverrideInstructions",
                                                       "childSettings":  [

                                                                         ],
                                                       "options":  [

                                                                   ],
                                                       "booleanActions":  0,
                                                       "policyType":  81,
                                                       "enabled":  true
                                                   }
                                               ]
}
