﻿{
    "projection_windows10general":  [
                                        {
                                            "dataType":  0,
                                            "category":  101,
                                            "nameResourceKey":  "blockUserInputFromWirelessDisplayReceiverName",
                                            "descriptionResourceKey":  "blockUserInputFromWirelessDisplayReceiverDescription",
                                            "childSettings":  [

                                                              ],
                                            "options":  [

                                                        ],
                                            "entityKey":  "wirelessDisplayBlockUserInputFromReceiver",
                                            "booleanActions":  3,
                                            "defaultValue":  false,
                                            "policyType":  79,
                                            "enabled":  true
                                        },
                                        {
                                            "dataType":  0,
                                            "category":  101,
                                            "nameResourceKey":  "blockProjectionToThisPCName",
                                            "descriptionResourceKey":  "blockProjectionToThisPCDescription",
                                            "childSettings":  [

                                                              ],
                                            "options":  [

                                                        ],
                                            "entityKey":  "wirelessDisplayBlockProjectionToThisDevice",
                                            "booleanActions":  3,
                                            "defaultValue":  false,
                                            "policyType":  79,
                                            "enabled":  true
                                        },
                                        {
                                            "dataType":  0,
                                            "category":  101,
                                            "nameResourceKey":  "requirePINForPairingName",
                                            "descriptionResourceKey":  "requirePINForPairingDescription",
                                            "childSettings":  [

                                                              ],
                                            "options":  [

                                                        ],
                                            "entityKey":  "wirelessDisplayRequirePinForPairing",
                                            "booleanActions":  1,
                                            "defaultValue":  false,
                                            "policyType":  79,
                                            "enabled":  true
                                        }
                                    ]
}
