﻿{
    "scepproperties_androiddeviceownerscep":  [
                                                  {
                                                      "dataType":  16,
                                                      "category":  103,
                                                      "nameResourceKey":  "SCEPPolicyWindowsCertificateStoreName",
                                                      "descriptionResourceKey":  "empty",
                                                      "childSettings":  [

                                                                        ],
                                                      "options":  [
                                                                      {
                                                                          "nameResourceKey":  "SCEPPolicyWindowsCertificateStoreUser",
                                                                          "value":  "user",
                                                                          "children":  [
                                                                                           {
                                                                                               "value":  "none",
                                                                                               "dataType":  9,
                                                                                               "category":  103,
                                                                                               "childSettings":  [

                                                                                                                 ],
                                                                                               "options":  [

                                                                                                           ],
                                                                                               "entityKey":  "subjectAlternativeNameType",
                                                                                               "booleanActions":  0,
                                                                                               "policyType":  6,
                                                                                               "enabled":  true
                                                                                           },
                                                                                           {
                                                                                               "value":  "custom",
                                                                                               "dataType":  9,
                                                                                               "category":  103,
                                                                                               "childSettings":  [

                                                                                                                 ],
                                                                                               "options":  [

                                                                                                           ],
                                                                                               "entityKey":  "subjectNameFormat",
                                                                                               "booleanActions":  0,
                                                                                               "policyType":  6,
                                                                                               "enabled":  true
                                                                                           },
                                                                                           {
                                                                                               "dataType":  20,
                                                                                               "category":  103,
                                                                                               "nameResourceKey":  "sCEPPolicySubjectNameFormatName",
                                                                                               "descriptionResourceKey":  "sCEPPolicySubjectNameFormatDescription",
                                                                                               "childSettings":  [

                                                                                                                 ],
                                                                                               "options":  [

                                                                                                           ],
                                                                                               "entityKey":  "subjectNameFormatString",
                                                                                               "booleanActions":  0,
                                                                                               "defaultValue":  "CN={{UserName}},E={{EmailAddress}}",
                                                                                               "policyType":  6,
                                                                                               "enabled":  true
                                                                                           },
                                                                                           {
                                                                                               "columns":  [
                                                                                                               {
                                                                                                                   "metadata":  {
                                                                                                                                    "dataType":  16,
                                                                                                                                    "category":  103,
                                                                                                                                    "nameResourceKey":  "attribute",
                                                                                                                                    "descriptionResourceKey":  "empty",
                                                                                                                                    "childSettings":  [

                                                                                                                                                      ],
                                                                                                                                    "options":  [
                                                                                                                                                    {
                                                                                                                                                        "nameResourceKey":  "PolicyEmailAddress",
                                                                                                                                                        "value":  "emailAddress",
                                                                                                                                                        "enabled":  true
                                                                                                                                                    },
                                                                                                                                                    {
                                                                                                                                                        "nameResourceKey":  "PolicyUserPrincipalName",
                                                                                                                                                        "value":  "userPrincipalName",
                                                                                                                                                        "enabled":  true
                                                                                                                                                    },
                                                                                                                                                    {
                                                                                                                                                        "nameResourceKey":  "PolicyDomainNameService",
                                                                                                                                                        "value":  "domainNameService",
                                                                                                                                                        "enabled":  true
                                                                                                                                                    },
                                                                                                                                                    {
                                                                                                                                                        "nameResourceKey":  "PolicyUniversalResourceIdentifier",
                                                                                                                                                        "value":  "universalResourceIdentifier",
                                                                                                                                                        "enabled":  true
                                                                                                                                                    }
                                                                                                                                                ],
                                                                                                                                    "entityKey":  "sanType",
                                                                                                                                    "booleanActions":  0,
                                                                                                                                    "policyType":  6,
                                                                                                                                    "enabled":  true
                                                                                                                                }
                                                                                                               },
                                                                                                               {
                                                                                                                   "metadata":  {
                                                                                                                                    "dataType":  20,
                                                                                                                                    "category":  103,
                                                                                                                                    "nameResourceKey":  "value",
                                                                                                                                    "descriptionResourceKey":  "empty",
                                                                                                                                    "childSettings":  [

                                                                                                                                                      ],
                                                                                                                                    "options":  [

                                                                                                                                                ],
                                                                                                                                    "entityKey":  "name",
                                                                                                                                    "booleanActions":  0,
                                                                                                                                    "policyType":  6,
                                                                                                                                    "enabled":  true
                                                                                                                                }
                                                                                                               }
                                                                                                           ],
                                                                                               "dataType":  21,
                                                                                               "category":  103,
                                                                                               "nameResourceKey":  "PolicySubjectAlternativeName",
                                                                                               "descriptionResourceKey":  "PolicySubjectAlternativeNameDescription",
                                                                                               "childSettings":  [

                                                                                                                 ],
                                                                                               "options":  [

                                                                                                           ],
                                                                                               "entityKey":  "customSubjectAlternativeNames",
                                                                                               "booleanActions":  0,
                                                                                               "policyType":  6,
                                                                                               "enabled":  true
                                                                                           }
                                                                                       ],
                                                                          "enabled":  true
                                                                      },
                                                                      {
                                                                          "nameResourceKey":  "SCEPPolicyWindowsCertificateStoreMachine",
                                                                          "value":  "machine",
                                                                          "children":  [
                                                                                           {
                                                                                               "value":  "none",
                                                                                               "dataType":  9,
                                                                                               "category":  103,
                                                                                               "childSettings":  [

                                                                                                                 ],
                                                                                               "options":  [

                                                                                                           ],
                                                                                               "entityKey":  "subjectAlternativeNameType",
                                                                                               "booleanActions":  0,
                                                                                               "policyType":  6,
                                                                                               "enabled":  true
                                                                                           },
                                                                                           {
                                                                                               "value":  "custom",
                                                                                               "dataType":  9,
                                                                                               "category":  103,
                                                                                               "childSettings":  [

                                                                                                                 ],
                                                                                               "options":  [

                                                                                                           ],
                                                                                               "entityKey":  "subjectNameFormat",
                                                                                               "booleanActions":  0,
                                                                                               "policyType":  6,
                                                                                               "enabled":  true
                                                                                           },
                                                                                           {
                                                                                               "dataType":  20,
                                                                                               "category":  103,
                                                                                               "nameResourceKey":  "sCEPPolicySubjectNameFormatName",
                                                                                               "descriptionResourceKey":  "sCEPPolicySubjectNameFormatDescription",
                                                                                               "childSettings":  [

                                                                                                                 ],
                                                                                               "options":  [

                                                                                                           ],
                                                                                               "entityKey":  "subjectNameFormatString",
                                                                                               "booleanActions":  0,
                                                                                               "defaultValue":  "CN={{AAD_Device_ID}}",
                                                                                               "policyType":  6,
                                                                                               "enabled":  true
                                                                                           },
                                                                                           {
                                                                                               "columns":  [
                                                                                                               {
                                                                                                                   "metadata":  {
                                                                                                                                    "dataType":  16,
                                                                                                                                    "category":  103,
                                                                                                                                    "nameResourceKey":  "attribute",
                                                                                                                                    "descriptionResourceKey":  "empty",
                                                                                                                                    "childSettings":  [

                                                                                                                                                      ],
                                                                                                                                    "options":  [
                                                                                                                                                    {
                                                                                                                                                        "nameResourceKey":  "PolicyEmailAddress",
                                                                                                                                                        "value":  "emailAddress",
                                                                                                                                                        "enabled":  true
                                                                                                                                                    },
                                                                                                                                                    {
                                                                                                                                                        "nameResourceKey":  "PolicyUserPrincipalName",
                                                                                                                                                        "value":  "userPrincipalName",
                                                                                                                                                        "enabled":  true
                                                                                                                                                    },
                                                                                                                                                    {
                                                                                                                                                        "nameResourceKey":  "PolicyDomainNameService",
                                                                                                                                                        "value":  "domainNameService",
                                                                                                                                                        "enabled":  true
                                                                                                                                                    },
                                                                                                                                                    {
                                                                                                                                                        "nameResourceKey":  "PolicyUniversalResourceIdentifier",
                                                                                                                                                        "value":  "universalResourceIdentifier",
                                                                                                                                                        "enabled":  true
                                                                                                                                                    }
                                                                                                                                                ],
                                                                                                                                    "entityKey":  "sanType",
                                                                                                                                    "booleanActions":  0,
                                                                                                                                    "policyType":  6,
                                                                                                                                    "enabled":  true
                                                                                                                                }
                                                                                                               },
                                                                                                               {
                                                                                                                   "metadata":  {
                                                                                                                                    "dataType":  20,
                                                                                                                                    "category":  103,
                                                                                                                                    "nameResourceKey":  "value",
                                                                                                                                    "descriptionResourceKey":  "empty",
                                                                                                                                    "childSettings":  [

                                                                                                                                                      ],
                                                                                                                                    "options":  [

                                                                                                                                                ],
                                                                                                                                    "entityKey":  "name",
                                                                                                                                    "booleanActions":  0,
                                                                                                                                    "policyType":  6,
                                                                                                                                    "enabled":  true
                                                                                                                                }
                                                                                                               }
                                                                                                           ],
                                                                                               "dataType":  21,
                                                                                               "category":  103,
                                                                                               "nameResourceKey":  "PolicySubjectAlternativeName",
                                                                                               "descriptionResourceKey":  "PolicySubjectAlternativeNameDescription",
                                                                                               "childSettings":  [

                                                                                                                 ],
                                                                                               "options":  [

                                                                                                           ],
                                                                                               "entityKey":  "customSubjectAlternativeNames",
                                                                                               "booleanActions":  0,
                                                                                               "policyType":  6,
                                                                                               "enabled":  true
                                                                                           }
                                                                                       ],
                                                                          "enabled":  true
                                                                      }
                                                                  ],
                                                      "entityKey":  "certificateStore",
                                                      "booleanActions":  0,
                                                      "defaultValue":  "user",
                                                      "policyType":  6,
                                                      "enabled":  true
                                                  },
                                                  {
                                                      "scaleOptions":  [
                                                                           {
                                                                               "nameResourceKey":  "days",
                                                                               "value":  "days",
                                                                               "enabled":  true
                                                                           },
                                                                           {
                                                                               "nameResourceKey":  "months",
                                                                               "value":  "months",
                                                                               "enabled":  true
                                                                           },
                                                                           {
                                                                               "nameResourceKey":  "years",
                                                                               "value":  "years",
                                                                               "enabled":  true
                                                                           }
                                                                       ],
                                                      "scaleEntityKey":  "certificateValidityPeriodScale",
                                                      "defaultScale":  "years",
                                                      "dataType":  22,
                                                      "category":  103,
                                                      "nameResourceKey":  "sCEPPolicyCertificateValidityPeriodName",
                                                      "descriptionResourceKey":  "sCEPPolicyCertificateValidityPeriodDescription",
                                                      "childSettings":  [

                                                                        ],
                                                      "options":  [

                                                                  ],
                                                      "entityKey":  "certificateValidityPeriodValue",
                                                      "booleanActions":  0,
                                                      "policyType":  6,
                                                      "enabled":  true
                                                  },
                                                  {
                                                      "dataType":  16,
                                                      "category":  103,
                                                      "nameResourceKey":  "sCEPPolicySubjectNameFormatName",
                                                      "descriptionResourceKey":  "empty",
                                                      "childSettings":  [

                                                                        ],
                                                      "options":  [
                                                                      {
                                                                          "nameResourceKey":  "notConfigured",
                                                                          "enabled":  true
                                                                      },
                                                                      {
                                                                          "nameResourceKey":  "sCEPPolicySubjectNameFormatCommonName",
                                                                          "value":  "commonName",
                                                                          "enabled":  true
                                                                      },
                                                                      {
                                                                          "nameResourceKey":  "sCEPPolicySubjectNameFormatCommonNameAndEmailAddress",
                                                                          "value":  "commonNameIncludingEmail",
                                                                          "enabled":  true
                                                                      },
                                                                      {
                                                                          "nameResourceKey":  "sCEPPolicySubjectNameFormatCommonNameAsEmail",
                                                                          "value":  "commonNameAsEmail",
                                                                          "enabled":  true
                                                                      },
                                                                      {
                                                                          "nameResourceKey":  "sCEPPolicySubjectNameFormatCommonNameAsIMEI",
                                                                          "value":  "commonNameAsIMEI",
                                                                          "enabled":  true
                                                                      },
                                                                      {
                                                                          "nameResourceKey":  "sCEPPolicySubjectNameFormatCommonNameAsSerialNumber",
                                                                          "value":  "commonNameAsSerialNumber",
                                                                          "enabled":  true
                                                                      },
                                                                      {
                                                                          "nameResourceKey":  "sCEPPolicySubjectNameFormatCustom",
                                                                          "value":  "custom",
                                                                          "children":  [
                                                                                           {
                                                                                               "dataType":  20,
                                                                                               "category":  103,
                                                                                               "nameResourceKey":  "sCEPPolicySubjectNameFormatCustom",
                                                                                               "descriptionResourceKey":  "sCEPPolicyCustomSubjectNameWithAadFormatDescription",
                                                                                               "childSettings":  [

                                                                                                                 ],
                                                                                               "options":  [

                                                                                                           ],
                                                                                               "entityKey":  "subjectNameFormatString",
                                                                                               "booleanActions":  0,
                                                                                               "defaultValue":  "CN={{UserName}},E={{EmailAddress}}",
                                                                                               "policyType":  6,
                                                                                               "enabled":  true
                                                                                           }
                                                                                       ],
                                                                          "enabled":  true
                                                                      }
                                                                  ],
                                                      "entityKey":  "subjectNameFormat",
                                                      "booleanActions":  0,
                                                      "policyType":  6,
                                                      "enabled":  true
                                                  },
                                                  {
                                                      "dataType":  13,
                                                      "category":  103,
                                                      "nameResourceKey":  "PolicySubjectAlternativeName",
                                                      "descriptionResourceKey":  "PolicySubjectAlternativeNameDescription",
                                                      "emptyValueResourceKey":  "notConfigured",
                                                      "childSettings":  [

                                                                        ],
                                                      "options":  [
                                                                      {
                                                                          "nameResourceKey":  "PolicyEmailAddress",
                                                                          "value":  "emailAddress",
                                                                          "enabled":  true
                                                                      },
                                                                      {
                                                                          "nameResourceKey":  "PolicyUserPrincipalName",
                                                                          "value":  "userPrincipalName",
                                                                          "enabled":  true
                                                                      }
                                                                  ],
                                                      "entityKey":  "subjectAlternativeNameType",
                                                      "booleanActions":  0,
                                                      "policyType":  6,
                                                      "enabled":  true
                                                  },
                                                  {
                                                      "dataType":  13,
                                                      "category":  103,
                                                      "nameResourceKey":  "sCEPPolicyKeyUsageName",
                                                      "descriptionResourceKey":  "sCEPPolicyKeyUsageDescription",
                                                      "childSettings":  [

                                                                        ],
                                                      "options":  [
                                                                      {
                                                                          "nameResourceKey":  "sCEPPolicyUseAsDigitialSignature",
                                                                          "value":  "digitalSignature",
                                                                          "enabled":  true
                                                                      },
                                                                      {
                                                                          "nameResourceKey":  "sCEPPolicyUseForKeyEncipherment",
                                                                          "value":  "keyEncipherment",
                                                                          "enabled":  true
                                                                      }
                                                                  ],
                                                      "entityKey":  "keyUsage",
                                                      "booleanActions":  0,
                                                      "policyType":  6,
                                                      "enabled":  true
                                                  },
                                                  {
                                                      "dataType":  16,
                                                      "category":  103,
                                                      "nameResourceKey":  "sCEPPolicyKeySizeName",
                                                      "descriptionResourceKey":  "sCEPPolicyKeySizeDescription",
                                                      "childSettings":  [

                                                                        ],
                                                      "options":  [
                                                                      {
                                                                          "nameResourceKey":  "notConfigured",
                                                                          "enabled":  true
                                                                      },
                                                                      {
                                                                          "nameResourceKey":  "",
                                                                          "displayText":  "1024",
                                                                          "value":  "size1024",
                                                                          "enabled":  true
                                                                      },
                                                                      {
                                                                          "nameResourceKey":  "",
                                                                          "displayText":  "2048",
                                                                          "value":  "size2048",
                                                                          "enabled":  true
                                                                      }
                                                                  ],
                                                      "entityKey":  "keySize",
                                                      "booleanActions":  0,
                                                      "policyType":  6,
                                                      "enabled":  true
                                                  },
                                                  {
                                                      "dataType":  13,
                                                      "category":  103,
                                                      "nameResourceKey":  "sCEPPolicyHashAlgorithmName",
                                                      "descriptionResourceKey":  "sCEPPolicyHashAlgorithmDescription",
                                                      "childSettings":  [

                                                                        ],
                                                      "options":  [
                                                                      {
                                                                          "nameResourceKey":  "sCEPPPolicySHA1",
                                                                          "value":  "sha1",
                                                                          "enabled":  true
                                                                      },
                                                                      {
                                                                          "nameResourceKey":  "sCEPPPolicySHA2",
                                                                          "value":  "sha2",
                                                                          "enabled":  true
                                                                      }
                                                                  ],
                                                      "entityKey":  "hashAlgorithm",
                                                      "booleanActions":  0,
                                                      "policyType":  6,
                                                      "enabled":  true
                                                  },
                                                  {
                                                      "complexOptions":  [
                                                                             {
                                                                                 "dataType":  4,
                                                                                 "category":  103,
                                                                                 "nameResourceKey":  "sCEPPolicySelectRootCertificateName",
                                                                                 "descriptionResourceKey":  "SCEPPolicySelectRootCertificateName",
                                                                                 "childSettings":  [

                                                                                                   ],
                                                                                 "options":  [

                                                                                             ],
                                                                                 "entityKey":  "rootCertificate",
                                                                                 "booleanActions":  0,
                                                                                 "unconfiguredValue":  "notConfigured",
                                                                                 "policyType":  6,
                                                                                 "enabled":  true
                                                                             }
                                                                         ],
                                                      "dataType":  5,
                                                      "category":  103,
                                                      "nameResourceKey":  "sCEPPolicySelectRootCertificateName",
                                                      "descriptionResourceKey":  "sCEPPolicySelectRootCertificateDescription",
                                                      "emptyValueResourceKey":  "selectCertificate",
                                                      "childSettings":  [

                                                                        ],
                                                      "options":  [

                                                                  ],
                                                      "booleanActions":  0,
                                                      "policyType":  6,
                                                      "enabled":  true
                                                  },
                                                  {
                                                      "columns":  [
                                                                      {
                                                                          "metadata":  {
                                                                                           "dataType":  20,
                                                                                           "category":  103,
                                                                                           "nameResourceKey":  "eDPPolicyAppsListNameName",
                                                                                           "descriptionResourceKey":  "empty",
                                                                                           "childSettings":  [

                                                                                                             ],
                                                                                           "options":  [

                                                                                                       ],
                                                                                           "entityKey":  "name",
                                                                                           "booleanActions":  0,
                                                                                           "policyType":  6,
                                                                                           "enabled":  true
                                                                                       }
                                                                      },
                                                                      {
                                                                          "metadata":  {
                                                                                           "dataType":  20,
                                                                                           "category":  103,
                                                                                           "nameResourceKey":  "sCEPPolicyObjectIdentifierColumnName",
                                                                                           "descriptionResourceKey":  "empty",
                                                                                           "childSettings":  [

                                                                                                             ],
                                                                                           "options":  [

                                                                                                       ],
                                                                                           "entityKey":  "objectIdentifier",
                                                                                           "booleanActions":  0,
                                                                                           "policyType":  6,
                                                                                           "enabled":  true
                                                                                       }
                                                                      }
                                                                  ],
                                                      "dataType":  21,
                                                      "category":  103,
                                                      "nameResourceKey":  "sCEPPolicyExtendedKeyUsageName",
                                                      "descriptionResourceKey":  "sCEPPolicyExtendedKeyUsageDescription",
                                                      "childSettings":  [

                                                                        ],
                                                      "options":  [

                                                                  ],
                                                      "entityKey":  "extendedKeyUsages",
                                                      "booleanActions":  0,
                                                      "policyType":  6,
                                                      "enabled":  true
                                                  },
                                                  {
                                                      "isSettingDescription":  false,
                                                      "showAsSectionHeader":  false,
                                                      "dataType":  8,
                                                      "category":  103,
                                                      "nameResourceKey":  "enrollmentSettingsHeading",
                                                      "childSettings":  [

                                                                        ],
                                                      "options":  [

                                                                  ],
                                                      "booleanActions":  0,
                                                      "policyType":  6,
                                                      "enabled":  true
                                                  },
                                                  {
                                                      "dataType":  14,
                                                      "category":  103,
                                                      "nameResourceKey":  "sCEPPolicyRenewalThresholdName",
                                                      "descriptionResourceKey":  "sCEPPolicyRenewalThresholdDescription",
                                                      "childSettings":  [

                                                                        ],
                                                      "options":  [

                                                                  ],
                                                      "entityKey":  "renewalThresholdPercentage",
                                                      "booleanActions":  0,
                                                      "policyType":  6,
                                                      "enabled":  true
                                                  },
                                                  {
                                                      "columns":  [
                                                                      {
                                                                          "metadata":  {
                                                                                           "dataType":  20,
                                                                                           "category":  103,
                                                                                           "nameResourceKey":  "sCEPPolicyServerURLName",
                                                                                           "descriptionResourceKey":  "empty",
                                                                                           "emptyValueResourceKey":  "sCEPPolicyServerURLSExample",
                                                                                           "childSettings":  [

                                                                                                             ],
                                                                                           "options":  [

                                                                                                       ],
                                                                                           "entityKey":  "sCEPPolicyServerURLName",
                                                                                           "booleanActions":  0,
                                                                                           "policyType":  6,
                                                                                           "enabled":  true
                                                                                       }
                                                                      }
                                                                  ],
                                                      "dataType":  21,
                                                      "category":  103,
                                                      "nameResourceKey":  "sCEPPolicyServerURLSName",
                                                      "descriptionResourceKey":  "sCEPPolicyServerURLSDescription",
                                                      "childSettings":  [

                                                                        ],
                                                      "options":  [

                                                                  ],
                                                      "entityKey":  "scepServerUrls",
                                                      "booleanActions":  0,
                                                      "policyType":  6,
                                                      "enabled":  true
                                                  }
                                              ]
}
