﻿{
    "shareddevice_iosgeneral":  [
                                    {
                                        "isSettingDescription":  false,
                                        "showAsSectionHeader":  false,
                                        "dataType":  8,
                                        "category":  104,
                                        "nameResourceKey":  "IosGeneralSharedDeviceHeader",
                                        "childSettings":  [

                                                          ],
                                        "options":  [

                                                    ],
                                        "booleanActions":  0,
                                        "policyType":  46,
                                        "enabled":  true
                                    },
                                    {
                                        "isSettingDescription":  false,
                                        "showAsSectionHeader":  true,
                                        "dataType":  8,
                                        "category":  104,
                                        "nameResourceKey":  "automatedDeviceEnrollmentHeaderName",
                                        "descriptionResourceKey":  "automatedDeviceEnrollmentHeaderDescription",
                                        "childSettings":  [
                                                              {
                                                                  "dataType":  0,
                                                                  "category":  104,
                                                                  "nameResourceKey":  "sharedDeviceBlockTemporarySessionsName",
                                                                  "descriptionResourceKey":  "sharedDeviceBlockTemporarySessionsDescription",
                                                                  "childSettings":  [

                                                                                    ],
                                                                  "options":  [

                                                                              ],
                                                                  "entityKey":  "sharedDeviceBlockTemporarySessions",
                                                                  "booleanActions":  9,
                                                                  "policyType":  46,
                                                                  "enabled":  true
                                                              }
                                                          ],
                                        "options":  [

                                                    ],
                                        "booleanActions":  0,
                                        "policyType":  46,
                                        "enabled":  true
                                    }
                                ]
}
