﻿{
    "sharedpcaccountmanager_windows10sharedpc":  [
                                                     {
                                                         "dataType":  9,
                                                         "category":  105,
                                                         "nameResourceKey":  "holoLensSharedPCAccountManager",
                                                         "childSettings":  [

                                                                           ],
                                                         "options":  [

                                                                     ],
                                                         "entityKey":  "enableProfileManager",
                                                         "booleanActions":  0,
                                                         "policyType":  86,
                                                         "enabled":  true
                                                     },
                                                     {
                                                         "dataType":  9,
                                                         "category":  105,
                                                         "nameResourceKey":  "holoLensSharedPCAccountDeletion",
                                                         "childSettings":  [

                                                                           ],
                                                         "options":  [

                                                                     ],
                                                         "entityKey":  "accountManagementDeletionPolicy",
                                                         "booleanActions":  0,
                                                         "policyType":  86,
                                                         "enabled":  true
                                                     },
                                                     {
                                                         "dataType":  9,
                                                         "category":  105,
                                                         "nameResourceKey":  "holoLensSharedPCAccountDiskSpaceLeftBeforeDeletion",
                                                         "childSettings":  [

                                                                           ],
                                                         "options":  [

                                                                     ],
                                                         "entityKey":  "storageCapacityStartDeletion",
                                                         "booleanActions":  0,
                                                         "policyType":  86,
                                                         "enabled":  true
                                                     },
                                                     {
                                                         "dataType":  9,
                                                         "category":  105,
                                                         "nameResourceKey":  "holoLensSharedPCDiskSpaceLeftCached",
                                                         "childSettings":  [

                                                                           ],
                                                         "options":  [

                                                                     ],
                                                         "entityKey":  "storageCapacityStopDeletion",
                                                         "booleanActions":  0,
                                                         "policyType":  86,
                                                         "enabled":  true
                                                     },
                                                     {
                                                         "dataType":  9,
                                                         "category":  105,
                                                         "nameResourceKey":  "holoLensSharedPCDaysBeforeInactive",
                                                         "childSettings":  [

                                                                           ],
                                                         "options":  [

                                                                     ],
                                                         "entityKey":  "profileInactivityThreshold",
                                                         "booleanActions":  0,
                                                         "policyType":  86,
                                                         "enabled":  true
                                                     },
                                                     {
                                                         "dataType":  9,
                                                         "category":  105,
                                                         "nameResourceKey":  "win10SharedGuestAccount",
                                                         "childSettings":  [

                                                                           ],
                                                         "options":  [

                                                                     ],
                                                         "entityKey":  "allowedAccountsCustom",
                                                         "booleanActions":  0,
                                                         "policyType":  86,
                                                         "enabled":  true
                                                     },
                                                     {
                                                         "dataType":  9,
                                                         "category":  105,
                                                         "nameResourceKey":  "win10SharedPCSignInOnResume",
                                                         "childSettings":  [

                                                                           ],
                                                         "options":  [

                                                                     ],
                                                         "entityKey":  "setSignInOnResumeCustom",
                                                         "booleanActions":  0,
                                                         "policyType":  86,
                                                         "enabled":  true
                                                     },
                                                     {
                                                         "dataType":  9,
                                                         "category":  105,
                                                         "nameResourceKey":  "win10SharedPCMaintenanceStartTime",
                                                         "childSettings":  [

                                                                           ],
                                                         "options":  [

                                                                     ],
                                                         "entityKey":  "maintenanceStartTimeCustom",
                                                         "booleanActions":  0,
                                                         "policyType":  86,
                                                         "enabled":  true
                                                     },
                                                     {
                                                         "dataType":  9,
                                                         "category":  105,
                                                         "nameResourceKey":  "Win10SharedPCLocalStorage",
                                                         "childSettings":  [

                                                                           ],
                                                         "options":  [

                                                                     ],
                                                         "entityKey":  "restrictLocalStorageCustom",
                                                         "booleanActions":  0,
                                                         "policyType":  86,
                                                         "enabled":  true
                                                     },
                                                     {
                                                         "dataType":  9,
                                                         "category":  105,
                                                         "nameResourceKey":  "win10SharedPCAccountManager",
                                                         "childSettings":  [

                                                                           ],
                                                         "options":  [

                                                                     ],
                                                         "entityKey":  "setAccountManagerCustom",
                                                         "booleanActions":  0,
                                                         "policyType":  86,
                                                         "enabled":  true
                                                     },
                                                     {
                                                         "dataType":  9,
                                                         "category":  105,
                                                         "nameResourceKey":  "win10SharedPCSetPowerPolicies",
                                                         "childSettings":  [

                                                                           ],
                                                         "options":  [

                                                                     ],
                                                         "entityKey":  "setPowerPoliciesCustom",
                                                         "booleanActions":  0,
                                                         "policyType":  86,
                                                         "enabled":  true
                                                     },
                                                     {
                                                         "dataType":  9,
                                                         "category":  105,
                                                         "nameResourceKey":  "win10SharedPCAccountDeletion",
                                                         "childSettings":  [

                                                                           ],
                                                         "options":  [

                                                                     ],
                                                         "entityKey":  "scheduleAccountDeletionCustom",
                                                         "booleanActions":  0,
                                                         "policyType":  86,
                                                         "enabled":  true
                                                     },
                                                     {
                                                         "dataType":  9,
                                                         "category":  105,
                                                         "nameResourceKey":  "win10SharedPCDiskSpaceLeftCached",
                                                         "childSettings":  [

                                                                           ],
                                                         "options":  [

                                                                     ],
                                                         "entityKey":  "cacheAccountsAboveDiskFreePercentageCustom",
                                                         "booleanActions":  0,
                                                         "policyType":  86,
                                                         "enabled":  true
                                                     },
                                                     {
                                                         "dataType":  9,
                                                         "category":  105,
                                                         "nameResourceKey":  "win10SharedPCAccountDiskSpaceLeftBeforeDeletion",
                                                         "childSettings":  [

                                                                           ],
                                                         "options":  [

                                                                     ],
                                                         "entityKey":  "removeAccountsBelowDiskFreePercentageCustom",
                                                         "booleanActions":  0,
                                                         "policyType":  86,
                                                         "enabled":  true
                                                     },
                                                     {
                                                         "dataType":  9,
                                                         "category":  105,
                                                         "nameResourceKey":  "win10SharedPCDaysBeforeInactive",
                                                         "childSettings":  [

                                                                           ],
                                                         "options":  [

                                                                     ],
                                                         "entityKey":  "inactiveThresholdDaysCustom",
                                                         "booleanActions":  0,
                                                         "policyType":  86,
                                                         "enabled":  true
                                                     },
                                                     {
                                                         "dataType":  9,
                                                         "category":  105,
                                                         "nameResourceKey":  "win10SharedPCSetEduPolicies",
                                                         "childSettings":  [

                                                                           ],
                                                         "options":  [

                                                                     ],
                                                         "entityKey":  "SetEduPoliciesCustom",
                                                         "booleanActions":  0,
                                                         "policyType":  86,
                                                         "enabled":  true
                                                     },
                                                     {
                                                         "isSettingDescription":  false,
                                                         "showAsSectionHeader":  false,
                                                         "dataType":  8,
                                                         "category":  105,
                                                         "nameResourceKey":  "win10SharedPCHeader",
                                                         "childSettings":  [

                                                                           ],
                                                         "options":  [

                                                                     ],
                                                         "booleanActions":  0,
                                                         "policyType":  86,
                                                         "enabled":  true
                                                     },
                                                     {
                                                         "isSettingDescription":  false,
                                                         "showAsSectionHeader":  false,
                                                         "dataType":  8,
                                                         "category":  105,
                                                         "nameResourceKey":  "win10AccountManagerConfigurationHeader",
                                                         "childSettings":  [

                                                                           ],
                                                         "options":  [

                                                                     ],
                                                         "booleanActions":  0,
                                                         "policyType":  86,
                                                         "enabled":  true
                                                     },
                                                     {
                                                         "isSettingDescription":  false,
                                                         "showAsSectionHeader":  false,
                                                         "dataType":  8,
                                                         "category":  105,
                                                         "nameResourceKey":  "win10SharedPCMoreInfoLinkHeader",
                                                         "childSettings":  [

                                                                           ],
                                                         "options":  [

                                                                     ],
                                                         "booleanActions":  0,
                                                         "policyType":  86,
                                                         "enabled":  true
                                                     },
                                                     {
                                                         "dataType":  0,
                                                         "category":  105,
                                                         "nameResourceKey":  "win10SharedPCMode",
                                                         "descriptionResourceKey":  "win10SharedPCModeDescription",
                                                         "childSettings":  [

                                                                           ],
                                                         "options":  [

                                                                     ],
                                                         "entityKey":  "enabled",
                                                         "booleanActions":  2,
                                                         "defaultValue":  false,
                                                         "policyType":  86,
                                                         "enabled":  true
                                                     },
                                                     {
                                                         "dataType":  16,
                                                         "category":  105,
                                                         "nameResourceKey":  "win10SharedGuestAccount",
                                                         "descriptionResourceKey":  "win10SharedGuestAccountDescription",
                                                         "childSettings":  [

                                                                           ],
                                                         "options":  [
                                                                         {
                                                                             "nameResourceKey":  "notConfigured",
                                                                             "value":  "notConfigured",
                                                                             "enabled":  true
                                                                         },
                                                                         {
                                                                             "nameResourceKey":  "win10SharedPCAllowedAccountsGuest",
                                                                             "value":  "guest",
                                                                             "enabled":  true
                                                                         },
                                                                         {
                                                                             "nameResourceKey":  "win10SharedPCAllowedAccountsDomain",
                                                                             "value":  "domain",
                                                                             "enabled":  true
                                                                         },
                                                                         {
                                                                             "nameResourceKey":  "win10SharedPCAllowedAccountsGuestAndDomain",
                                                                             "value":  "guest, domain",
                                                                             "enabled":  true
                                                                         }
                                                                     ],
                                                         "entityKey":  "allowedAccounts",
                                                         "booleanActions":  0,
                                                         "defaultValue":  "notConfigured",
                                                         "unconfiguredValue":  "notConfigured",
                                                         "policyType":  86,
                                                         "enabled":  true
                                                     },
                                                     {
                                                         "dataType":  16,
                                                         "category":  105,
                                                         "nameResourceKey":  "win10SharedPCAccountManager",
                                                         "descriptionResourceKey":  "win10SharedPCAccountManagerDescription",
                                                         "childSettings":  [

                                                                           ],
                                                         "options":  [
                                                                         {
                                                                             "nameResourceKey":  "notConfigured",
                                                                             "value":  "notConfigured",
                                                                             "enabled":  true
                                                                         },
                                                                         {
                                                                             "nameResourceKey":  "enabledOption",
                                                                             "value":  "enabled",
                                                                             "children":  [
                                                                                              {
                                                                                                  "complexOptions":  [
                                                                                                                         {
                                                                                                                             "value":  "#microsoft.graph.sharedPCAccountManagerPolicy",
                                                                                                                             "dataType":  9,
                                                                                                                             "category":  105,
                                                                                                                             "childSettings":  [

                                                                                                                                               ],
                                                                                                                             "options":  [

                                                                                                                                         ],
                                                                                                                             "entityKey":  "@odata.type",
                                                                                                                             "booleanActions":  0,
                                                                                                                             "policyType":  86,
                                                                                                                             "enabled":  true
                                                                                                                         },
                                                                                                                         {
                                                                                                                             "dataType":  16,
                                                                                                                             "category":  105,
                                                                                                                             "nameResourceKey":  "win10SharedPCAccountDeletion",
                                                                                                                             "descriptionResourceKey":  "win10SharedPCAccountDeletionDescription",
                                                                                                                             "childSettings":  [

                                                                                                                                               ],
                                                                                                                             "options":  [
                                                                                                                                             {
                                                                                                                                                 "nameResourceKey":  "win10SharedPCAccountDeletionDiskSpace",
                                                                                                                                                 "value":  "diskSpaceThreshold",
                                                                                                                                                 "children":  [
                                                                                                                                                                  {
                                                                                                                                                                      "dataType":  14,
                                                                                                                                                                      "category":  105,
                                                                                                                                                                      "nameResourceKey":  "win10SharedPCDiskLevelDeletion",
                                                                                                                                                                      "descriptionResourceKey":  "win10SharedPCDiskLevelDeletionDescription",
                                                                                                                                                                      "emptyValueResourceKey":  "win10SharedPCDiskSpaceEmptyValueDescription",
                                                                                                                                                                      "childSettings":  [

                                                                                                                                                                                        ],
                                                                                                                                                                      "options":  [

                                                                                                                                                                                  ],
                                                                                                                                                                      "entityKey":  "removeAccountsBelowDiskFreePercentage",
                                                                                                                                                                      "booleanActions":  0,
                                                                                                                                                                      "policyType":  86,
                                                                                                                                                                      "enabled":  true
                                                                                                                                                                  },
                                                                                                                                                                  {
                                                                                                                                                                      "dataType":  14,
                                                                                                                                                                      "category":  105,
                                                                                                                                                                      "nameResourceKey":  "win10SharedPCDiskLevelCaching",
                                                                                                                                                                      "descriptionResourceKey":  "win10SharedPCDiskLevelCachingDescription",
                                                                                                                                                                      "emptyValueResourceKey":  "win10SharedPCDiskSpaceEmptyValueDescription",
                                                                                                                                                                      "childSettings":  [

                                                                                                                                                                                        ],
                                                                                                                                                                      "options":  [

                                                                                                                                                                                  ],
                                                                                                                                                                      "entityKey":  "cacheAccountsAboveDiskFreePercentage",
                                                                                                                                                                      "booleanActions":  0,
                                                                                                                                                                      "policyType":  86,
                                                                                                                                                                      "enabled":  true
                                                                                                                                                                  }
                                                                                                                                                              ],
                                                                                                                                                 "enabled":  true
                                                                                                                                             },
                                                                                                                                             {
                                                                                                                                                 "nameResourceKey":  "win10SharedPCAccountDeletionDiskSpaceInactiveThreshold",
                                                                                                                                                 "value":  "diskSpaceThresholdOrInactiveThreshold",
                                                                                                                                                 "children":  [
                                                                                                                                                                  {
                                                                                                                                                                      "dataType":  14,
                                                                                                                                                                      "category":  105,
                                                                                                                                                                      "nameResourceKey":  "win10SharedPCDiskLevelDeletion",
                                                                                                                                                                      "descriptionResourceKey":  "win10SharedPCDiskLevelDeletionDescription",
                                                                                                                                                                      "emptyValueResourceKey":  "win10SharedPCDiskSpaceEmptyValueDescription",
                                                                                                                                                                      "childSettings":  [

                                                                                                                                                                                        ],
                                                                                                                                                                      "options":  [

                                                                                                                                                                                  ],
                                                                                                                                                                      "entityKey":  "removeAccountsBelowDiskFreePercentage",
                                                                                                                                                                      "booleanActions":  0,
                                                                                                                                                                      "policyType":  86,
                                                                                                                                                                      "enabled":  true
                                                                                                                                                                  },
                                                                                                                                                                  {
                                                                                                                                                                      "dataType":  14,
                                                                                                                                                                      "category":  105,
                                                                                                                                                                      "nameResourceKey":  "win10SharedPCDiskLevelCaching",
                                                                                                                                                                      "descriptionResourceKey":  "win10SharedPCDiskLevelCachingDescription",
                                                                                                                                                                      "emptyValueResourceKey":  "win10SharedPCDiskSpaceEmptyValueDescription",
                                                                                                                                                                      "childSettings":  [

                                                                                                                                                                                        ],
                                                                                                                                                                      "options":  [

                                                                                                                                                                                  ],
                                                                                                                                                                      "entityKey":  "cacheAccountsAboveDiskFreePercentage",
                                                                                                                                                                      "booleanActions":  0,
                                                                                                                                                                      "policyType":  86,
                                                                                                                                                                      "enabled":  true
                                                                                                                                                                  },
                                                                                                                                                                  {
                                                                                                                                                                      "dataType":  14,
                                                                                                                                                                      "category":  105,
                                                                                                                                                                      "nameResourceKey":  "win10SharedPCInactiveThreshold",
                                                                                                                                                                      "descriptionResourceKey":  "win10SharedPCInactiveThresholdDescription",
                                                                                                                                                                      "emptyValueResourceKey":  "win10SharedPCInactiveThresholdEmpty",
                                                                                                                                                                      "childSettings":  [

                                                                                                                                                                                        ],
                                                                                                                                                                      "options":  [

                                                                                                                                                                                  ],
                                                                                                                                                                      "entityKey":  "inactiveThresholdDays",
                                                                                                                                                                      "booleanActions":  0,
                                                                                                                                                                      "policyType":  86,
                                                                                                                                                                      "enabled":  true
                                                                                                                                                                  }
                                                                                                                                                              ],
                                                                                                                                                 "enabled":  true
                                                                                                                                             },
                                                                                                                                             {
                                                                                                                                                 "nameResourceKey":  "win10SharedPCAccountDeletionImmediate",
                                                                                                                                                 "value":  "immediate",
                                                                                                                                                 "enabled":  true
                                                                                                                                             }
                                                                                                                                         ],
                                                                                                                             "entityKey":  "accountDeletionPolicy",
                                                                                                                             "booleanActions":  0,
                                                                                                                             "defaultValue":  "diskSpaceThreshold",
                                                                                                                             "policyType":  86,
                                                                                                                             "enabled":  true
                                                                                                                         }
                                                                                                                     ],
                                                                                                  "dataType":  6,
                                                                                                  "category":  105,
                                                                                                  "childSettings":  [

                                                                                                                    ],
                                                                                                  "options":  [

                                                                                                              ],
                                                                                                  "entityKey":  "accountManagerPolicy",
                                                                                                  "booleanActions":  0,
                                                                                                  "policyType":  86,
                                                                                                  "enabled":  true
                                                                                              }
                                                                                          ],
                                                                             "enabled":  true
                                                                         },
                                                                         {
                                                                             "nameResourceKey":  "disabledOption",
                                                                             "value":  "disabled",
                                                                             "enabled":  true
                                                                         }
                                                                     ],
                                                         "entityKey":  "setAccountManager",
                                                         "booleanActions":  0,
                                                         "defaultValue":  "notConfigured",
                                                         "unconfiguredValue":  "notConfigured",
                                                         "policyType":  86,
                                                         "enabled":  true
                                                     },
                                                     {
                                                         "dataType":  16,
                                                         "category":  105,
                                                         "nameResourceKey":  "win10SharedPCLocalStorage",
                                                         "descriptionResourceKey":  "win10SharedPCLocalStorageDescription",
                                                         "childSettings":  [

                                                                           ],
                                                         "options":  [
                                                                         {
                                                                             "nameResourceKey":  "notConfigured",
                                                                             "value":  "notConfigured",
                                                                             "enabled":  true
                                                                         },
                                                                         {
                                                                             "nameResourceKey":  "enabledOption",
                                                                             "value":  "enabled",
                                                                             "enabled":  true
                                                                         },
                                                                         {
                                                                             "nameResourceKey":  "disabledOption",
                                                                             "value":  "disabled",
                                                                             "enabled":  true
                                                                         }
                                                                     ],
                                                         "entityKey":  "localStorage",
                                                         "booleanActions":  0,
                                                         "defaultValue":  "notConfigured",
                                                         "unconfiguredValue":  "notConfigured",
                                                         "policyType":  86,
                                                         "enabled":  true
                                                     },
                                                     {
                                                         "dataType":  16,
                                                         "category":  105,
                                                         "nameResourceKey":  "win10SharedPCSetPowerPolicies",
                                                         "descriptionResourceKey":  "win10SharedPCSetPowerPoliciesDescription",
                                                         "childSettings":  [

                                                                           ],
                                                         "options":  [
                                                                         {
                                                                             "nameResourceKey":  "notConfigured",
                                                                             "value":  "notConfigured",
                                                                             "enabled":  true
                                                                         },
                                                                         {
                                                                             "nameResourceKey":  "enabledOption",
                                                                             "value":  "enabled",
                                                                             "enabled":  true
                                                                         },
                                                                         {
                                                                             "nameResourceKey":  "disabledOption",
                                                                             "value":  "disabled",
                                                                             "enabled":  true
                                                                         }
                                                                     ],
                                                         "entityKey":  "setPowerPolicies",
                                                         "booleanActions":  0,
                                                         "defaultValue":  "notConfigured",
                                                         "unconfiguredValue":  "notConfigured",
                                                         "policyType":  86,
                                                         "enabled":  true
                                                     },
                                                     {
                                                         "dataType":  14,
                                                         "category":  105,
                                                         "nameResourceKey":  "win10SharedPCSleepTimeOut",
                                                         "descriptionResourceKey":  "win10SharedPCSleepTimeOutDescription",
                                                         "emptyValueResourceKey":  "win10SharedPCSleepTimeOutEmpty",
                                                         "childSettings":  [

                                                                           ],
                                                         "options":  [

                                                                     ],
                                                         "entityKey":  "idleTimeBeforeSleepInSeconds",
                                                         "booleanActions":  0,
                                                         "policyType":  86,
                                                         "enabled":  true
                                                     },
                                                     {
                                                         "dataType":  16,
                                                         "category":  105,
                                                         "nameResourceKey":  "win10SharedPCSignInOnResume",
                                                         "descriptionResourceKey":  "win10SharedPCSignInOnResumeDescription",
                                                         "childSettings":  [

                                                                           ],
                                                         "options":  [
                                                                         {
                                                                             "nameResourceKey":  "notConfigured",
                                                                             "value":  "notConfigured",
                                                                             "enabled":  true
                                                                         },
                                                                         {
                                                                             "nameResourceKey":  "enabledOption",
                                                                             "value":  "enabled",
                                                                             "enabled":  true
                                                                         },
                                                                         {
                                                                             "nameResourceKey":  "disabledOption",
                                                                             "value":  "disabled",
                                                                             "enabled":  true
                                                                         }
                                                                     ],
                                                         "entityKey":  "signInOnResume",
                                                         "booleanActions":  0,
                                                         "defaultValue":  "notConfigured",
                                                         "unconfiguredValue":  "notConfigured",
                                                         "policyType":  86,
                                                         "enabled":  true
                                                     },
                                                     {
                                                         "dataType":  14,
                                                         "category":  105,
                                                         "nameResourceKey":  "win10SharedPCMaintenanceStartTime",
                                                         "descriptionResourceKey":  "win10SharedPCMaintenanceStartTimeDescription",
                                                         "emptyValueResourceKey":  "win10SharedPCMaintenanceStartTimeEmpty",
                                                         "childSettings":  [

                                                                           ],
                                                         "options":  [

                                                                     ],
                                                         "entityKey":  "setMaintenanceStartTime",
                                                         "booleanActions":  0,
                                                         "policyType":  86,
                                                         "enabled":  true
                                                     },
                                                     {
                                                         "dataType":  16,
                                                         "category":  105,
                                                         "nameResourceKey":  "win10SharedPCSetEduPolicies",
                                                         "descriptionResourceKey":  "win10SharedPCSetEduPoliciesDescription",
                                                         "childSettings":  [

                                                                           ],
                                                         "options":  [
                                                                         {
                                                                             "nameResourceKey":  "notConfigured",
                                                                             "value":  "notConfigured",
                                                                             "enabled":  true
                                                                         },
                                                                         {
                                                                             "nameResourceKey":  "enabledOption",
                                                                             "value":  "enabled",
                                                                             "enabled":  true
                                                                         },
                                                                         {
                                                                             "nameResourceKey":  "disabledOption",
                                                                             "value":  "disabled",
                                                                             "enabled":  true
                                                                         }
                                                                     ],
                                                         "entityKey":  "setEduPolicies",
                                                         "booleanActions":  0,
                                                         "defaultValue":  "notConfigured",
                                                         "unconfiguredValue":  "notConfigured",
                                                         "policyType":  86,
                                                         "enabled":  true
                                                     }
                                                 ]
}
