﻿{
    "singlesignon_iosdevicefeatures":  {
                                           "isSettingDescription":  false,
                                           "showAsSectionHeader":  true,
                                           "dataType":  8,
                                           "category":  106,
                                           "nameResourceKey":  "deviceEnrollmentAndAutomatedDeviceEnrollmentHeaderName",
                                           "descriptionResourceKey":  "deviceEnrollmentAndAutomatedDeviceEnrollmentHeaderDescription",
                                           "childSettings":  [
                                                                 {
                                                                     "dataType":  16,
                                                                     "category":  106,
                                                                     "nameResourceKey":  "ssoPrincipalNameName",
                                                                     "descriptionResourceKey":  "ssoPrincipalNameDescription",
                                                                     "childSettings":  [
                                                                                           {
                                                                                               "dataType":  20,
                                                                                               "category":  106,
                                                                                               "nameResourceKey":  "ssoRealmName",
                                                                                               "descriptionResourceKey":  "ssoRealmDescription",
                                                                                               "emptyValueResourceKey":  "ssoKerberosRealmExample",
                                                                                               "childSettings":  [

                                                                                                                 ],
                                                                                               "options":  [

                                                                                                           ],
                                                                                               "entityKey":  "kerberosRealm",
                                                                                               "booleanActions":  0,
                                                                                               "policyType":  42,
                                                                                               "enabled":  true
                                                                                           },
                                                                                           {
                                                                                               "columns":  [
                                                                                                               {
                                                                                                                   "metadata":  {
                                                                                                                                    "dataType":  20,
                                                                                                                                    "category":  106,
                                                                                                                                    "nameResourceKey":  "url",
                                                                                                                                    "emptyValueResourceKey":  "ssoUrlColumnExamples",
                                                                                                                                    "childSettings":  [

                                                                                                                                                      ],
                                                                                                                                    "options":  [

                                                                                                                                                ],
                                                                                                                                    "entityKey":  "urlsColumn",
                                                                                                                                    "booleanActions":  0,
                                                                                                                                    "policyType":  42,
                                                                                                                                    "enabled":  true
                                                                                                                                }
                                                                                                               }
                                                                                                           ],
                                                                                               "dataType":  21,
                                                                                               "category":  106,
                                                                                               "nameResourceKey":  "ssoAllowedUrlsName",
                                                                                               "descriptionResourceKey":  "ssoAllowedUrlsDescription",
                                                                                               "childSettings":  [

                                                                                                                 ],
                                                                                               "options":  [

                                                                                                           ],
                                                                                               "entityKey":  "allowedUrls",
                                                                                               "booleanActions":  0,
                                                                                               "policyType":  42,
                                                                                               "enabled":  true
                                                                                           },
                                                                                           {
                                                                                               "columns":  [
                                                                                                               {
                                                                                                                   "metadata":  {
                                                                                                                                    "dataType":  20,
                                                                                                                                    "category":  106,
                                                                                                                                    "nameResourceKey":  "bundleId",
                                                                                                                                    "emptyValueResourceKey":  "ssoBundleColumnExamples",
                                                                                                                                    "childSettings":  [

                                                                                                                                                      ],
                                                                                                                                    "options":  [

                                                                                                                                                ],
                                                                                                                                    "entityKey":  "appId",
                                                                                                                                    "booleanActions":  0,
                                                                                                                                    "policyType":  42,
                                                                                                                                    "enabled":  true
                                                                                                                                }
                                                                                                               },
                                                                                                               {
                                                                                                                   "metadata":  {
                                                                                                                                    "dataType":  20,
                                                                                                                                    "category":  106,
                                                                                                                                    "nameResourceKey":  "appNameName",
                                                                                                                                    "emptyValueResourceKey":  "ssoAppColumnExamples",
                                                                                                                                    "childSettings":  [

                                                                                                                                                      ],
                                                                                                                                    "options":  [

                                                                                                                                                ],
                                                                                                                                    "entityKey":  "name",
                                                                                                                                    "booleanActions":  0,
                                                                                                                                    "policyType":  42,
                                                                                                                                    "enabled":  true
                                                                                                                                }
                                                                                                               }
                                                                                                           ],
                                                                                               "dataType":  21,
                                                                                               "category":  106,
                                                                                               "nameResourceKey":  "ssoAllowedAppsListName",
                                                                                               "descriptionResourceKey":  "ssoAllowedAppsListDescription",
                                                                                               "childSettings":  [

                                                                                                                 ],
                                                                                               "options":  [

                                                                                                           ],
                                                                                               "entityKey":  "allowedAppsList",
                                                                                               "booleanActions":  0,
                                                                                               "policyType":  42,
                                                                                               "enabled":  true
                                                                                           },
                                                                                           {
                                                                                               "complexOptions":  [
                                                                                                                      {
                                                                                                                          "dataType":  4,
                                                                                                                          "category":  106,
                                                                                                                          "nameResourceKey":  "ssoCredentialRenewalCertificateName",
                                                                                                                          "descriptionResourceKey":  "ssoCredentialRenewalCertificateDescription",
                                                                                                                          "childSettings":  [

                                                                                                                                            ],
                                                                                                                          "options":  [

                                                                                                                                      ],
                                                                                                                          "entityKey":  "identityCertificateForClientAuthentication",
                                                                                                                          "booleanActions":  0,
                                                                                                                          "policyType":  42,
                                                                                                                          "enabled":  true
                                                                                                                      }
                                                                                                                  ],
                                                                                               "dataType":  5,
                                                                                               "category":  106,
                                                                                               "nameResourceKey":  "ssoCredentialRenewalCertificateName",
                                                                                               "descriptionResourceKey":  "clientCertForClientAuthenticationDescription",
                                                                                               "emptyValueResourceKey":  "selectCertificate",
                                                                                               "childSettings":  [

                                                                                                                 ],
                                                                                               "options":  [

                                                                                                           ],
                                                                                               "entityKey":  "identityCertificateForClientAuthentication",
                                                                                               "booleanActions":  0,
                                                                                               "policyType":  42,
                                                                                               "enabled":  true
                                                                                           }
                                                                                       ],
                                                                     "options":  [
                                                                                     {
                                                                                         "nameResourceKey":  "notConfigured",
                                                                                         "value":  "notConfigured",
                                                                                         "enabled":  true
                                                                                     },
                                                                                     {
                                                                                         "nameResourceKey":  "userPrincipalNameOption",
                                                                                         "value":  "userPrincipalName",
                                                                                         "enabled":  true
                                                                                     },
                                                                                     {
                                                                                         "nameResourceKey":  "deviceIdOption",
                                                                                         "value":  "deviceID",
                                                                                         "enabled":  true
                                                                                     },
                                                                                     {
                                                                                         "nameResourceKey":  "aadDeviceIdOption",
                                                                                         "value":  "AADDeviceId",
                                                                                         "enabled":  true
                                                                                     },
                                                                                     {
                                                                                         "nameResourceKey":  "onPremisesSamAccountNameOption",
                                                                                         "value":  "onPremisesSamAccountName",
                                                                                         "enabled":  true
                                                                                     }
                                                                                 ],
                                                                     "entityKey":  "kerberosPrincipalName",
                                                                     "booleanActions":  0,
                                                                     "defaultValue":  "notConfigured",
                                                                     "unconfiguredValue":  "notConfigured",
                                                                     "policyType":  42,
                                                                     "enabled":  true
                                                                 }
                                                             ],
                                           "options":  [

                                                       ],
                                           "booleanActions":  0,
                                           "policyType":  42,
                                           "enabled":  true
                                       }
}
