﻿{
    "systemsecurity_compliancewindows8":  [
                                              {
                                                  "isSettingDescription":  false,
                                                  "showAsSectionHeader":  false,
                                                  "dataType":  8,
                                                  "category":  113,
                                                  "nameResourceKey":  "compliancePasswordHeader",
                                                  "childSettings":  [
                                                                        {
                                                                            "dataType":  0,
                                                                            "category":  113,
                                                                            "nameResourceKey":  "compliancePasswordRequirementName",
                                                                            "descriptionResourceKey":  "compliancePasswordRequirementDescription",
                                                                            "childSettings":  [
                                                                                                  {
                                                                                                      "dataType":  0,
                                                                                                      "category":  113,
                                                                                                      "nameResourceKey":  "complianceBlockSimplePasswordsName",
                                                                                                      "descriptionResourceKey":  "complianceBlockSimplePasswordsDescription",
                                                                                                      "childSettings":  [

                                                                                                                        ],
                                                                                                      "options":  [

                                                                                                                  ],
                                                                                                      "entityKey":  "passwordBlockSimple",
                                                                                                      "booleanActions":  3,
                                                                                                      "defaultValue":  false,
                                                                                                      "policyType":  37,
                                                                                                      "enabled":  true
                                                                                                  },
                                                                                                  {
                                                                                                      "dataType":  14,
                                                                                                      "category":  113,
                                                                                                      "nameResourceKey":  "complianceMinimumPasswordLengthName",
                                                                                                      "descriptionResourceKey":  "complianceMinimumPasswordLengthDescription",
                                                                                                      "emptyValueResourceKey":  "ComplianceMinimumPasswordLengthPlaceholder",
                                                                                                      "childSettings":  [

                                                                                                                        ],
                                                                                                      "options":  [

                                                                                                                  ],
                                                                                                      "entityKey":  "passwordMinimumLength",
                                                                                                      "booleanActions":  0,
                                                                                                      "policyType":  37,
                                                                                                      "enabled":  true
                                                                                                  },
                                                                                                  {
                                                                                                      "dataType":  16,
                                                                                                      "category":  113,
                                                                                                      "nameResourceKey":  "complianceWindowsRequiredPasswordTypeName",
                                                                                                      "descriptionResourceKey":  "complianceRequiredPasswordTypeDescription",
                                                                                                      "childSettings":  [

                                                                                                                        ],
                                                                                                      "options":  [
                                                                                                                      {
                                                                                                                          "nameResourceKey":  "deviceDefault",
                                                                                                                          "value":  "deviceDefault",
                                                                                                                          "enabled":  true
                                                                                                                      },
                                                                                                                      {
                                                                                                                          "nameResourceKey":  "alphanumericPasswordTypeName",
                                                                                                                          "value":  "alphanumeric",
                                                                                                                          "children":  [
                                                                                                                                           {
                                                                                                                                               "dataType":  16,
                                                                                                                                               "category":  113,
                                                                                                                                               "nameResourceKey":  "numberOfComplexCharactersInPasswordName",
                                                                                                                                               "descriptionResourceKey":  "numberOfComplexCharactersInPasswordDescription",
                                                                                                                                               "childSettings":  [

                                                                                                                                                                 ],
                                                                                                                                               "options":  [
                                                                                                                                                               {
                                                                                                                                                                   "displayText":  "0",
                                                                                                                                                                   "value":  0,
                                                                                                                                                                   "enabled":  true
                                                                                                                                                               },
                                                                                                                                                               {
                                                                                                                                                                   "displayText":  "1",
                                                                                                                                                                   "value":  1,
                                                                                                                                                                   "enabled":  true
                                                                                                                                                               },
                                                                                                                                                               {
                                                                                                                                                                   "displayText":  "2",
                                                                                                                                                                   "value":  2,
                                                                                                                                                                   "enabled":  true
                                                                                                                                                               },
                                                                                                                                                               {
                                                                                                                                                                   "displayText":  "3",
                                                                                                                                                                   "value":  3,
                                                                                                                                                                   "enabled":  true
                                                                                                                                                               },
                                                                                                                                                               {
                                                                                                                                                                   "displayText":  "4",
                                                                                                                                                                   "value":  4,
                                                                                                                                                                   "enabled":  true
                                                                                                                                                               }
                                                                                                                                                           ],
                                                                                                                                               "entityKey":  "passwordMinimumCharacterSetCount",
                                                                                                                                               "booleanActions":  0,
                                                                                                                                               "defaultValue":  1,
                                                                                                                                               "policyType":  37,
                                                                                                                                               "enabled":  true
                                                                                                                                           }
                                                                                                                                       ],
                                                                                                                          "enabled":  true
                                                                                                                      },
                                                                                                                      {
                                                                                                                          "nameResourceKey":  "numericPasswordTypeName",
                                                                                                                          "value":  "numeric",
                                                                                                                          "enabled":  true
                                                                                                                      }
                                                                                                                  ],
                                                                                                      "entityKey":  "passwordRequiredType",
                                                                                                      "booleanActions":  0,
                                                                                                      "defaultValue":  "deviceDefault",
                                                                                                      "unconfiguredValue":  "deviceDefault",
                                                                                                      "policyType":  37,
                                                                                                      "enabled":  true
                                                                                                  },
                                                                                                  {
                                                                                                      "dataType":  16,
                                                                                                      "category":  113,
                                                                                                      "nameResourceKey":  "complianceMinutesOfInactivityBeforePasswordRequiredName",
                                                                                                      "descriptionResourceKey":  "complianceMinutesOfInactivityBeforePasswordRequiredDescription",
                                                                                                      "childSettings":  [

                                                                                                                        ],
                                                                                                      "options":  [
                                                                                                                      {
                                                                                                                          "nameResourceKey":  "notConfigured",
                                                                                                                          "enabled":  true
                                                                                                                      },
                                                                                                                      {
                                                                                                                          "nameResourceKey":  "oneMinuteOption",
                                                                                                                          "value":  1,
                                                                                                                          "enabled":  true
                                                                                                                      },
                                                                                                                      {
                                                                                                                          "nameResourceKey":  "fiveMinutesOption",
                                                                                                                          "value":  5,
                                                                                                                          "enabled":  true
                                                                                                                      },
                                                                                                                      {
                                                                                                                          "nameResourceKey":  "fifteenMinutesOption",
                                                                                                                          "value":  15,
                                                                                                                          "enabled":  true
                                                                                                                      },
                                                                                                                      {
                                                                                                                          "nameResourceKey":  "oneHourOption",
                                                                                                                          "value":  60,
                                                                                                                          "enabled":  true
                                                                                                                      },
                                                                                                                      {
                                                                                                                          "nameResourceKey":  "fourHoursOption",
                                                                                                                          "value":  240,
                                                                                                                          "enabled":  true
                                                                                                                      },
                                                                                                                      {
                                                                                                                          "nameResourceKey":  "eightHoursOption",
                                                                                                                          "value":  480,
                                                                                                                          "enabled":  true
                                                                                                                      }
                                                                                                                  ],
                                                                                                      "entityKey":  "passwordMinutesOfInactivityBeforeLock",
                                                                                                      "booleanActions":  0,
                                                                                                      "policyType":  37,
                                                                                                      "enabled":  true
                                                                                                  },
                                                                                                  {
                                                                                                      "dataType":  14,
                                                                                                      "category":  113,
                                                                                                      "nameResourceKey":  "compliancePasswordExpirationName",
                                                                                                      "descriptionResourceKey":  "compliancePasswordExpirationDescription",
                                                                                                      "emptyValueResourceKey":  "CompliancePasswordExpirationPlaceholder",
                                                                                                      "childSettings":  [

                                                                                                                        ],
                                                                                                      "options":  [

                                                                                                                  ],
                                                                                                      "entityKey":  "passwordExpirationDays",
                                                                                                      "booleanActions":  0,
                                                                                                      "policyType":  37,
                                                                                                      "enabled":  true
                                                                                                  },
                                                                                                  {
                                                                                                      "dataType":  14,
                                                                                                      "category":  113,
                                                                                                      "nameResourceKey":  "complianceNumberOfPreviousPasswordsToBlockName",
                                                                                                      "descriptionResourceKey":  "complianceNumberOfPreviousPasswordsToBlockDescription",
                                                                                                      "emptyValueResourceKey":  "ComplianceNumberOfPreviousPasswordsToBlockPlaceholder",
                                                                                                      "childSettings":  [

                                                                                                                        ],
                                                                                                      "options":  [

                                                                                                                  ],
                                                                                                      "entityKey":  "passwordPreviousPasswordBlockCount",
                                                                                                      "booleanActions":  0,
                                                                                                      "policyType":  37,
                                                                                                      "enabled":  true
                                                                                                  }
                                                                                              ],
                                                                            "options":  [

                                                                                        ],
                                                                            "entityKey":  "passwordRequired",
                                                                            "booleanActions":  1,
                                                                            "defaultValue":  false,
                                                                            "policyType":  37,
                                                                            "enabled":  true
                                                                        }
                                                                    ],
                                                  "options":  [

                                                              ],
                                                  "booleanActions":  0,
                                                  "policyType":  37,
                                                  "enabled":  true
                                              },
                                              {
                                                  "isSettingDescription":  false,
                                                  "showAsSectionHeader":  false,
                                                  "dataType":  8,
                                                  "category":  113,
                                                  "nameResourceKey":  "complianceEncryptionHeader",
                                                  "childSettings":  [
                                                                        {
                                                                            "dataType":  0,
                                                                            "category":  113,
                                                                            "nameResourceKey":  "complianceRequireEncryptionName",
                                                                            "descriptionResourceKey":  "complianceRequireEncryptionDescription",
                                                                            "childSettings":  [

                                                                                              ],
                                                                            "options":  [

                                                                                        ],
                                                                            "entityKey":  "storageRequireEncryption",
                                                                            "booleanActions":  1,
                                                                            "defaultValue":  false,
                                                                            "policyType":  37,
                                                                            "enabled":  true
                                                                        }
                                                                    ],
                                                  "options":  [

                                                              ],
                                                  "booleanActions":  0,
                                                  "policyType":  37,
                                                  "enabled":  true
                                              }
                                          ]
}
