﻿{
    "systemextensions_macextensions":  [
                                           {
                                               "isSettingDescription":  false,
                                               "showAsSectionHeader":  false,
                                               "dataType":  8,
                                               "category":  112,
                                               "nameResourceKey":  "MacExtensionsSystemExtensionsHeader",
                                               "childSettings":  [

                                                                 ],
                                               "options":  [

                                                           ],
                                               "booleanActions":  0,
                                               "policyType":  60,
                                               "enabled":  true
                                           },
                                           {
                                               "isSettingDescription":  false,
                                               "showAsSectionHeader":  true,
                                               "dataType":  8,
                                               "category":  112,
                                               "nameResourceKey":  "userApprovedAndAutomatedDeviceEnrollmentHeaderNameMac",
                                               "descriptionResourceKey":  "userApprovedAndAutomatedDeviceEnrollmentHeaderDescriptionMac",
                                               "childSettings":  [
                                                                     {
                                                                         "dataType":  0,
                                                                         "category":  112,
                                                                         "nameResourceKey":  "macSystemExtensionsBlockUserOverridesName",
                                                                         "descriptionResourceKey":  "macSystemExtensionsBlockUserOverridesDescription",
                                                                         "childSettings":  [

                                                                                           ],
                                                                         "options":  [

                                                                                     ],
                                                                         "entityKey":  "systemExtensionsBlockOverride",
                                                                         "booleanActions":  9,
                                                                         "defaultValue":  false,
                                                                         "policyType":  60,
                                                                         "enabled":  true
                                                                     },
                                                                     {
                                                                         "columns":  [
                                                                                         {
                                                                                             "metadata":  {
                                                                                                              "dataType":  20,
                                                                                                              "category":  112,
                                                                                                              "nameResourceKey":  "teamIdentifier",
                                                                                                              "emptyValueResourceKey":  "macTeamIdentifierExample",
                                                                                                              "childSettings":  [

                                                                                                                                ],
                                                                                                              "options":  [

                                                                                                                          ],
                                                                                                              "entityKey":  "systemExtensionsAllowedTeamIdentifiers",
                                                                                                              "booleanActions":  0,
                                                                                                              "policyType":  60,
                                                                                                              "enabled":  true
                                                                                                          }
                                                                                         }
                                                                                     ],
                                                                         "dataType":  21,
                                                                         "category":  112,
                                                                         "nameResourceKey":  "macSystemExtensionsAllowedTeamIdsTableName",
                                                                         "descriptionResourceKey":  "macSystemExtensionsAllowedTeamIdsTableDescription",
                                                                         "childSettings":  [

                                                                                           ],
                                                                         "options":  [

                                                                                     ],
                                                                         "entityKey":  "systemExtensionsAllowedTeamIdentifiers",
                                                                         "booleanActions":  0,
                                                                         "policyType":  60,
                                                                         "enabled":  true
                                                                     },
                                                                     {
                                                                         "columns":  [
                                                                                         {
                                                                                             "metadata":  {
                                                                                                              "dataType":  20,
                                                                                                              "category":  112,
                                                                                                              "nameResourceKey":  "bundleIdentifier",
                                                                                                              "emptyValueResourceKey":  "macBundleIdentifierExample",
                                                                                                              "childSettings":  [

                                                                                                                                ],
                                                                                                              "options":  [

                                                                                                                          ],
                                                                                                              "entityKey":  "bundleId",
                                                                                                              "booleanActions":  0,
                                                                                                              "policyType":  60,
                                                                                                              "enabled":  true
                                                                                                          }
                                                                                         },
                                                                                         {
                                                                                             "metadata":  {
                                                                                                              "dataType":  20,
                                                                                                              "category":  112,
                                                                                                              "nameResourceKey":  "teamIdentifier",
                                                                                                              "emptyValueResourceKey":  "macTeamIdentifierExample",
                                                                                                              "childSettings":  [

                                                                                                                                ],
                                                                                                              "options":  [

                                                                                                                          ],
                                                                                                              "entityKey":  "teamIdentifier",
                                                                                                              "booleanActions":  0,
                                                                                                              "policyType":  60,
                                                                                                              "enabled":  true
                                                                                                          }
                                                                                         }
                                                                                     ],
                                                                         "dataType":  21,
                                                                         "category":  112,
                                                                         "nameResourceKey":  "macSystemExtensionsAllowedExtensionsTableName",
                                                                         "descriptionResourceKey":  "macSystemExtensionsAllowedExtensionsTableDescription",
                                                                         "childSettings":  [

                                                                                           ],
                                                                         "options":  [

                                                                                     ],
                                                                         "entityKey":  "systemExtensionsAllowed",
                                                                         "booleanActions":  0,
                                                                         "policyType":  60,
                                                                         "enabled":  true
                                                                     },
                                                                     {
                                                                         "columns":  [
                                                                                         {
                                                                                             "metadata":  {
                                                                                                              "dataType":  20,
                                                                                                              "category":  112,
                                                                                                              "nameResourceKey":  "teamIdentifier",
                                                                                                              "emptyValueResourceKey":  "macTeamIdentifierExample",
                                                                                                              "childSettings":  [

                                                                                                                                ],
                                                                                                              "options":  [

                                                                                                                          ],
                                                                                                              "entityKey":  "teamIdentifier",
                                                                                                              "booleanActions":  0,
                                                                                                              "policyType":  60,
                                                                                                              "enabled":  true
                                                                                                          }
                                                                                         },
                                                                                         {
                                                                                             "metadata":  {
                                                                                                              "dataType":  13,
                                                                                                              "category":  112,
                                                                                                              "nameResourceKey":  "macOSSystemExtensionsExtensionTypeName",
                                                                                                              "childSettings":  [

                                                                                                                                ],
                                                                                                              "options":  [
                                                                                                                              {
                                                                                                                                  "nameResourceKey":  "driverExtensionsAllowedOption",
                                                                                                                                  "value":  "driverExtensionsAllowed",
                                                                                                                                  "enabled":  true
                                                                                                                              },
                                                                                                                              {
                                                                                                                                  "nameResourceKey":  "networkExtensionsAllowedOption",
                                                                                                                                  "value":  "networkExtensionsAllowed",
                                                                                                                                  "enabled":  true
                                                                                                                              },
                                                                                                                              {
                                                                                                                                  "nameResourceKey":  "endpointSecurityExtensionsAllowedOption",
                                                                                                                                  "value":  "endpointSecurityExtensionsAllowed",
                                                                                                                                  "enabled":  true
                                                                                                                              }
                                                                                                                          ],
                                                                                                              "entityKey":  "allowedTypes",
                                                                                                              "booleanActions":  0,
                                                                                                              "policyType":  60,
                                                                                                              "enabled":  true
                                                                                                          }
                                                                                         }
                                                                                     ],
                                                                         "dataType":  21,
                                                                         "category":  112,
                                                                         "nameResourceKey":  "macSystemExtensionsAllowedExtensionTypesTableName",
                                                                         "descriptionResourceKey":  "macSystemExtensionsAllowedExtensionTypesTableDescription",
                                                                         "childSettings":  [

                                                                                           ],
                                                                         "options":  [

                                                                                     ],
                                                                         "entityKey":  "systemExtensionsAllowedTypes",
                                                                         "booleanActions":  0,
                                                                         "policyType":  60,
                                                                         "enabled":  true
                                                                     }
                                                                 ],
                                               "options":  [

                                                           ],
                                               "booleanActions":  0,
                                               "policyType":  60,
                                               "enabled":  true
                                           }
                                       ]
}
