﻿{
    "systemsecurity_complianceandroid":  [
                                             {
                                                 "isSettingDescription":  false,
                                                 "showAsSectionHeader":  false,
                                                 "dataType":  8,
                                                 "category":  113,
                                                 "nameResourceKey":  "complianceEncryptionHeader",
                                                 "childSettings":  [
                                                                       {
                                                                           "dataType":  0,
                                                                           "category":  113,
                                                                           "nameResourceKey":  "complianceRequireEncryptionName",
                                                                           "descriptionResourceKey":  "complianceRequireEncryptionDescription",
                                                                           "childSettings":  [

                                                                                             ],
                                                                           "options":  [

                                                                                       ],
                                                                           "entityKey":  "storageRequireEncryption",
                                                                           "booleanActions":  1,
                                                                           "defaultValue":  false,
                                                                           "policyType":  29,
                                                                           "enabled":  true
                                                                       }
                                                                   ],
                                                 "options":  [

                                                             ],
                                                 "booleanActions":  0,
                                                 "policyType":  29,
                                                 "enabled":  true
                                             },
                                             {
                                                 "isSettingDescription":  false,
                                                 "showAsSectionHeader":  false,
                                                 "dataType":  8,
                                                 "category":  113,
                                                 "nameResourceKey":  "complianceDeviceSecurityHeader",
                                                 "childSettings":  [
                                                                       {
                                                                           "dataType":  0,
                                                                           "category":  113,
                                                                           "nameResourceKey":  "complianceSecurityDisallowAppsFromUnknownSourcesName",
                                                                           "descriptionResourceKey":  "complianceSecurityDisallowAppsFromUnknownSourcesDescription",
                                                                           "childSettings":  [

                                                                                             ],
                                                                           "options":  [

                                                                                       ],
                                                                           "entityKey":  "securityPreventInstallAppsFromUnknownSources",
                                                                           "booleanActions":  3,
                                                                           "defaultValue":  false,
                                                                           "policyType":  29,
                                                                           "enabled":  true
                                                                       },
                                                                       {
                                                                           "dataType":  0,
                                                                           "category":  113,
                                                                           "nameResourceKey":  "requireCompanyPortalAppIntegrityName",
                                                                           "descriptionResourceKey":  "requireCompanyPortalAppIntegrityDescription",
                                                                           "childSettings":  [

                                                                                             ],
                                                                           "options":  [

                                                                                       ],
                                                                           "entityKey":  "requireCompanyPortalAppIntegrity",
                                                                           "booleanActions":  1,
                                                                           "defaultValue":  false,
                                                                           "policyType":  29,
                                                                           "enabled":  false
                                                                       },
                                                                       {
                                                                           "dataType":  0,
                                                                           "category":  113,
                                                                           "nameResourceKey":  "requireCompanyPortalAppIntegrityName",
                                                                           "descriptionResourceKey":  "requireCompanyPortalAppIntegrityDescription",
                                                                           "childSettings":  [

                                                                                             ],
                                                                           "options":  [

                                                                                       ],
                                                                           "entityKey":  "securityRequireCompanyPortalAppIntegrity",
                                                                           "booleanActions":  1,
                                                                           "defaultValue":  false,
                                                                           "policyType":  29,
                                                                           "enabled":  true
                                                                       },
                                                                       {
                                                                           "dataType":  0,
                                                                           "category":  113,
                                                                           "nameResourceKey":  "complianceSecurityDisableUSBDebuggingName",
                                                                           "descriptionResourceKey":  "complianceSecurityDisableUSBDebuggingDescription",
                                                                           "childSettings":  [

                                                                                             ],
                                                                           "options":  [

                                                                                       ],
                                                                           "entityKey":  "securityDisableUsbDebugging",
                                                                           "booleanActions":  3,
                                                                           "defaultValue":  false,
                                                                           "policyType":  29,
                                                                           "enabled":  true
                                                                       },
                                                                       {
                                                                           "dataType":  20,
                                                                           "category":  113,
                                                                           "nameResourceKey":  "complianceMinimumSecurityPatchLevelName",
                                                                           "descriptionResourceKey":  "complianceMinimumSecurityPatchLevelDescription",
                                                                           "childSettings":  [

                                                                                             ],
                                                                           "options":  [

                                                                                       ],
                                                                           "entityKey":  "minAndroidSecurityPatchLevel",
                                                                           "booleanActions":  0,
                                                                           "policyType":  29,
                                                                           "enabled":  true
                                                                       },
                                                                       {
                                                                           "columns":  [
                                                                                           {
                                                                                               "metadata":  {
                                                                                                                "dataType":  20,
                                                                                                                "category":  113,
                                                                                                                "nameResourceKey":  "RestrictedAppsAppName",
                                                                                                                "descriptionResourceKey":  "empty",
                                                                                                                "emptyValueResourceKey":  "RestrictedAppsAppName",
                                                                                                                "childSettings":  [

                                                                                                                                  ],
                                                                                                                "options":  [

                                                                                                                            ],
                                                                                                                "entityKey":  "name",
                                                                                                                "booleanActions":  0,
                                                                                                                "policyType":  29,
                                                                                                                "enabled":  true
                                                                                                            }
                                                                                           },
                                                                                           {
                                                                                               "metadata":  {
                                                                                                                "dataType":  20,
                                                                                                                "category":  113,
                                                                                                                "nameResourceKey":  "RestrictedAppsBundleId",
                                                                                                                "descriptionResourceKey":  "empty",
                                                                                                                "emptyValueResourceKey":  "RestrictedAppsBundleId",
                                                                                                                "childSettings":  [

                                                                                                                                  ],
                                                                                                                "options":  [

                                                                                                                            ],
                                                                                                                "entityKey":  "appId",
                                                                                                                "booleanActions":  0,
                                                                                                                "policyType":  29,
                                                                                                                "enabled":  true
                                                                                                            }
                                                                                           }
                                                                                       ],
                                                                           "dataType":  21,
                                                                           "category":  113,
                                                                           "nameResourceKey":  "RestrictedAppsName",
                                                                           "descriptionResourceKey":  "restrictedAppsHelpDescription",
                                                                           "childSettings":  [

                                                                                             ],
                                                                           "options":  [

                                                                                       ],
                                                                           "entityKey":  "restrictedApps",
                                                                           "booleanActions":  0,
                                                                           "policyType":  29,
                                                                           "enabled":  true
                                                                       }
                                                                   ],
                                                 "options":  [

                                                             ],
                                                 "booleanActions":  0,
                                                 "policyType":  29,
                                                 "enabled":  true
                                             },
                                             {
                                                 "dataType":  10,
                                                 "category":  113,
                                                 "nameResourceKey":  "androidTenDeprecationInfoBox",
                                                 "childSettings":  [

                                                                   ],
                                                 "options":  [

                                                             ],
                                                 "booleanActions":  0,
                                                 "policyType":  29,
                                                 "enabled":  true
                                             },
                                             {
                                                 "isSettingDescription":  false,
                                                 "showAsSectionHeader":  true,
                                                 "dataType":  8,
                                                 "category":  113,
                                                 "nameResourceKey":  "allAndroidVersionsPasswordHeader",
                                                 "childSettings":  [
                                                                       {
                                                                           "isSettingDescription":  false,
                                                                           "showAsSectionHeader":  false,
                                                                           "dataType":  8,
                                                                           "category":  113,
                                                                           "nameResourceKey":  "allAndroidVersionsPasswordHeaderDescription",
                                                                           "childSettings":  [

                                                                                             ],
                                                                           "options":  [

                                                                                       ],
                                                                           "booleanActions":  0,
                                                                           "policyType":  29,
                                                                           "enabled":  true
                                                                       }
                                                                   ],
                                                 "options":  [

                                                             ],
                                                 "booleanActions":  0,
                                                 "policyType":  29,
                                                 "enabled":  true
                                             },
                                             {
                                                 "dataType":  16,
                                                 "category":  113,
                                                 "nameResourceKey":  "complianceMinutesOfInactivityBeforePasswordRequiredName",
                                                 "descriptionResourceKey":  "complianceMinutesOfInactivityBeforePasswordRequiredDescription",
                                                 "childSettings":  [

                                                                   ],
                                                 "options":  [
                                                                 {
                                                                     "nameResourceKey":  "notConfigured",
                                                                     "enabled":  true
                                                                 },
                                                                 {
                                                                     "nameResourceKey":  "oneMinuteOption",
                                                                     "value":  1,
                                                                     "enabled":  true
                                                                 },
                                                                 {
                                                                     "nameResourceKey":  "fiveMinutesOption",
                                                                     "value":  5,
                                                                     "enabled":  true
                                                                 },
                                                                 {
                                                                     "nameResourceKey":  "tenMinutesOption",
                                                                     "value":  10,
                                                                     "enabled":  true
                                                                 },
                                                                 {
                                                                     "nameResourceKey":  "fifteenMinutesOption",
                                                                     "value":  15,
                                                                     "enabled":  true
                                                                 },
                                                                 {
                                                                     "nameResourceKey":  "thirtyMinutesOption",
                                                                     "value":  30,
                                                                     "enabled":  true
                                                                 },
                                                                 {
                                                                     "nameResourceKey":  "oneHourOption",
                                                                     "value":  60,
                                                                     "enabled":  true
                                                                 },
                                                                 {
                                                                     "nameResourceKey":  "fourHoursOption",
                                                                     "value":  240,
                                                                     "enabled":  true
                                                                 },
                                                                 {
                                                                     "nameResourceKey":  "eightHoursOption",
                                                                     "value":  480,
                                                                     "enabled":  true
                                                                 }
                                                             ],
                                                 "entityKey":  "passwordMinutesOfInactivityBeforeLock",
                                                 "booleanActions":  0,
                                                 "policyType":  29,
                                                 "enabled":  true
                                             },
                                             {
                                                 "dataType":  0,
                                                 "category":  113,
                                                 "nameResourceKey":  "compliancePasswordRequirementName",
                                                 "descriptionResourceKey":  "compliancePasswordRequirementDescription",
                                                 "childSettings":  [
                                                                       {
                                                                           "isSettingDescription":  false,
                                                                           "showAsSectionHeader":  true,
                                                                           "dataType":  8,
                                                                           "category":  113,
                                                                           "nameResourceKey":  "androidTenAndAbovePasswordHeader",
                                                                           "childSettings":  [
                                                                                                 {
                                                                                                     "isSettingDescription":  false,
                                                                                                     "showAsSectionHeader":  false,
                                                                                                     "dataType":  8,
                                                                                                     "category":  113,
                                                                                                     "nameResourceKey":  "androidTenAndAbovePasswordHeaderDescription",
                                                                                                     "childSettings":  [

                                                                                                                       ],
                                                                                                     "options":  [

                                                                                                                 ],
                                                                                                     "booleanActions":  0,
                                                                                                     "policyType":  29,
                                                                                                     "enabled":  true
                                                                                                 }
                                                                                             ],
                                                                           "options":  [

                                                                                       ],
                                                                           "booleanActions":  0,
                                                                           "policyType":  29,
                                                                           "enabled":  true
                                                                       },
                                                                       {
                                                                           "dataType":  16,
                                                                           "category":  113,
                                                                           "nameResourceKey":  "requiredPasswordComplexityName",
                                                                           "descriptionResourceKey":  "requiredPasswordComplexityDescription",
                                                                           "childSettings":  [

                                                                                             ],
                                                                           "options":  [
                                                                                           {
                                                                                               "nameResourceKey":  "none",
                                                                                               "value":  "none",
                                                                                               "enabled":  true
                                                                                           },
                                                                                           {
                                                                                               "nameResourceKey":  "low",
                                                                                               "value":  "low",
                                                                                               "enabled":  true
                                                                                           },
                                                                                           {
                                                                                               "nameResourceKey":  "medium",
                                                                                               "value":  "medium",
                                                                                               "enabled":  true
                                                                                           },
                                                                                           {
                                                                                               "nameResourceKey":  "high",
                                                                                               "value":  "high",
                                                                                               "enabled":  true
                                                                                           }
                                                                                       ],
                                                                           "entityKey":  "requiredPasswordComplexity",
                                                                           "booleanActions":  0,
                                                                           "defaultValue":  "none",
                                                                           "unconfiguredValue":  "none",
                                                                           "policyType":  29,
                                                                           "enabled":  true
                                                                       },
                                                                       {
                                                                           "isSettingDescription":  false,
                                                                           "showAsSectionHeader":  true,
                                                                           "dataType":  8,
                                                                           "category":  113,
                                                                           "nameResourceKey":  "androidNineAndBelowPasswordHeader",
                                                                           "childSettings":  [
                                                                                                 {
                                                                                                     "isSettingDescription":  false,
                                                                                                     "showAsSectionHeader":  false,
                                                                                                     "dataType":  8,
                                                                                                     "category":  113,
                                                                                                     "nameResourceKey":  "androidNineAndBelowPasswordHeaderDescription",
                                                                                                     "childSettings":  [

                                                                                                                       ],
                                                                                                     "options":  [

                                                                                                                 ],
                                                                                                     "booleanActions":  0,
                                                                                                     "policyType":  29,
                                                                                                     "enabled":  true
                                                                                                 }
                                                                                             ],
                                                                           "options":  [

                                                                                       ],
                                                                           "booleanActions":  0,
                                                                           "policyType":  29,
                                                                           "enabled":  true
                                                                       },
                                                                       {
                                                                           "isSettingDescription":  false,
                                                                           "showAsSectionHeader":  false,
                                                                           "dataType":  8,
                                                                           "category":  113,
                                                                           "nameResourceKey":  "learnMore",
                                                                           "childSettings":  [

                                                                                             ],
                                                                           "options":  [

                                                                                       ],
                                                                           "booleanActions":  0,
                                                                           "policyType":  29,
                                                                           "enabled":  true
                                                                       },
                                                                       {
                                                                           "dataType":  16,
                                                                           "category":  113,
                                                                           "nameResourceKey":  "requiredPasswordTypeName",
                                                                           "descriptionResourceKey":  "complianceRequiredPasswordTypeDescription",
                                                                           "childSettings":  [

                                                                                             ],
                                                                           "options":  [
                                                                                           {
                                                                                               "nameResourceKey":  "selectTypeOption",
                                                                                               "enabled":  true
                                                                                           },
                                                                                           {
                                                                                               "nameResourceKey":  "deviceDefault",
                                                                                               "value":  "deviceDefault",
                                                                                               "enabled":  true
                                                                                           },
                                                                                           {
                                                                                               "nameResourceKey":  "lowSecurityBiometricOption",
                                                                                               "value":  "lowSecurityBiometric",
                                                                                               "children":  [
                                                                                                                {
                                                                                                                    "dataType":  14,
                                                                                                                    "category":  113,
                                                                                                                    "nameResourceKey":  "passwordExpirationName",
                                                                                                                    "descriptionResourceKey":  "passwordExpirationDescription",
                                                                                                                    "emptyValueResourceKey":  "passwordExpirationInDaysEmptyValueOneYearKey",
                                                                                                                    "childSettings":  [

                                                                                                                                      ],
                                                                                                                    "options":  [

                                                                                                                                ],
                                                                                                                    "entityKey":  "passwordExpirationDays",
                                                                                                                    "booleanActions":  0,
                                                                                                                    "policyType":  29,
                                                                                                                    "enabled":  true
                                                                                                                }
                                                                                                            ],
                                                                                               "enabled":  true
                                                                                           },
                                                                                           {
                                                                                               "nameResourceKey":  "atLeastNumericOption",
                                                                                               "value":  "numeric",
                                                                                               "children":  [
                                                                                                                {
                                                                                                                    "dataType":  14,
                                                                                                                    "category":  113,
                                                                                                                    "nameResourceKey":  "complianceMinimumPasswordLengthName",
                                                                                                                    "descriptionResourceKey":  "passwordMinimumLengthDescription",
                                                                                                                    "emptyValueResourceKey":  "minimumPasswordLengthEmptyValueKeyFourToSixteen",
                                                                                                                    "childSettings":  [

                                                                                                                                      ],
                                                                                                                    "options":  [

                                                                                                                                ],
                                                                                                                    "entityKey":  "passwordMinimumLength",
                                                                                                                    "booleanActions":  0,
                                                                                                                    "policyType":  29,
                                                                                                                    "enabled":  true
                                                                                                                },
                                                                                                                {
                                                                                                                    "dataType":  14,
                                                                                                                    "category":  113,
                                                                                                                    "nameResourceKey":  "passwordExpirationName",
                                                                                                                    "descriptionResourceKey":  "passwordExpirationDescription",
                                                                                                                    "emptyValueResourceKey":  "passwordExpirationInDaysEmptyValueOneYearKey",
                                                                                                                    "childSettings":  [

                                                                                                                                      ],
                                                                                                                    "options":  [

                                                                                                                                ],
                                                                                                                    "entityKey":  "passwordExpirationDays",
                                                                                                                    "booleanActions":  0,
                                                                                                                    "policyType":  29,
                                                                                                                    "enabled":  true
                                                                                                                },
                                                                                                                {
                                                                                                                    "dataType":  14,
                                                                                                                    "category":  113,
                                                                                                                    "nameResourceKey":  "complianceNumberOfPreviousPasswordsToBlockName",
                                                                                                                    "descriptionResourceKey":  "complianceNumberOfPreviousPasswordsToBlockDescription",
                                                                                                                    "emptyValueResourceKey":  "numberOfPreviousPasswordsToBlockEmptyValueKey",
                                                                                                                    "childSettings":  [

                                                                                                                                      ],
                                                                                                                    "options":  [

                                                                                                                                ],
                                                                                                                    "entityKey":  "passwordPreviousPasswordBlockCount",
                                                                                                                    "booleanActions":  0,
                                                                                                                    "policyType":  29,
                                                                                                                    "enabled":  true
                                                                                                                }
                                                                                                            ],
                                                                                               "enabled":  true
                                                                                           },
                                                                                           {
                                                                                               "nameResourceKey":  "numericComplex",
                                                                                               "value":  "numericComplex",
                                                                                               "children":  [
                                                                                                                {
                                                                                                                    "dataType":  14,
                                                                                                                    "category":  113,
                                                                                                                    "nameResourceKey":  "complianceMinimumPasswordLengthName",
                                                                                                                    "descriptionResourceKey":  "passwordMinimumLengthDescription",
                                                                                                                    "emptyValueResourceKey":  "minimumPasswordLengthEmptyValueKeyFourToSixteen",
                                                                                                                    "childSettings":  [

                                                                                                                                      ],
                                                                                                                    "options":  [

                                                                                                                                ],
                                                                                                                    "entityKey":  "passwordMinimumLength",
                                                                                                                    "booleanActions":  0,
                                                                                                                    "policyType":  29,
                                                                                                                    "enabled":  true
                                                                                                                },
                                                                                                                {
                                                                                                                    "dataType":  14,
                                                                                                                    "category":  113,
                                                                                                                    "nameResourceKey":  "passwordExpirationName",
                                                                                                                    "descriptionResourceKey":  "passwordExpirationDescription",
                                                                                                                    "emptyValueResourceKey":  "passwordExpirationInDaysEmptyValueOneYearKey",
                                                                                                                    "childSettings":  [

                                                                                                                                      ],
                                                                                                                    "options":  [

                                                                                                                                ],
                                                                                                                    "entityKey":  "passwordExpirationDays",
                                                                                                                    "booleanActions":  0,
                                                                                                                    "policyType":  29,
                                                                                                                    "enabled":  true
                                                                                                                },
                                                                                                                {
                                                                                                                    "dataType":  14,
                                                                                                                    "category":  113,
                                                                                                                    "nameResourceKey":  "complianceNumberOfPreviousPasswordsToBlockName",
                                                                                                                    "descriptionResourceKey":  "complianceNumberOfPreviousPasswordsToBlockDescription",
                                                                                                                    "emptyValueResourceKey":  "numberOfPreviousPasswordsToBlockEmptyValueKey",
                                                                                                                    "childSettings":  [

                                                                                                                                      ],
                                                                                                                    "options":  [

                                                                                                                                ],
                                                                                                                    "entityKey":  "passwordPreviousPasswordBlockCount",
                                                                                                                    "booleanActions":  0,
                                                                                                                    "policyType":  29,
                                                                                                                    "enabled":  true
                                                                                                                }
                                                                                                            ],
                                                                                               "enabled":  true
                                                                                           },
                                                                                           {
                                                                                               "nameResourceKey":  "atLeastAlphabeticOption",
                                                                                               "value":  "alphabetic",
                                                                                               "children":  [
                                                                                                                {
                                                                                                                    "dataType":  14,
                                                                                                                    "category":  113,
                                                                                                                    "nameResourceKey":  "complianceMinimumPasswordLengthName",
                                                                                                                    "descriptionResourceKey":  "passwordMinimumLengthDescription",
                                                                                                                    "emptyValueResourceKey":  "minimumPasswordLengthEmptyValueKeyFourToSixteen",
                                                                                                                    "childSettings":  [

                                                                                                                                      ],
                                                                                                                    "options":  [

                                                                                                                                ],
                                                                                                                    "entityKey":  "passwordMinimumLength",
                                                                                                                    "booleanActions":  0,
                                                                                                                    "policyType":  29,
                                                                                                                    "enabled":  true
                                                                                                                },
                                                                                                                {
                                                                                                                    "dataType":  14,
                                                                                                                    "category":  113,
                                                                                                                    "nameResourceKey":  "passwordExpirationName",
                                                                                                                    "descriptionResourceKey":  "passwordExpirationDescription",
                                                                                                                    "emptyValueResourceKey":  "passwordExpirationInDaysEmptyValueOneYearKey",
                                                                                                                    "childSettings":  [

                                                                                                                                      ],
                                                                                                                    "options":  [

                                                                                                                                ],
                                                                                                                    "entityKey":  "passwordExpirationDays",
                                                                                                                    "booleanActions":  0,
                                                                                                                    "policyType":  29,
                                                                                                                    "enabled":  true
                                                                                                                },
                                                                                                                {
                                                                                                                    "dataType":  14,
                                                                                                                    "category":  113,
                                                                                                                    "nameResourceKey":  "complianceNumberOfPreviousPasswordsToBlockName",
                                                                                                                    "descriptionResourceKey":  "complianceNumberOfPreviousPasswordsToBlockDescription",
                                                                                                                    "emptyValueResourceKey":  "numberOfPreviousPasswordsToBlockEmptyValueKey",
                                                                                                                    "childSettings":  [

                                                                                                                                      ],
                                                                                                                    "options":  [

                                                                                                                                ],
                                                                                                                    "entityKey":  "passwordPreviousPasswordBlockCount",
                                                                                                                    "booleanActions":  0,
                                                                                                                    "policyType":  29,
                                                                                                                    "enabled":  true
                                                                                                                }
                                                                                                            ],
                                                                                               "enabled":  true
                                                                                           },
                                                                                           {
                                                                                               "nameResourceKey":  "atLeastAlphanumericOption",
                                                                                               "value":  "alphanumeric",
                                                                                               "children":  [
                                                                                                                {
                                                                                                                    "dataType":  14,
                                                                                                                    "category":  113,
                                                                                                                    "nameResourceKey":  "complianceMinimumPasswordLengthName",
                                                                                                                    "descriptionResourceKey":  "passwordMinimumLengthDescription",
                                                                                                                    "emptyValueResourceKey":  "minimumPasswordLengthEmptyValueKeyFourToSixteen",
                                                                                                                    "childSettings":  [

                                                                                                                                      ],
                                                                                                                    "options":  [

                                                                                                                                ],
                                                                                                                    "entityKey":  "passwordMinimumLength",
                                                                                                                    "booleanActions":  0,
                                                                                                                    "policyType":  29,
                                                                                                                    "enabled":  true
                                                                                                                },
                                                                                                                {
                                                                                                                    "dataType":  14,
                                                                                                                    "category":  113,
                                                                                                                    "nameResourceKey":  "passwordExpirationName",
                                                                                                                    "descriptionResourceKey":  "passwordExpirationDescription",
                                                                                                                    "emptyValueResourceKey":  "passwordExpirationInDaysEmptyValueOneYearKey",
                                                                                                                    "childSettings":  [

                                                                                                                                      ],
                                                                                                                    "options":  [

                                                                                                                                ],
                                                                                                                    "entityKey":  "passwordExpirationDays",
                                                                                                                    "booleanActions":  0,
                                                                                                                    "policyType":  29,
                                                                                                                    "enabled":  true
                                                                                                                },
                                                                                                                {
                                                                                                                    "dataType":  14,
                                                                                                                    "category":  113,
                                                                                                                    "nameResourceKey":  "complianceNumberOfPreviousPasswordsToBlockName",
                                                                                                                    "descriptionResourceKey":  "complianceNumberOfPreviousPasswordsToBlockDescription",
                                                                                                                    "emptyValueResourceKey":  "numberOfPreviousPasswordsToBlockEmptyValueKey",
                                                                                                                    "childSettings":  [

                                                                                                                                      ],
                                                                                                                    "options":  [

                                                                                                                                ],
                                                                                                                    "entityKey":  "passwordPreviousPasswordBlockCount",
                                                                                                                    "booleanActions":  0,
                                                                                                                    "policyType":  29,
                                                                                                                    "enabled":  true
                                                                                                                }
                                                                                                            ],
                                                                                               "enabled":  true
                                                                                           },
                                                                                           {
                                                                                               "nameResourceKey":  "atLeastAlphanumericWithSymbolsOption",
                                                                                               "value":  "alphanumericWithSymbols",
                                                                                               "children":  [
                                                                                                                {
                                                                                                                    "dataType":  14,
                                                                                                                    "category":  113,
                                                                                                                    "nameResourceKey":  "complianceMinimumPasswordLengthName",
                                                                                                                    "descriptionResourceKey":  "passwordMinimumLengthDescription",
                                                                                                                    "emptyValueResourceKey":  "minimumPasswordLengthEmptyValueKeyFourToSixteen",
                                                                                                                    "childSettings":  [

                                                                                                                                      ],
                                                                                                                    "options":  [

                                                                                                                                ],
                                                                                                                    "entityKey":  "passwordMinimumLength",
                                                                                                                    "booleanActions":  0,
                                                                                                                    "policyType":  29,
                                                                                                                    "enabled":  true
                                                                                                                },
                                                                                                                {
                                                                                                                    "dataType":  14,
                                                                                                                    "category":  113,
                                                                                                                    "nameResourceKey":  "passwordExpirationName",
                                                                                                                    "descriptionResourceKey":  "passwordExpirationDescription",
                                                                                                                    "emptyValueResourceKey":  "passwordExpirationInDaysEmptyValueOneYearKey",
                                                                                                                    "childSettings":  [

                                                                                                                                      ],
                                                                                                                    "options":  [

                                                                                                                                ],
                                                                                                                    "entityKey":  "passwordExpirationDays",
                                                                                                                    "booleanActions":  0,
                                                                                                                    "policyType":  29,
                                                                                                                    "enabled":  true
                                                                                                                },
                                                                                                                {
                                                                                                                    "dataType":  14,
                                                                                                                    "category":  113,
                                                                                                                    "nameResourceKey":  "complianceNumberOfPreviousPasswordsToBlockName",
                                                                                                                    "descriptionResourceKey":  "complianceNumberOfPreviousPasswordsToBlockDescription",
                                                                                                                    "emptyValueResourceKey":  "numberOfPreviousPasswordsToBlockEmptyValueKey",
                                                                                                                    "childSettings":  [

                                                                                                                                      ],
                                                                                                                    "options":  [

                                                                                                                                ],
                                                                                                                    "entityKey":  "passwordPreviousPasswordBlockCount",
                                                                                                                    "booleanActions":  0,
                                                                                                                    "policyType":  29,
                                                                                                                    "enabled":  true
                                                                                                                }
                                                                                                            ],
                                                                                               "enabled":  true
                                                                                           }
                                                                                       ],
                                                                           "entityKey":  "passwordRequiredType",
                                                                           "booleanActions":  0,
                                                                           "defaultValue":  "deviceDefault",
                                                                           "unconfiguredValue":  "deviceDefault",
                                                                           "policyType":  29,
                                                                           "enabled":  true
                                                                       }
                                                                   ],
                                                 "options":  [

                                                             ],
                                                 "entityKey":  "passwordRequired",
                                                 "booleanActions":  1,
                                                 "defaultValue":  false,
                                                 "policyType":  29,
                                                 "enabled":  true
                                             }
                                         ]
}
