﻿{
    "systemsecurity_complianceaospdeviceowner":  [
                                                     {
                                                         "isSettingDescription":  false,
                                                         "showAsSectionHeader":  false,
                                                         "dataType":  8,
                                                         "category":  113,
                                                         "nameResourceKey":  "androidPasswordHeader",
                                                         "childSettings":  [
                                                                               {
                                                                                   "isSettingDescription":  false,
                                                                                   "showAsSectionHeader":  false,
                                                                                   "dataType":  8,
                                                                                   "category":  113,
                                                                                   "nameResourceKey":  "learnMore",
                                                                                   "childSettings":  [

                                                                                                     ],
                                                                                   "options":  [

                                                                                               ],
                                                                                   "booleanActions":  0,
                                                                                   "policyType":  32,
                                                                                   "enabled":  true
                                                                               }
                                                                           ],
                                                         "options":  [

                                                                     ],
                                                         "booleanActions":  0,
                                                         "policyType":  32,
                                                         "enabled":  true
                                                     },
                                                     {
                                                         "dataType":  0,
                                                         "category":  113,
                                                         "nameResourceKey":  "compliancePasswordRequirementName",
                                                         "descriptionResourceKey":  "compliancePasswordRequirementDescription",
                                                         "childSettings":  [
                                                                               {
                                                                                   "dataType":  16,
                                                                                   "category":  113,
                                                                                   "nameResourceKey":  "requiredPasswordTypeName",
                                                                                   "descriptionResourceKey":  "androidEnterpriseRequiredPasswordTypeDescription",
                                                                                   "emptyValueResourceKey":  "passwordExpirationInDaysEmptyValueKey",
                                                                                   "childSettings":  [

                                                                                                     ],
                                                                                   "options":  [
                                                                                                   {
                                                                                                       "nameResourceKey":  "selectTypeOption",
                                                                                                       "enabled":  true
                                                                                                   },
                                                                                                   {
                                                                                                       "nameResourceKey":  "deviceDefault",
                                                                                                       "value":  "deviceDefault",
                                                                                                       "enabled":  true
                                                                                                   },
                                                                                                   {
                                                                                                       "nameResourceKey":  "requiredNoRestiction",
                                                                                                       "value":  "required",
                                                                                                       "enabled":  true
                                                                                                   },
                                                                                                   {
                                                                                                       "nameResourceKey":  "biometricWeak",
                                                                                                       "value":  "lowSecurityBiometric",
                                                                                                       "enabled":  true
                                                                                                   },
                                                                                                   {
                                                                                                       "nameResourceKey":  "numericOption",
                                                                                                       "value":  "numeric",
                                                                                                       "children":  [
                                                                                                                        {
                                                                                                                            "dataType":  14,
                                                                                                                            "category":  113,
                                                                                                                            "nameResourceKey":  "complianceMinimumPasswordLengthName",
                                                                                                                            "descriptionResourceKey":  "passwordMinimumLengthDescription",
                                                                                                                            "emptyValueResourceKey":  "minimumPasswordLengthEmptyValueKeyFourToSixteen",
                                                                                                                            "childSettings":  [

                                                                                                                                              ],
                                                                                                                            "options":  [

                                                                                                                                        ],
                                                                                                                            "entityKey":  "passwordMinimumLength",
                                                                                                                            "booleanActions":  0,
                                                                                                                            "policyType":  32,
                                                                                                                            "enabled":  true
                                                                                                                        }
                                                                                                                    ],
                                                                                                       "enabled":  true
                                                                                                   },
                                                                                                   {
                                                                                                       "nameResourceKey":  "numericComplex",
                                                                                                       "value":  "numericComplex",
                                                                                                       "children":  [
                                                                                                                        {
                                                                                                                            "dataType":  14,
                                                                                                                            "category":  113,
                                                                                                                            "nameResourceKey":  "complianceMinimumPasswordLengthName",
                                                                                                                            "descriptionResourceKey":  "passwordMinimumLengthDescription",
                                                                                                                            "emptyValueResourceKey":  "minimumPasswordLengthEmptyValueKeyFourToSixteen",
                                                                                                                            "childSettings":  [

                                                                                                                                              ],
                                                                                                                            "options":  [

                                                                                                                                        ],
                                                                                                                            "entityKey":  "passwordMinimumLength",
                                                                                                                            "booleanActions":  0,
                                                                                                                            "policyType":  32,
                                                                                                                            "enabled":  true
                                                                                                                        }
                                                                                                                    ],
                                                                                                       "enabled":  true
                                                                                                   },
                                                                                                   {
                                                                                                       "nameResourceKey":  "alphabeticOption",
                                                                                                       "value":  "alphabetic",
                                                                                                       "children":  [
                                                                                                                        {
                                                                                                                            "dataType":  14,
                                                                                                                            "category":  113,
                                                                                                                            "nameResourceKey":  "complianceMinimumPasswordLengthName",
                                                                                                                            "descriptionResourceKey":  "passwordMinimumLengthDescription",
                                                                                                                            "emptyValueResourceKey":  "minimumPasswordLengthEmptyValueKeyFourToSixteen",
                                                                                                                            "childSettings":  [

                                                                                                                                              ],
                                                                                                                            "options":  [

                                                                                                                                        ],
                                                                                                                            "entityKey":  "passwordMinimumLength",
                                                                                                                            "booleanActions":  0,
                                                                                                                            "policyType":  32,
                                                                                                                            "enabled":  true
                                                                                                                        }
                                                                                                                    ],
                                                                                                       "enabled":  true
                                                                                                   },
                                                                                                   {
                                                                                                       "nameResourceKey":  "alphanumericOption",
                                                                                                       "value":  "alphanumeric",
                                                                                                       "children":  [
                                                                                                                        {
                                                                                                                            "dataType":  14,
                                                                                                                            "category":  113,
                                                                                                                            "nameResourceKey":  "complianceMinimumPasswordLengthName",
                                                                                                                            "descriptionResourceKey":  "passwordMinimumLengthDescription",
                                                                                                                            "emptyValueResourceKey":  "minimumPasswordLengthEmptyValueKeyFourToSixteen",
                                                                                                                            "childSettings":  [

                                                                                                                                              ],
                                                                                                                            "options":  [

                                                                                                                                        ],
                                                                                                                            "entityKey":  "passwordMinimumLength",
                                                                                                                            "booleanActions":  0,
                                                                                                                            "policyType":  32,
                                                                                                                            "enabled":  true
                                                                                                                        }
                                                                                                                    ],
                                                                                                       "enabled":  true
                                                                                                   },
                                                                                                   {
                                                                                                       "nameResourceKey":  "alphanumericWithSymbolsOption",
                                                                                                       "value":  "alphanumericWithSymbols",
                                                                                                       "children":  [
                                                                                                                        {
                                                                                                                            "dataType":  14,
                                                                                                                            "category":  113,
                                                                                                                            "nameResourceKey":  "complianceMinimumPasswordLengthName",
                                                                                                                            "descriptionResourceKey":  "passwordMinimumLengthDescription",
                                                                                                                            "emptyValueResourceKey":  "minimumPasswordLengthEmptyValueKeyFourToSixteen",
                                                                                                                            "childSettings":  [

                                                                                                                                              ],
                                                                                                                            "options":  [

                                                                                                                                        ],
                                                                                                                            "entityKey":  "passwordMinimumLength",
                                                                                                                            "booleanActions":  0,
                                                                                                                            "policyType":  32,
                                                                                                                            "enabled":  true
                                                                                                                        }
                                                                                                                    ],
                                                                                                       "enabled":  true
                                                                                                   }
                                                                                               ],
                                                                                   "entityKey":  "passwordRequiredType",
                                                                                   "booleanActions":  0,
                                                                                   "defaultValue":  "deviceDefault",
                                                                                   "unconfiguredValue":  "deviceDefault",
                                                                                   "policyType":  32,
                                                                                   "enabled":  true
                                                                               },
                                                                               {
                                                                                   "dataType":  16,
                                                                                   "category":  113,
                                                                                   "nameResourceKey":  "complianceMinutesOfInactivityBeforePasswordRequiredName",
                                                                                   "descriptionResourceKey":  "complianceMinutesOfInactivityBeforePasswordRequiredDescription",
                                                                                   "childSettings":  [

                                                                                                     ],
                                                                                   "options":  [
                                                                                                   {
                                                                                                       "nameResourceKey":  "notConfigured",
                                                                                                       "enabled":  true
                                                                                                   },
                                                                                                   {
                                                                                                       "nameResourceKey":  "oneMinuteOption",
                                                                                                       "value":  1,
                                                                                                       "enabled":  true
                                                                                                   },
                                                                                                   {
                                                                                                       "nameResourceKey":  "fiveMinutesOption",
                                                                                                       "value":  5,
                                                                                                       "enabled":  true
                                                                                                   },
                                                                                                   {
                                                                                                       "nameResourceKey":  "tenMinutesOption",
                                                                                                       "value":  10,
                                                                                                       "enabled":  true
                                                                                                   },
                                                                                                   {
                                                                                                       "nameResourceKey":  "fifteenMinutesOption",
                                                                                                       "value":  15,
                                                                                                       "enabled":  true
                                                                                                   },
                                                                                                   {
                                                                                                       "nameResourceKey":  "thirtyMinutesOption",
                                                                                                       "value":  30,
                                                                                                       "enabled":  true
                                                                                                   },
                                                                                                   {
                                                                                                       "nameResourceKey":  "oneHourOption",
                                                                                                       "value":  60,
                                                                                                       "enabled":  true
                                                                                                   },
                                                                                                   {
                                                                                                       "nameResourceKey":  "fourHoursOption",
                                                                                                       "value":  240,
                                                                                                       "enabled":  true
                                                                                                   },
                                                                                                   {
                                                                                                       "nameResourceKey":  "eightHoursOption",
                                                                                                       "value":  480,
                                                                                                       "enabled":  true
                                                                                                   }
                                                                                               ],
                                                                                   "entityKey":  "passwordMinutesOfInactivityBeforeLock",
                                                                                   "booleanActions":  0,
                                                                                   "policyType":  32,
                                                                                   "enabled":  true
                                                                               }
                                                                           ],
                                                         "options":  [

                                                                     ],
                                                         "entityKey":  "passwordRequired",
                                                         "booleanActions":  9,
                                                         "defaultValue":  false,
                                                         "policyType":  32,
                                                         "enabled":  true
                                                     },
                                                     {
                                                         "isSettingDescription":  false,
                                                         "showAsSectionHeader":  false,
                                                         "dataType":  8,
                                                         "category":  113,
                                                         "nameResourceKey":  "complianceEncryptionHeader",
                                                         "childSettings":  [
                                                                               {
                                                                                   "dataType":  0,
                                                                                   "category":  113,
                                                                                   "nameResourceKey":  "complianceRequireEncryptionName",
                                                                                   "descriptionResourceKey":  "complianceRequireEncryptionDescription",
                                                                                   "childSettings":  [

                                                                                                     ],
                                                                                   "options":  [

                                                                                               ],
                                                                                   "entityKey":  "storageRequireEncryption",
                                                                                   "booleanActions":  9,
                                                                                   "defaultValue":  false,
                                                                                   "policyType":  32,
                                                                                   "enabled":  true
                                                                               }
                                                                           ],
                                                         "options":  [

                                                                     ],
                                                         "booleanActions":  0,
                                                         "policyType":  32,
                                                         "enabled":  true
                                                     }
                                                 ]
}
