﻿{
    "uefiaccess_windows10devicefirmwareconfigurationinterface":  [
                                                                     {
                                                                         "isSettingDescription":  false,
                                                                         "showAsSectionHeader":  false,
                                                                         "dataType":  8,
                                                                         "category":  116,
                                                                         "nameResourceKey":  "dfciHeaderName",
                                                                         "childSettings":  [

                                                                                           ],
                                                                         "options":  [

                                                                                     ],
                                                                         "booleanActions":  0,
                                                                         "policyType":  108,
                                                                         "enabled":  true
                                                                     },
                                                                     {
                                                                         "isSettingDescription":  false,
                                                                         "showAsSectionHeader":  false,
                                                                         "dataType":  8,
                                                                         "category":  116,
                                                                         "nameResourceKey":  "dfciBuiltinHeaderDescName",
                                                                         "childSettings":  [

                                                                                           ],
                                                                         "options":  [

                                                                                     ],
                                                                         "booleanActions":  0,
                                                                         "policyType":  108,
                                                                         "enabled":  true
                                                                     },
                                                                     {
                                                                         "dataType":  16,
                                                                         "category":  116,
                                                                         "nameResourceKey":  "changeUefiSettingsPermissionName",
                                                                         "descriptionResourceKey":  "changeUefiSettingsPermissionDescription",
                                                                         "childSettings":  [

                                                                                           ],
                                                                         "options":  [
                                                                                         {
                                                                                             "nameResourceKey":  "notConfiguredOnly",
                                                                                             "value":  "notConfiguredOnly",
                                                                                             "enabled":  true
                                                                                         },
                                                                                         {
                                                                                             "nameResourceKey":  "none",
                                                                                             "value":  "none",
                                                                                             "enabled":  true
                                                                                         }
                                                                                     ],
                                                                         "entityKey":  "changeUefiSettingsPermission",
                                                                         "booleanActions":  0,
                                                                         "defaultValue":  "notConfiguredOnly",
                                                                         "policyType":  108,
                                                                         "enabled":  true
                                                                     }
                                                                 ]
}
