﻿{
    "updates_windows8general":  {
                                    "dataType":  0,
                                    "category":  118,
                                    "nameResourceKey":  "automaticUpdatesName",
                                    "descriptionResourceKey":  "automaticUpdatesDescription",
                                    "childSettings":  [
                                                          {
                                                              "dataType":  16,
                                                              "category":  118,
                                                              "nameResourceKey":  "updatesClassificationName",
                                                              "descriptionResourceKey":  "empty",
                                                              "childSettings":  [

                                                                                ],
                                                              "options":  [
                                                                              {
                                                                                  "nameResourceKey":  "notConfigured",
                                                                                  "value":  "userDefined",
                                                                                  "enabled":  true
                                                                              },
                                                                              {
                                                                                  "nameResourceKey":  "recommendedOptionName",
                                                                                  "value":  "important",
                                                                                  "enabled":  true
                                                                              },
                                                                              {
                                                                                  "nameResourceKey":  "importantOptionName",
                                                                                  "value":  "recommendedAndImportant",
                                                                                  "enabled":  true
                                                                              },
                                                                              {
                                                                                  "nameResourceKey":  "noneOption",
                                                                                  "value":  "none",
                                                                                  "enabled":  true
                                                                              }
                                                                          ],
                                                              "entityKey":  "minimumAutoInstallClassification",
                                                              "booleanActions":  0,
                                                              "defaultValue":  "userDefined",
                                                              "unconfiguredValue":  "userDefined",
                                                              "policyType":  92,
                                                              "enabled":  true
                                                          }
                                                      ],
                                    "options":  [

                                                ],
                                    "entityKey":  "updatesRequireAutomaticUpdates",
                                    "booleanActions":  4,
                                    "policyType":  92,
                                    "enabled":  true
                                }
}
