﻿{
    "usersandaccounts_androiddeviceownergeneral":  [
                                                       {
                                                           "isSettingDescription":  false,
                                                           "showAsSectionHeader":  true,
                                                           "dataType":  8,
                                                           "category":  119,
                                                           "nameResourceKey":  "allAndroidCorpEnrollmentTypesHeaderName",
                                                           "descriptionResourceKey":  "allAndroidCorpEnrollmentTypesHeaderDescription",
                                                           "childSettings":  [
                                                                                 {
                                                                                     "dataType":  0,
                                                                                     "category":  119,
                                                                                     "nameResourceKey":  "addUserDisabledName",
                                                                                     "descriptionResourceKey":  "addUserDisabledDescription",
                                                                                     "childSettings":  [

                                                                                                       ],
                                                                                     "options":  [

                                                                                                 ],
                                                                                     "entityKey":  "usersBlockAdd",
                                                                                     "booleanActions":  3,
                                                                                     "defaultValue":  false,
                                                                                     "policyType":  2,
                                                                                     "enabled":  true
                                                                                 },
                                                                                 {
                                                                                     "dataType":  0,
                                                                                     "category":  119,
                                                                                     "nameResourceKey":  "certificateCredentialConfigurationDisabledName",
                                                                                     "descriptionResourceKey":  "certificateCredentialConfigurationDisabledDescription",
                                                                                     "childSettings":  [

                                                                                                       ],
                                                                                     "options":  [

                                                                                                 ],
                                                                                     "entityKey":  "certificateCredentialConfigurationDisabled",
                                                                                     "booleanActions":  3,
                                                                                     "defaultValue":  false,
                                                                                     "policyType":  2,
                                                                                     "enabled":  true
                                                                                 }
                                                                             ],
                                                           "options":  [

                                                                       ],
                                                           "booleanActions":  0,
                                                           "policyType":  2,
                                                           "enabled":  true
                                                       },
                                                       {
                                                           "isSettingDescription":  false,
                                                           "showAsSectionHeader":  true,
                                                           "dataType":  8,
                                                           "category":  119,
                                                           "nameResourceKey":  "fullyManagedAndDedicatedAndroidEnrollmentTypesHeaderName",
                                                           "descriptionResourceKey":  "fullyManagedAndDedicatedAndroidEnrollmentTypesHeaderDescription",
                                                           "childSettings":  [
                                                                                 {
                                                                                     "dataType":  0,
                                                                                     "category":  119,
                                                                                     "nameResourceKey":  "removeUserDisabledName",
                                                                                     "descriptionResourceKey":  "removeUserDisabledDescription",
                                                                                     "childSettings":  [

                                                                                                       ],
                                                                                     "options":  [

                                                                                                 ],
                                                                                     "entityKey":  "usersBlockRemove",
                                                                                     "booleanActions":  3,
                                                                                     "defaultValue":  false,
                                                                                     "policyType":  2,
                                                                                     "enabled":  true
                                                                                 },
                                                                                 {
                                                                                     "dataType":  0,
                                                                                     "category":  119,
                                                                                     "nameResourceKey":  "googleAccountsBlockedName",
                                                                                     "descriptionResourceKey":  "googleAccountsBlockedDescription",
                                                                                     "childSettings":  [

                                                                                                       ],
                                                                                     "options":  [

                                                                                                 ],
                                                                                     "entityKey":  "googleAccountsBlocked",
                                                                                     "booleanActions":  3,
                                                                                     "defaultValue":  false,
                                                                                     "policyType":  2,
                                                                                     "enabled":  true
                                                                                 }
                                                                             ],
                                                           "options":  [

                                                                       ],
                                                           "booleanActions":  0,
                                                           "policyType":  2,
                                                           "enabled":  true
                                                       },
                                                       {
                                                           "isSettingDescription":  false,
                                                           "showAsSectionHeader":  true,
                                                           "dataType":  8,
                                                           "category":  119,
                                                           "nameResourceKey":  "dedicatedAndroidEnrollmentTypesHeaderName",
                                                           "descriptionResourceKey":  "dedicatedAndroidEnrollmentTypesHeaderDescription",
                                                           "childSettings":  [
                                                                                 {
                                                                                     "dataType":  0,
                                                                                     "category":  119,
                                                                                     "nameResourceKey":  "modifyAccountsDisabledName",
                                                                                     "descriptionResourceKey":  "ModifyAccountsDisabledDescription",
                                                                                     "childSettings":  [

                                                                                                       ],
                                                                                     "options":  [

                                                                                                 ],
                                                                                     "entityKey":  "accountsBlockModification",
                                                                                     "booleanActions":  3,
                                                                                     "defaultValue":  false,
                                                                                     "policyType":  2,
                                                                                     "enabled":  true
                                                                                 }
                                                                             ],
                                                           "options":  [

                                                                       ],
                                                           "booleanActions":  0,
                                                           "policyType":  2,
                                                           "enabled":  true
                                                       }
                                                   ]
}
