﻿{
    "vpn_androidvpn":  [
                           {
                               "dataType":  20,
                               "category":  129,
                               "nameResourceKey":  "vPNPolicyConnectionName",
                               "descriptionResourceKey":  "vPNPolicyConnectionDescription",
                               "emptyValueResourceKey":  "vPNConnectionExample",
                               "childSettings":  [

                                                 ],
                               "options":  [

                                           ],
                               "entityKey":  "connectionName",
                               "booleanActions":  0,
                               "policyType":  25,
                               "enabled":  true
                           },
                           {
                               "complexOptions":  [
                                                      {
                                                          "dataType":  20,
                                                          "category":  129,
                                                          "nameResourceKey":  "vPNPolicyServerIPAddressOrFQDNName",
                                                          "descriptionResourceKey":  "vPNPolicyServerIPAddressOrFQDNDescription",
                                                          "emptyValueResourceKey":  "vPNAddressExample",
                                                          "childSettings":  [

                                                                            ],
                                                          "options":  [

                                                                      ],
                                                          "entityKey":  "address",
                                                          "booleanActions":  0,
                                                          "policyType":  25,
                                                          "enabled":  true
                                                      },
                                                      {
                                                          "value":  "server",
                                                          "dataType":  9,
                                                          "category":  129,
                                                          "childSettings":  [

                                                                            ],
                                                          "options":  [

                                                                      ],
                                                          "entityKey":  "description",
                                                          "booleanActions":  0,
                                                          "policyType":  25,
                                                          "enabled":  true
                                                      },
                                                      {
                                                          "value":  true,
                                                          "dataType":  9,
                                                          "category":  129,
                                                          "childSettings":  [

                                                                            ],
                                                          "options":  [

                                                                      ],
                                                          "entityKey":  "isDefaultServer",
                                                          "booleanActions":  0,
                                                          "policyType":  25,
                                                          "enabled":  true
                                                      }
                                                  ],
                               "dataType":  6,
                               "category":  129,
                               "nameResourceKey":  "vPNPolicyServerIPAddressOrFQDNName",
                               "descriptionResourceKey":  "vPNPolicyServerIPAddressOrFQDNDescription",
                               "childSettings":  [

                                                 ],
                               "options":  [

                                           ],
                               "entityKey":  "servers",
                               "booleanActions":  0,
                               "policyType":  25,
                               "enabled":  true
                           },
                           {
                               "dataType":  16,
                               "category":  129,
                               "nameResourceKey":  "authenticationMethodName",
                               "descriptionResourceKey":  "vPNAuthMethodDescription",
                               "childSettings":  [

                                                 ],
                               "options":  [
                                               {
                                                   "nameResourceKey":  "selectAnAuthenticationMethod",
                                                   "enabled":  true
                                               },
                                               {
                                                   "nameResourceKey":  "certificatesOption",
                                                   "value":  "certificate",
                                                   "children":  [
                                                                    {
                                                                        "complexOptions":  [
                                                                                               {
                                                                                                   "dataType":  4,
                                                                                                   "category":  129,
                                                                                                   "nameResourceKey":  "vPNPolicySelectAClientCertificateName",
                                                                                                   "descriptionResourceKey":  "vPNPolicySelectAClientCertificateDescription",
                                                                                                   "childSettings":  [

                                                                                                                     ],
                                                                                                   "options":  [

                                                                                                               ],
                                                                                                   "entityKey":  "identityCertificate",
                                                                                                   "booleanActions":  0,
                                                                                                   "policyType":  25,
                                                                                                   "enabled":  false
                                                                                               },
                                                                                               {
                                                                                                   "dataType":  4,
                                                                                                   "category":  129,
                                                                                                   "nameResourceKey":  "vPNPolicySelectAClientCertificateName",
                                                                                                   "descriptionResourceKey":  "vPNPolicySelectAClientCertificateDescription",
                                                                                                   "childSettings":  [

                                                                                                                     ],
                                                                                                   "options":  [

                                                                                                               ],
                                                                                                   "entityKey":  "identityCertificate",
                                                                                                   "booleanActions":  0,
                                                                                                   "policyType":  25,
                                                                                                   "enabled":  false
                                                                                               }
                                                                                           ],
                                                                        "dataType":  5,
                                                                        "category":  129,
                                                                        "nameResourceKey":  "authenticationCertificate",
                                                                        "descriptionResourceKey":  "clientCertForClientAuthenticationDescription",
                                                                        "emptyValueResourceKey":  "selectCertificate",
                                                                        "childSettings":  [

                                                                                          ],
                                                                        "options":  [

                                                                                    ],
                                                                        "booleanActions":  0,
                                                                        "policyType":  25,
                                                                        "enabled":  true
                                                                    }
                                                                ],
                                                   "enabled":  true
                                               },
                                               {
                                                   "nameResourceKey":  "usernameAndPasswordOption",
                                                   "value":  "usernameAndPassword",
                                                   "enabled":  true
                                               },
                                               {
                                                   "nameResourceKey":  "derivedCredentialsOption",
                                                   "value":  "derivedCredential",
                                                   "children":  [
                                                                    {
                                                                        "dataType":  9,
                                                                        "category":  129,
                                                                        "childSettings":  [
                                                                                              {
                                                                                                  "dataType":  10,
                                                                                                  "category":  129,
                                                                                                  "nameResourceKey":  "derivedCredentialsSearchingForTenantLevel",
                                                                                                  "childSettings":  [

                                                                                                                    ],
                                                                                                  "options":  [

                                                                                                              ],
                                                                                                  "booleanActions":  0,
                                                                                                  "policyType":  25,
                                                                                                  "enabled":  true
                                                                                              },
                                                                                              {
                                                                                                  "dataType":  10,
                                                                                                  "category":  129,
                                                                                                  "nameResourceKey":  "derivedCredentialsTenantLevelNotConfigured",
                                                                                                  "childSettings":  [

                                                                                                                    ],
                                                                                                  "options":  [

                                                                                                              ],
                                                                                                  "booleanActions":  0,
                                                                                                  "policyType":  25,
                                                                                                  "enabled":  true
                                                                                              }
                                                                                          ],
                                                                        "options":  [

                                                                                    ],
                                                                        "entityKey":  "derivedCredentialSettings@odata.bind",
                                                                        "booleanActions":  0,
                                                                        "policyType":  25,
                                                                        "enabled":  true
                                                                    }
                                                                ],
                                                   "enabled":  false
                                               }
                                           ],
                               "entityKey":  "authenticationMethod",
                               "booleanActions":  0,
                               "policyType":  25,
                               "enabled":  true
                           },
                           {
                               "dataType":  16,
                               "category":  129,
                               "nameResourceKey":  "vPNPolicyConnectionTypeName",
                               "descriptionResourceKey":  "VPNPolicyConnectionTypeDescriptionNoCustom",
                               "childSettings":  [

                                                 ],
                               "options":  [
                                               {
                                                   "nameResourceKey":  "selectAConnectionType",
                                                   "enabled":  true
                                               },
                                               {
                                                   "nameResourceKey":  "checkPointCapsuleVPNOption",
                                                   "value":  "checkPointCapsuleVpn",
                                                   "children":  [
                                                                    {
                                                                        "dataType":  20,
                                                                        "category":  129,
                                                                        "nameResourceKey":  "fingerprintName",
                                                                        "descriptionResourceKey":  "providedByVPNVendor",
                                                                        "childSettings":  [

                                                                                          ],
                                                                        "options":  [

                                                                                    ],
                                                                        "entityKey":  "fingerprint",
                                                                        "booleanActions":  0,
                                                                        "policyType":  25,
                                                                        "enabled":  true
                                                                    }
                                                                ],
                                                   "enabled":  true
                                               },
                                               {
                                                   "nameResourceKey":  "ciscoAnyConnectOption",
                                                   "value":  "ciscoAnyConnect",
                                                   "enabled":  true
                                               },
                                               {
                                                   "nameResourceKey":  "dellSoniceWallMobileConnectOption",
                                                   "value":  "dellSonicWallMobileConnect",
                                                   "enabled":  true
                                               },
                                               {
                                                   "nameResourceKey":  "fFiveEdgeClientOption",
                                                   "value":  "f5EdgeClient",
                                                   "enabled":  true
                                               },
                                               {
                                                   "nameResourceKey":  "pulseSecureOption",
                                                   "value":  "pulseSecure",
                                                   "enabled":  true
                                               },
                                               {
                                                   "nameResourceKey":  "citrixSsoOption",
                                                   "value":  "citrix",
                                                   "enabled":  true
                                               }
                                           ],
                               "entityKey":  "connectionType",
                               "booleanActions":  0,
                               "policyType":  25,
                               "enabled":  true
                           }
                       ]
}
