﻿{
    "vpnconnectivity_androidforworkgeneral":  {
                                                  "dataType":  0,
                                                  "category":  131,
                                                  "nameResourceKey":  "androidPersonalWorkProfileAlwaysOnVpnEnabledName",
                                                  "descriptionResourceKey":  "androidEnterpriseWorkProfileAlwaysOnVpnEnabledDescription",
                                                  "childSettings":  [
                                                                        {
                                                                            "dataType":  16,
                                                                            "category":  131,
                                                                            "nameResourceKey":  "androidEnterpriseAlwaysOnVpnClientName",
                                                                            "descriptionResourceKey":  "androidEnterpriseWorkProfileAlwaysOnVpnClientDescription",
                                                                            "childSettings":  [

                                                                                              ],
                                                                            "options":  [
                                                                                            {
                                                                                                "nameResourceKey":  "CiscoAnyConnectAlwaysOnOption",
                                                                                                "value":  "com.cisco.anyconnect.vpn.android.avf",
                                                                                                "enabled":  true
                                                                                            },
                                                                                            {
                                                                                                "nameResourceKey":  "F5NetworksF5AccessOption",
                                                                                                "value":  "com.f5.edge.client_ics",
                                                                                                "enabled":  true
                                                                                            },
                                                                                            {
                                                                                                "nameResourceKey":  "PaloAltoNetworksGlobalProtectOption",
                                                                                                "value":  "com.paloaltonetworks.globalprotect",
                                                                                                "enabled":  true
                                                                                            },
                                                                                            {
                                                                                                "nameResourceKey":  "PulseSecureAlwaysOnOption",
                                                                                                "value":  "net.pulsesecure.pulsesecure",
                                                                                                "enabled":  true
                                                                                            },
                                                                                            {
                                                                                                "nameResourceKey":  "CustomAlwaysOnVpnClientPackageIdentifierOption",
                                                                                                "value":  "custom",
                                                                                                "children":  [
                                                                                                                 {
                                                                                                                     "dataType":  20,
                                                                                                                     "category":  131,
                                                                                                                     "nameResourceKey":  "androidEnterpriseAlwaysOnVpnClientPackageIdentifierName",
                                                                                                                     "descriptionResourceKey":  "androidEnterpriseAlwaysOnVpnClientPackageIdentifierDescription",
                                                                                                                     "childSettings":  [

                                                                                                                                       ],
                                                                                                                     "options":  [

                                                                                                                                 ],
                                                                                                                     "entityKey":  "vpnAlwaysOnPackageIdentifier",
                                                                                                                     "booleanActions":  0,
                                                                                                                     "defaultValue":  "",
                                                                                                                     "policyType":  13,
                                                                                                                     "enabled":  true
                                                                                                                 }
                                                                                                             ],
                                                                                                "enabled":  true
                                                                                            }
                                                                                        ],
                                                                            "entityKey":  "vpnAlwaysOnPackageIdentifierSelector",
                                                                            "booleanActions":  0,
                                                                            "policyType":  13,
                                                                            "enabled":  true
                                                                        },
                                                                        {
                                                                            "dataType":  0,
                                                                            "category":  131,
                                                                            "nameResourceKey":  "androidEnterpriseAlwaysOnVpnLockdownModeEnabledName",
                                                                            "descriptionResourceKey":  "androidEnterpriseWorkProfileAlwaysOnVpnLockdownModeEnabledDescription",
                                                                            "childSettings":  [

                                                                                              ],
                                                                            "options":  [

                                                                                        ],
                                                                            "entityKey":  "vpnEnableAlwaysOnLockdownMode",
                                                                            "booleanActions":  2,
                                                                            "defaultValue":  false,
                                                                            "policyType":  13,
                                                                            "enabled":  true
                                                                        }
                                                                    ],
                                                  "options":  [

                                                              ],
                                                  "entityKey":  "vpnAlwaysOnEnabled",
                                                  "booleanActions":  2,
                                                  "defaultValue":  false,
                                                  "policyType":  13,
                                                  "enabled":  true
                                              }
}
