﻿{
    "webcontentfilter_iosdevicefeatures":  {
                                               "isSettingDescription":  false,
                                               "showAsSectionHeader":  true,
                                               "dataType":  8,
                                               "category":  140,
                                               "nameResourceKey":  "automatedDeviceEnrollmentHeaderName",
                                               "descriptionResourceKey":  "automatedDeviceEnrollmentHeaderDescription",
                                               "childSettings":  [
                                                                     {
                                                                         "complexOptions":  [
                                                                                                {
                                                                                                    "dataType":  16,
                                                                                                    "category":  140,
                                                                                                    "nameResourceKey":  "webContentFilterTypeName",
                                                                                                    "descriptionResourceKey":  "webContentFilterTypeDescription",
                                                                                                    "childSettings":  [

                                                                                                                      ],
                                                                                                    "options":  [
                                                                                                                    {
                                                                                                                        "nameResourceKey":  "notConfigured",
                                                                                                                        "enabled":  true
                                                                                                                    },
                                                                                                                    {
                                                                                                                        "nameResourceKey":  "webContentFilterTypeConfigureUrlsOption",
                                                                                                                        "value":  "#microsoft.graph.iosWebContentFilterAutoFilter",
                                                                                                                        "children":  [
                                                                                                                                         {
                                                                                                                                             "isSettingDescription":  false,
                                                                                                                                             "showAsSectionHeader":  false,
                                                                                                                                             "dataType":  8,
                                                                                                                                             "category":  140,
                                                                                                                                             "nameResourceKey":  "webContentFilterTypeConfigureUrlsHeaderName",
                                                                                                                                             "descriptionResourceKey":  "empty",
                                                                                                                                             "childSettings":  [

                                                                                                                                                               ],
                                                                                                                                             "options":  [

                                                                                                                                                         ],
                                                                                                                                             "booleanActions":  0,
                                                                                                                                             "policyType":  42,
                                                                                                                                             "enabled":  true
                                                                                                                                         },
                                                                                                                                         {
                                                                                                                                             "columns":  [
                                                                                                                                                             {
                                                                                                                                                                 "metadata":  {
                                                                                                                                                                                  "dataType":  20,
                                                                                                                                                                                  "category":  140,
                                                                                                                                                                                  "nameResourceKey":  "webContentFilterTypePermittedUrlsColumnName",
                                                                                                                                                                                  "emptyValueResourceKey":  "WebContentFilterWhiteListedUrlExample",
                                                                                                                                                                                  "childSettings":  [

                                                                                                                                                                                                    ],
                                                                                                                                                                                  "options":  [

                                                                                                                                                                                              ],
                                                                                                                                                                                  "entityKey":  "allowedUrls",
                                                                                                                                                                                  "booleanActions":  0,
                                                                                                                                                                                  "policyType":  42,
                                                                                                                                                                                  "enabled":  true
                                                                                                                                                                              }
                                                                                                                                                             }
                                                                                                                                                         ],
                                                                                                                                             "dataType":  21,
                                                                                                                                             "category":  140,
                                                                                                                                             "nameResourceKey":  "webContentFilterTypePermittedUrlsTableName",
                                                                                                                                             "descriptionResourceKey":  "webContentFilterTypePermittedUrlsTableDescription",
                                                                                                                                             "childSettings":  [

                                                                                                                                                               ],
                                                                                                                                             "options":  [

                                                                                                                                                         ],
                                                                                                                                             "entityKey":  "allowedUrls",
                                                                                                                                             "booleanActions":  0,
                                                                                                                                             "policyType":  42,
                                                                                                                                             "enabled":  true
                                                                                                                                         },
                                                                                                                                         {
                                                                                                                                             "columns":  [
                                                                                                                                                             {
                                                                                                                                                                 "metadata":  {
                                                                                                                                                                                  "dataType":  20,
                                                                                                                                                                                  "category":  140,
                                                                                                                                                                                  "nameResourceKey":  "webContentFilterTypeBlockedUrlsColumnName",
                                                                                                                                                                                  "emptyValueResourceKey":  "WebContentFilterBlackListedUrlExample",
                                                                                                                                                                                  "childSettings":  [

                                                                                                                                                                                                    ],
                                                                                                                                                                                  "options":  [

                                                                                                                                                                                              ],
                                                                                                                                                                                  "entityKey":  "blockedUrls",
                                                                                                                                                                                  "booleanActions":  0,
                                                                                                                                                                                  "policyType":  42,
                                                                                                                                                                                  "enabled":  true
                                                                                                                                                                              }
                                                                                                                                                             }
                                                                                                                                                         ],
                                                                                                                                             "dataType":  21,
                                                                                                                                             "category":  140,
                                                                                                                                             "nameResourceKey":  "webContentFilterTypeBlockedUrlsTableName",
                                                                                                                                             "descriptionResourceKey":  "webContentFilterTypeBlockedUrlsTableDescription",
                                                                                                                                             "childSettings":  [

                                                                                                                                                               ],
                                                                                                                                             "options":  [

                                                                                                                                                         ],
                                                                                                                                             "entityKey":  "blockedUrls",
                                                                                                                                             "booleanActions":  0,
                                                                                                                                             "policyType":  42,
                                                                                                                                             "enabled":  true
                                                                                                                                         }
                                                                                                                                     ],
                                                                                                                        "enabled":  true
                                                                                                                    },
                                                                                                                    {
                                                                                                                        "nameResourceKey":  "webContentFilterTypeWhitelistedUrlsOption",
                                                                                                                        "value":  "#microsoft.graph.iosWebContentFilterSpecificWebsitesAccess",
                                                                                                                        "children":  [
                                                                                                                                         {
                                                                                                                                             "isSettingDescription":  false,
                                                                                                                                             "showAsSectionHeader":  false,
                                                                                                                                             "dataType":  8,
                                                                                                                                             "category":  140,
                                                                                                                                             "nameResourceKey":  "webContentFilterTypeWhitelistedUrlsHeaderName",
                                                                                                                                             "descriptionResourceKey":  "empty",
                                                                                                                                             "childSettings":  [

                                                                                                                                                               ],
                                                                                                                                             "options":  [

                                                                                                                                                         ],
                                                                                                                                             "booleanActions":  0,
                                                                                                                                             "policyType":  42,
                                                                                                                                             "enabled":  true
                                                                                                                                         },
                                                                                                                                         {
                                                                                                                                             "isSettingDescription":  false,
                                                                                                                                             "showAsSectionHeader":  false,
                                                                                                                                             "dataType":  8,
                                                                                                                                             "category":  140,
                                                                                                                                             "nameResourceKey":  "webContentFilterTypeWhitelistedUrlsLinkTextName",
                                                                                                                                             "descriptionResourceKey":  "empty",
                                                                                                                                             "childSettings":  [

                                                                                                                                                               ],
                                                                                                                                             "options":  [

                                                                                                                                                         ],
                                                                                                                                             "booleanActions":  0,
                                                                                                                                             "policyType":  42,
                                                                                                                                             "enabled":  true
                                                                                                                                         },
                                                                                                                                         {
                                                                                                                                             "columns":  [
                                                                                                                                                             {
                                                                                                                                                                 "metadata":  {
                                                                                                                                                                                  "dataType":  20,
                                                                                                                                                                                  "category":  140,
                                                                                                                                                                                  "nameResourceKey":  "webContentFilterTypeWhitelistedUrlsColumnUrlName",
                                                                                                                                                                                  "emptyValueResourceKey":  "kioskModeAppStoreExample",
                                                                                                                                                                                  "childSettings":  [

                                                                                                                                                                                                    ],
                                                                                                                                                                                  "options":  [

                                                                                                                                                                                              ],
                                                                                                                                                                                  "entityKey":  "url",
                                                                                                                                                                                  "booleanActions":  0,
                                                                                                                                                                                  "policyType":  42,
                                                                                                                                                                                  "enabled":  true
                                                                                                                                                                              }
                                                                                                                                                             },
                                                                                                                                                             {
                                                                                                                                                                 "metadata":  {
                                                                                                                                                                                  "dataType":  20,
                                                                                                                                                                                  "category":  140,
                                                                                                                                                                                  "nameResourceKey":  "webContentFilterTypeWhitelistedUrlsColumnBookmarkPathName",
                                                                                                                                                                                  "emptyValueResourceKey":  "WebContentFilterBookmarkPathExample",
                                                                                                                                                                                  "childSettings":  [

                                                                                                                                                                                                    ],
                                                                                                                                                                                  "options":  [

                                                                                                                                                                                              ],
                                                                                                                                                                                  "entityKey":  "bookmarkFolder",
                                                                                                                                                                                  "booleanActions":  0,
                                                                                                                                                                                  "policyType":  42,
                                                                                                                                                                                  "enabled":  true
                                                                                                                                                                              }
                                                                                                                                                             },
                                                                                                                                                             {
                                                                                                                                                                 "metadata":  {
                                                                                                                                                                                  "dataType":  20,
                                                                                                                                                                                  "category":  140,
                                                                                                                                                                                  "nameResourceKey":  "webContentFilterTypeWhitelistedUrlsColumnTitleName",
                                                                                                                                                                                  "emptyValueResourceKey":  "WebContentFilterBookmarkTitleExample",
                                                                                                                                                                                  "childSettings":  [

                                                                                                                                                                                                    ],
                                                                                                                                                                                  "options":  [

                                                                                                                                                                                              ],
                                                                                                                                                                                  "entityKey":  "displayName",
                                                                                                                                                                                  "booleanActions":  0,
                                                                                                                                                                                  "policyType":  42,
                                                                                                                                                                                  "enabled":  true
                                                                                                                                                                              }
                                                                                                                                                             }
                                                                                                                                                         ],
                                                                                                                                             "dataType":  21,
                                                                                                                                             "category":  140,
                                                                                                                                             "nameResourceKey":  "webContentFilterTypeWhitelistedUrlsTableName",
                                                                                                                                             "descriptionResourceKey":  "webContentFilterTypeWhitelistedUrlsTableDescription",
                                                                                                                                             "childSettings":  [

                                                                                                                                                               ],
                                                                                                                                             "options":  [

                                                                                                                                                         ],
                                                                                                                                             "entityKey":  "specificWebsitesOnly",
                                                                                                                                             "booleanActions":  0,
                                                                                                                                             "policyType":  42,
                                                                                                                                             "enabled":  true
                                                                                                                                         }
                                                                                                                                     ],
                                                                                                                        "enabled":  true
                                                                                                                    }
                                                                                                                ],
                                                                                                    "entityKey":  "@odata.type",
                                                                                                    "booleanActions":  0,
                                                                                                    "policyType":  42,
                                                                                                    "enabled":  true
                                                                                                }
                                                                                            ],
                                                                         "dataType":  6,
                                                                         "category":  140,
                                                                         "nameResourceKey":  "webContentFilterTypeName",
                                                                         "descriptionResourceKey":  "webContentFilterTypeDescription",
                                                                         "childSettings":  [

                                                                                           ],
                                                                         "options":  [

                                                                                     ],
                                                                         "entityKey":  "contentFilterSettings",
                                                                         "booleanActions":  0,
                                                                         "policyType":  42,
                                                                         "enabled":  true
                                                                     }
                                                                 ],
                                               "options":  [

                                                           ],
                                               "booleanActions":  0,
                                               "policyType":  42,
                                               "enabled":  true
                                           }
}
