﻿{
    "wifi_windows10xwifi":  [
                                {
                                    "dataEntityKey":  "customXml",
                                    "filenameEntityKey":  "customXmlFileName",
                                    "dataType":  2,
                                    "category":  121,
                                    "nameResourceKey":  "customWiFiPolicyFileName",
                                    "descriptionResourceKey":  "empty",
                                    "childSettings":  [

                                                      ],
                                    "options":  [

                                                ],
                                    "entityKey":  "customXml",
                                    "booleanActions":  0,
                                    "policyType":  110,
                                    "enabled":  true
                                },
                                {
                                    "complexOptions":  [
                                                           {
                                                               "dataType":  4,
                                                               "category":  121,
                                                               "nameResourceKey":  "selectCertificateProfile",
                                                               "descriptionResourceKey":  "clientCertForClientAuthenticationDescription",
                                                               "childSettings":  [

                                                                                 ],
                                                               "options":  [

                                                                           ],
                                                               "entityKey":  "authenticationCertificateId",
                                                               "booleanActions":  0,
                                                               "policyType":  110,
                                                               "enabled":  true
                                                           }
                                                       ],
                                    "dataType":  5,
                                    "category":  121,
                                    "nameResourceKey":  "certificatesOption",
                                    "descriptionResourceKey":  "empty",
                                    "emptyValueResourceKey":  "selectCertificate",
                                    "childSettings":  [

                                                      ],
                                    "options":  [

                                                ],
                                    "booleanActions":  0,
                                    "policyType":  110,
                                    "enabled":  true
                                }
                            ]
}
