﻿{
    "wirednetwork_macwirednetwork":  [
                                         {
                                             "dataType":  16,
                                             "category":  149,
                                             "nameResourceKey":  "networkInterface",
                                             "descriptionResourceKey":  "networkInterfaceDescription",
                                             "childSettings":  [

                                                               ],
                                             "options":  [
                                                             {
                                                                 "nameResourceKey":  "selectNetworkInterface",
                                                                 "enabled":  true
                                                             },
                                                             {
                                                                 "nameResourceKey":  "firstActiveEthernet",
                                                                 "value":  "firstActiveEthernet",
                                                                 "enabled":  true
                                                             },
                                                             {
                                                                 "nameResourceKey":  "secondActiveEthernet",
                                                                 "value":  "secondActiveEthernet",
                                                                 "enabled":  true
                                                             },
                                                             {
                                                                 "nameResourceKey":  "thirdActiveEthernet",
                                                                 "value":  "thirdActiveEthernet",
                                                                 "enabled":  true
                                                             },
                                                             {
                                                                 "nameResourceKey":  "firstEthernet",
                                                                 "value":  "firstEthernet",
                                                                 "enabled":  true
                                                             },
                                                             {
                                                                 "nameResourceKey":  "secondEthernet",
                                                                 "value":  "secondEthernet",
                                                                 "enabled":  true
                                                             },
                                                             {
                                                                 "nameResourceKey":  "thirdEthernet",
                                                                 "value":  "thirdEthernet",
                                                                 "enabled":  true
                                                             },
                                                             {
                                                                 "nameResourceKey":  "anyEthernet",
                                                                 "value":  "anyEthernet",
                                                                 "enabled":  true
                                                             }
                                                         ],
                                             "entityKey":  "networkInterface",
                                             "booleanActions":  0,
                                             "policyType":  68,
                                             "enabled":  true
                                         },
                                         {
                                             "dataType":  16,
                                             "category":  149,
                                             "nameResourceKey":  "eAPTypeName",
                                             "descriptionResourceKey":  "eAPTypeDescription",
                                             "childSettings":  [

                                                               ],
                                             "options":  [
                                                             {
                                                                 "nameResourceKey":  "selectEAP",
                                                                 "enabled":  true
                                                             },
                                                             {
                                                                 "nameResourceKey":  "eAPFASTName",
                                                                 "value":  "eapFast",
                                                                 "children":  [
                                                                                  {
                                                                                      "value":  "certificate",
                                                                                      "dataType":  9,
                                                                                      "category":  149,
                                                                                      "childSettings":  [

                                                                                                        ],
                                                                                      "options":  [

                                                                                                  ],
                                                                                      "entityKey":  "authenticationMethod",
                                                                                      "booleanActions":  0,
                                                                                      "policyType":  68,
                                                                                      "enabled":  true
                                                                                  },
                                                                                  {
                                                                                      "dataType":  16,
                                                                                      "category":  149,
                                                                                      "nameResourceKey":  "pACHeading",
                                                                                      "descriptionResourceKey":  "empty",
                                                                                      "childSettings":  [

                                                                                                        ],
                                                                                      "options":  [
                                                                                                      {
                                                                                                          "nameResourceKey":  "dontUsePACName",
                                                                                                          "value":  "noProtectedAccessCredential",
                                                                                                          "enabled":  true
                                                                                                      },
                                                                                                      {
                                                                                                          "nameResourceKey":  "usePACName",
                                                                                                          "value":  "useProtectedAccessCredential",
                                                                                                          "enabled":  true
                                                                                                      },
                                                                                                      {
                                                                                                          "nameResourceKey":  "provisionPACName",
                                                                                                          "value":  "useProtectedAccessCredentialAndProvision",
                                                                                                          "enabled":  true
                                                                                                      },
                                                                                                      {
                                                                                                          "nameResourceKey":  "provisionPACAnonName",
                                                                                                          "value":  "useProtectedAccessCredentialAndProvisionAnonymously",
                                                                                                          "enabled":  true
                                                                                                      }
                                                                                                  ],
                                                                                      "entityKey":  "eapFastConfiguration",
                                                                                      "booleanActions":  0,
                                                                                      "defaultValue":  "noProtectedAccessCredential",
                                                                                      "policyType":  68,
                                                                                      "enabled":  true
                                                                                  }
                                                                              ],
                                                                 "enabled":  true
                                                             },
                                                             {
                                                                 "nameResourceKey":  "eAPTLSName",
                                                                 "value":  "eapTls",
                                                                 "children":  [
                                                                                  {
                                                                                      "isSettingDescription":  false,
                                                                                      "showAsSectionHeader":  false,
                                                                                      "dataType":  8,
                                                                                      "category":  149,
                                                                                      "nameResourceKey":  "trust",
                                                                                      "descriptionResourceKey":  "trustDescription",
                                                                                      "childSettings":  [

                                                                                                        ],
                                                                                      "options":  [

                                                                                                  ],
                                                                                      "booleanActions":  0,
                                                                                      "policyType":  68,
                                                                                      "enabled":  true
                                                                                  },
                                                                                  {
                                                                                      "columns":  [
                                                                                                      {
                                                                                                          "metadata":  {
                                                                                                                           "dataType":  20,
                                                                                                                           "category":  149,
                                                                                                                           "nameResourceKey":  "empty",
                                                                                                                           "descriptionResourceKey":  "empty",
                                                                                                                           "emptyValueResourceKey":  "trustedServerCertificateNameExample",
                                                                                                                           "childSettings":  [

                                                                                                                                             ],
                                                                                                                           "options":  [

                                                                                                                                       ],
                                                                                                                           "entityKey":  "trustedServerCertificateNamesName",
                                                                                                                           "booleanActions":  0,
                                                                                                                           "policyType":  68,
                                                                                                                           "enabled":  true
                                                                                                                       }
                                                                                                      }
                                                                                                  ],
                                                                                      "dataType":  21,
                                                                                      "category":  149,
                                                                                      "nameResourceKey":  "trustedServerCertificateNamesName",
                                                                                      "descriptionResourceKey":  "trustedServerCertificateNamesDescription",
                                                                                      "childSettings":  [

                                                                                                        ],
                                                                                      "options":  [

                                                                                                  ],
                                                                                      "entityKey":  "trustedServerCertificateNames",
                                                                                      "booleanActions":  0,
                                                                                      "policyType":  68,
                                                                                      "enabled":  true
                                                                                  },
                                                                                  {
                                                                                      "complexOptions":  [
                                                                                                             {
                                                                                                                 "dataType":  4,
                                                                                                                 "category":  149,
                                                                                                                 "nameResourceKey":  "selectCertificateProfile",
                                                                                                                 "descriptionResourceKey":  "selectRootCertificateForServerValidationName",
                                                                                                                 "childSettings":  [

                                                                                                                                   ],
                                                                                                                 "options":  [

                                                                                                                             ],
                                                                                                                 "entityKey":  "rootCertificateForServerValidation",
                                                                                                                 "booleanActions":  0,
                                                                                                                 "unconfiguredValue":  "notConfigured",
                                                                                                                 "policyType":  68,
                                                                                                                 "enabled":  true
                                                                                                             }
                                                                                                         ],
                                                                                      "dataType":  5,
                                                                                      "category":  149,
                                                                                      "nameResourceKey":  "selectRootCertificateForServerValidationName",
                                                                                      "descriptionResourceKey":  "empty",
                                                                                      "emptyValueResourceKey":  "selectCertificate",
                                                                                      "childSettings":  [

                                                                                                        ],
                                                                                      "options":  [

                                                                                                  ],
                                                                                      "booleanActions":  0,
                                                                                      "policyType":  68,
                                                                                      "enabled":  true
                                                                                  },
                                                                                  {
                                                                                      "isSettingDescription":  false,
                                                                                      "showAsSectionHeader":  false,
                                                                                      "dataType":  8,
                                                                                      "category":  149,
                                                                                      "nameResourceKey":  "authentication",
                                                                                      "childSettings":  [

                                                                                                        ],
                                                                                      "options":  [

                                                                                                  ],
                                                                                      "booleanActions":  0,
                                                                                      "policyType":  68,
                                                                                      "enabled":  true
                                                                                  },
                                                                                  {
                                                                                      "value":  "certificate",
                                                                                      "dataType":  9,
                                                                                      "category":  149,
                                                                                      "childSettings":  [

                                                                                                        ],
                                                                                      "options":  [

                                                                                                  ],
                                                                                      "entityKey":  "authenticationMethod",
                                                                                      "booleanActions":  0,
                                                                                      "policyType":  68,
                                                                                      "enabled":  true
                                                                                  },
                                                                                  {
                                                                                      "complexOptions":  [
                                                                                                             {
                                                                                                                 "dataType":  4,
                                                                                                                 "category":  149,
                                                                                                                 "nameResourceKey":  "selectCertificateProfile",
                                                                                                                 "descriptionResourceKey":  "empty",
                                                                                                                 "childSettings":  [

                                                                                                                                   ],
                                                                                                                 "options":  [

                                                                                                                             ],
                                                                                                                 "entityKey":  "identityCertificateForClientAuthentication",
                                                                                                                 "booleanActions":  0,
                                                                                                                 "policyType":  68,
                                                                                                                 "enabled":  true
                                                                                                             }
                                                                                                         ],
                                                                                      "dataType":  5,
                                                                                      "category":  149,
                                                                                      "nameResourceKey":  "certificatesOption",
                                                                                      "descriptionResourceKey":  "empty",
                                                                                      "emptyValueResourceKey":  "selectCertificate",
                                                                                      "childSettings":  [

                                                                                                        ],
                                                                                      "options":  [

                                                                                                  ],
                                                                                      "booleanActions":  0,
                                                                                      "policyType":  68,
                                                                                      "enabled":  true
                                                                                  },
                                                                                  {
                                                                                      "dataType":  20,
                                                                                      "category":  149,
                                                                                      "nameResourceKey":  "enableIdentityPrivacyName",
                                                                                      "descriptionResourceKey":  "enableIdentityPrivacyDescription",
                                                                                      "emptyValueResourceKey":  "identityPrivacyExample",
                                                                                      "childSettings":  [

                                                                                                        ],
                                                                                      "options":  [

                                                                                                  ],
                                                                                      "entityKey":  "enableOuterIdentityPrivacy",
                                                                                      "booleanActions":  0,
                                                                                      "policyType":  68,
                                                                                      "enabled":  true
                                                                                  }
                                                                              ],
                                                                 "enabled":  true
                                                             },
                                                             {
                                                                 "nameResourceKey":  "eAPTTLSName",
                                                                 "value":  "eapTtls",
                                                                 "children":  [
                                                                                  {
                                                                                      "isSettingDescription":  false,
                                                                                      "showAsSectionHeader":  false,
                                                                                      "dataType":  8,
                                                                                      "category":  149,
                                                                                      "nameResourceKey":  "trust",
                                                                                      "descriptionResourceKey":  "trustDescription",
                                                                                      "childSettings":  [

                                                                                                        ],
                                                                                      "options":  [

                                                                                                  ],
                                                                                      "booleanActions":  0,
                                                                                      "policyType":  68,
                                                                                      "enabled":  true
                                                                                  },
                                                                                  {
                                                                                      "columns":  [
                                                                                                      {
                                                                                                          "metadata":  {
                                                                                                                           "dataType":  20,
                                                                                                                           "category":  149,
                                                                                                                           "nameResourceKey":  "empty",
                                                                                                                           "descriptionResourceKey":  "empty",
                                                                                                                           "emptyValueResourceKey":  "trustedServerCertificateNameExample",
                                                                                                                           "childSettings":  [

                                                                                                                                             ],
                                                                                                                           "options":  [

                                                                                                                                       ],
                                                                                                                           "entityKey":  "trustedServerCertificateNamesName",
                                                                                                                           "booleanActions":  0,
                                                                                                                           "policyType":  68,
                                                                                                                           "enabled":  true
                                                                                                                       }
                                                                                                      }
                                                                                                  ],
                                                                                      "dataType":  21,
                                                                                      "category":  149,
                                                                                      "nameResourceKey":  "trustedServerCertificateNamesName",
                                                                                      "descriptionResourceKey":  "trustedServerCertificateNamesDescription",
                                                                                      "childSettings":  [

                                                                                                        ],
                                                                                      "options":  [

                                                                                                  ],
                                                                                      "entityKey":  "trustedServerCertificateNames",
                                                                                      "booleanActions":  0,
                                                                                      "policyType":  68,
                                                                                      "enabled":  true
                                                                                  },
                                                                                  {
                                                                                      "complexOptions":  [
                                                                                                             {
                                                                                                                 "dataType":  4,
                                                                                                                 "category":  149,
                                                                                                                 "nameResourceKey":  "selectCertificateProfile",
                                                                                                                 "descriptionResourceKey":  "selectRootCertificateForServerValidationName",
                                                                                                                 "childSettings":  [

                                                                                                                                   ],
                                                                                                                 "options":  [

                                                                                                                             ],
                                                                                                                 "entityKey":  "rootCertificateForServerValidation",
                                                                                                                 "booleanActions":  0,
                                                                                                                 "unconfiguredValue":  "notConfigured",
                                                                                                                 "policyType":  68,
                                                                                                                 "enabled":  true
                                                                                                             }
                                                                                                         ],
                                                                                      "dataType":  5,
                                                                                      "category":  149,
                                                                                      "nameResourceKey":  "selectRootCertificateForServerValidationName",
                                                                                      "descriptionResourceKey":  "empty",
                                                                                      "emptyValueResourceKey":  "selectCertificate",
                                                                                      "childSettings":  [

                                                                                                        ],
                                                                                      "options":  [

                                                                                                  ],
                                                                                      "booleanActions":  0,
                                                                                      "policyType":  68,
                                                                                      "enabled":  true
                                                                                  },
                                                                                  {
                                                                                      "isSettingDescription":  false,
                                                                                      "showAsSectionHeader":  false,
                                                                                      "dataType":  8,
                                                                                      "category":  149,
                                                                                      "nameResourceKey":  "authentication",
                                                                                      "childSettings":  [

                                                                                                        ],
                                                                                      "options":  [

                                                                                                  ],
                                                                                      "booleanActions":  0,
                                                                                      "policyType":  68,
                                                                                      "enabled":  true
                                                                                  },
                                                                                  {
                                                                                      "dataType":  16,
                                                                                      "category":  149,
                                                                                      "nameResourceKey":  "authenticationMethodName",
                                                                                      "descriptionResourceKey":  "authenticationMethodTTLSDescription",
                                                                                      "childSettings":  [

                                                                                                        ],
                                                                                      "options":  [
                                                                                                      {
                                                                                                          "nameResourceKey":  "notConfigured",
                                                                                                          "enabled":  true
                                                                                                      },
                                                                                                      {
                                                                                                          "nameResourceKey":  "usernameAndPasswordOption",
                                                                                                          "value":  "usernameAndPassword",
                                                                                                          "children":  [
                                                                                                                           {
                                                                                                                               "dataType":  16,
                                                                                                                               "category":  149,
                                                                                                                               "nameResourceKey":  "nonEapMethodName",
                                                                                                                               "descriptionResourceKey":  "nonEapMethodDescription",
                                                                                                                               "childSettings":  [

                                                                                                                                                 ],
                                                                                                                               "options":  [
                                                                                                                                               {
                                                                                                                                                   "nameResourceKey":  "selectNonEapMethod",
                                                                                                                                                   "enabled":  true
                                                                                                                                               },
                                                                                                                                               {
                                                                                                                                                   "nameResourceKey":  "pAPName",
                                                                                                                                                   "value":  "unencryptedPassword",
                                                                                                                                                   "enabled":  true
                                                                                                                                               },
                                                                                                                                               {
                                                                                                                                                   "nameResourceKey":  "cHAPName",
                                                                                                                                                   "value":  "challengeHandshakeAuthenticationProtocol",
                                                                                                                                                   "enabled":  true
                                                                                                                                               },
                                                                                                                                               {
                                                                                                                                                   "nameResourceKey":  "mSCHAPName",
                                                                                                                                                   "value":  "microsoftChap",
                                                                                                                                                   "enabled":  true
                                                                                                                                               },
                                                                                                                                               {
                                                                                                                                                   "nameResourceKey":  "cHAPTWOName",
                                                                                                                                                   "value":  "microsoftChapVersionTwo",
                                                                                                                                                   "enabled":  true
                                                                                                                                               }
                                                                                                                                           ],
                                                                                                                               "entityKey":  "nonEapAuthenticationMethodForEapTtls",
                                                                                                                               "booleanActions":  0,
                                                                                                                               "policyType":  68,
                                                                                                                               "enabled":  true
                                                                                                                           },
                                                                                                                           {
                                                                                                                               "dataType":  20,
                                                                                                                               "category":  149,
                                                                                                                               "nameResourceKey":  "enableIdentityPrivacyName",
                                                                                                                               "descriptionResourceKey":  "enableIdentityPrivacyDescription",
                                                                                                                               "emptyValueResourceKey":  "identityPrivacyExample",
                                                                                                                               "childSettings":  [

                                                                                                                                                 ],
                                                                                                                               "options":  [

                                                                                                                                           ],
                                                                                                                               "entityKey":  "enableOuterIdentityPrivacy",
                                                                                                                               "booleanActions":  0,
                                                                                                                               "policyType":  68,
                                                                                                                               "enabled":  true
                                                                                                                           }
                                                                                                                       ],
                                                                                                          "enabled":  true
                                                                                                      },
                                                                                                      {
                                                                                                          "nameResourceKey":  "certificatesOption",
                                                                                                          "value":  "certificate",
                                                                                                          "children":  [
                                                                                                                           {
                                                                                                                               "complexOptions":  [
                                                                                                                                                      {
                                                                                                                                                          "dataType":  4,
                                                                                                                                                          "category":  149,
                                                                                                                                                          "nameResourceKey":  "selectCertificateProfile",
                                                                                                                                                          "descriptionResourceKey":  "empty",
                                                                                                                                                          "childSettings":  [

                                                                                                                                                                            ],
                                                                                                                                                          "options":  [

                                                                                                                                                                      ],
                                                                                                                                                          "entityKey":  "identityCertificateForClientAuthentication",
                                                                                                                                                          "booleanActions":  0,
                                                                                                                                                          "policyType":  68,
                                                                                                                                                          "enabled":  true
                                                                                                                                                      }
                                                                                                                                                  ],
                                                                                                                               "dataType":  5,
                                                                                                                               "category":  149,
                                                                                                                               "nameResourceKey":  "certificatesOption",
                                                                                                                               "descriptionResourceKey":  "empty",
                                                                                                                               "emptyValueResourceKey":  "selectCertificate",
                                                                                                                               "childSettings":  [

                                                                                                                                                 ],
                                                                                                                               "options":  [

                                                                                                                                           ],
                                                                                                                               "booleanActions":  0,
                                                                                                                               "policyType":  68,
                                                                                                                               "enabled":  true
                                                                                                                           },
                                                                                                                           {
                                                                                                                               "dataType":  20,
                                                                                                                               "category":  149,
                                                                                                                               "nameResourceKey":  "enableIdentityPrivacyName",
                                                                                                                               "descriptionResourceKey":  "enableIdentityPrivacyDescription",
                                                                                                                               "emptyValueResourceKey":  "identityPrivacyExample",
                                                                                                                               "childSettings":  [

                                                                                                                                                 ],
                                                                                                                               "options":  [

                                                                                                                                           ],
                                                                                                                               "entityKey":  "enableOuterIdentityPrivacy",
                                                                                                                               "booleanActions":  0,
                                                                                                                               "policyType":  68,
                                                                                                                               "enabled":  true
                                                                                                                           }
                                                                                                                       ],
                                                                                                          "enabled":  true
                                                                                                      }
                                                                                                  ],
                                                                                      "entityKey":  "authenticationMethod",
                                                                                      "booleanActions":  0,
                                                                                      "policyType":  68,
                                                                                      "enabled":  true
                                                                                  }
                                                                              ],
                                                                 "enabled":  true
                                                             },
                                                             {
                                                                 "nameResourceKey":  "lEAPName",
                                                                 "value":  "leap",
                                                                 "children":  [
                                                                                  {
                                                                                      "value":  "certificate",
                                                                                      "dataType":  9,
                                                                                      "category":  149,
                                                                                      "childSettings":  [

                                                                                                        ],
                                                                                      "options":  [

                                                                                                  ],
                                                                                      "entityKey":  "authenticationMethod",
                                                                                      "booleanActions":  0,
                                                                                      "policyType":  68,
                                                                                      "enabled":  true
                                                                                  }
                                                                              ],
                                                                 "enabled":  true
                                                             },
                                                             {
                                                                 "nameResourceKey":  "pEAPName",
                                                                 "value":  "peap",
                                                                 "children":  [
                                                                                  {
                                                                                      "isSettingDescription":  false,
                                                                                      "showAsSectionHeader":  false,
                                                                                      "dataType":  8,
                                                                                      "category":  149,
                                                                                      "nameResourceKey":  "trust",
                                                                                      "descriptionResourceKey":  "trustDescription",
                                                                                      "childSettings":  [

                                                                                                        ],
                                                                                      "options":  [

                                                                                                  ],
                                                                                      "booleanActions":  0,
                                                                                      "policyType":  68,
                                                                                      "enabled":  true
                                                                                  },
                                                                                  {
                                                                                      "columns":  [
                                                                                                      {
                                                                                                          "metadata":  {
                                                                                                                           "dataType":  20,
                                                                                                                           "category":  149,
                                                                                                                           "nameResourceKey":  "empty",
                                                                                                                           "descriptionResourceKey":  "empty",
                                                                                                                           "emptyValueResourceKey":  "trustedServerCertificateNameExample",
                                                                                                                           "childSettings":  [

                                                                                                                                             ],
                                                                                                                           "options":  [

                                                                                                                                       ],
                                                                                                                           "entityKey":  "trustedServerCertificateNamesName",
                                                                                                                           "booleanActions":  0,
                                                                                                                           "policyType":  68,
                                                                                                                           "enabled":  true
                                                                                                                       }
                                                                                                      }
                                                                                                  ],
                                                                                      "dataType":  21,
                                                                                      "category":  149,
                                                                                      "nameResourceKey":  "trustedServerCertificateNamesName",
                                                                                      "descriptionResourceKey":  "trustedServerCertificateNamesDescription",
                                                                                      "childSettings":  [

                                                                                                        ],
                                                                                      "options":  [

                                                                                                  ],
                                                                                      "entityKey":  "trustedServerCertificateNames",
                                                                                      "booleanActions":  0,
                                                                                      "policyType":  68,
                                                                                      "enabled":  true
                                                                                  },
                                                                                  {
                                                                                      "complexOptions":  [
                                                                                                             {
                                                                                                                 "dataType":  4,
                                                                                                                 "category":  149,
                                                                                                                 "nameResourceKey":  "selectCertificateProfile",
                                                                                                                 "descriptionResourceKey":  "selectRootCertificateForServerValidationName",
                                                                                                                 "childSettings":  [

                                                                                                                                   ],
                                                                                                                 "options":  [

                                                                                                                             ],
                                                                                                                 "entityKey":  "rootCertificateForServerValidation",
                                                                                                                 "booleanActions":  0,
                                                                                                                 "unconfiguredValue":  "notConfigured",
                                                                                                                 "policyType":  68,
                                                                                                                 "enabled":  true
                                                                                                             }
                                                                                                         ],
                                                                                      "dataType":  5,
                                                                                      "category":  149,
                                                                                      "nameResourceKey":  "selectRootCertificateForServerValidationName",
                                                                                      "descriptionResourceKey":  "empty",
                                                                                      "emptyValueResourceKey":  "selectCertificate",
                                                                                      "childSettings":  [

                                                                                                        ],
                                                                                      "options":  [

                                                                                                  ],
                                                                                      "booleanActions":  0,
                                                                                      "policyType":  68,
                                                                                      "enabled":  true
                                                                                  },
                                                                                  {
                                                                                      "isSettingDescription":  false,
                                                                                      "showAsSectionHeader":  false,
                                                                                      "dataType":  8,
                                                                                      "category":  149,
                                                                                      "nameResourceKey":  "authentication",
                                                                                      "childSettings":  [

                                                                                                        ],
                                                                                      "options":  [

                                                                                                  ],
                                                                                      "booleanActions":  0,
                                                                                      "policyType":  68,
                                                                                      "enabled":  true
                                                                                  },
                                                                                  {
                                                                                      "dataType":  16,
                                                                                      "category":  149,
                                                                                      "nameResourceKey":  "authenticationMethodName",
                                                                                      "descriptionResourceKey":  "authenticationMethodName",
                                                                                      "childSettings":  [

                                                                                                        ],
                                                                                      "options":  [
                                                                                                      {
                                                                                                          "nameResourceKey":  "notConfigured",
                                                                                                          "enabled":  true
                                                                                                      },
                                                                                                      {
                                                                                                          "nameResourceKey":  "usernameAndPasswordOption",
                                                                                                          "value":  "usernameAndPassword",
                                                                                                          "children":  [
                                                                                                                           {
                                                                                                                               "dataType":  20,
                                                                                                                               "category":  149,
                                                                                                                               "nameResourceKey":  "enableIdentityPrivacyName",
                                                                                                                               "descriptionResourceKey":  "enableIdentityPrivacyDescription",
                                                                                                                               "emptyValueResourceKey":  "identityPrivacyExample",
                                                                                                                               "childSettings":  [

                                                                                                                                                 ],
                                                                                                                               "options":  [

                                                                                                                                           ],
                                                                                                                               "entityKey":  "enableOuterIdentityPrivacy",
                                                                                                                               "booleanActions":  0,
                                                                                                                               "policyType":  68,
                                                                                                                               "enabled":  true
                                                                                                                           }
                                                                                                                       ],
                                                                                                          "enabled":  true
                                                                                                      },
                                                                                                      {
                                                                                                          "nameResourceKey":  "certificatesOption",
                                                                                                          "value":  "certificate",
                                                                                                          "children":  [
                                                                                                                           {
                                                                                                                               "complexOptions":  [
                                                                                                                                                      {
                                                                                                                                                          "dataType":  4,
                                                                                                                                                          "category":  149,
                                                                                                                                                          "nameResourceKey":  "selectCertificateProfile",
                                                                                                                                                          "descriptionResourceKey":  "empty",
                                                                                                                                                          "childSettings":  [

                                                                                                                                                                            ],
                                                                                                                                                          "options":  [

                                                                                                                                                                      ],
                                                                                                                                                          "entityKey":  "identityCertificateForClientAuthentication",
                                                                                                                                                          "booleanActions":  0,
                                                                                                                                                          "policyType":  68,
                                                                                                                                                          "enabled":  true
                                                                                                                                                      }
                                                                                                                                                  ],
                                                                                                                               "dataType":  5,
                                                                                                                               "category":  149,
                                                                                                                               "nameResourceKey":  "certificatesOption",
                                                                                                                               "descriptionResourceKey":  "empty",
                                                                                                                               "emptyValueResourceKey":  "selectCertificate",
                                                                                                                               "childSettings":  [

                                                                                                                                                 ],
                                                                                                                               "options":  [

                                                                                                                                           ],
                                                                                                                               "booleanActions":  0,
                                                                                                                               "policyType":  68,
                                                                                                                               "enabled":  true
                                                                                                                           },
                                                                                                                           {
                                                                                                                               "dataType":  20,
                                                                                                                               "category":  149,
                                                                                                                               "nameResourceKey":  "enableIdentityPrivacyName",
                                                                                                                               "descriptionResourceKey":  "enableIdentityPrivacyDescription",
                                                                                                                               "emptyValueResourceKey":  "identityPrivacyExample",
                                                                                                                               "childSettings":  [

                                                                                                                                                 ],
                                                                                                                               "options":  [

                                                                                                                                           ],
                                                                                                                               "entityKey":  "enableOuterIdentityPrivacy",
                                                                                                                               "booleanActions":  0,
                                                                                                                               "policyType":  68,
                                                                                                                               "enabled":  true
                                                                                                                           }
                                                                                                                       ],
                                                                                                          "enabled":  true
                                                                                                      }
                                                                                                  ],
                                                                                      "entityKey":  "authenticationMethod",
                                                                                      "booleanActions":  0,
                                                                                      "policyType":  68,
                                                                                      "enabled":  true
                                                                                  }
                                                                              ],
                                                                 "enabled":  true
                                                             }
                                                         ],
                                             "entityKey":  "eapType",
                                             "booleanActions":  0,
                                             "policyType":  68,
                                             "enabled":  true
                                         }
                                     ]
}
