﻿{
    "wirelessprojection_windows10teamgeneral":  [
                                                    {
                                                        "dataType":  0,
                                                        "category":  126,
                                                        "nameResourceKey":  "pINForWirelessProjectionName",
                                                        "descriptionResourceKey":  "empty",
                                                        "childSettings":  [

                                                                          ],
                                                        "options":  [

                                                                    ],
                                                        "entityKey":  "miracastRequirePin",
                                                        "booleanActions":  1,
                                                        "defaultValue":  false,
                                                        "policyType":  87,
                                                        "enabled":  true
                                                    },
                                                    {
                                                        "dataType":  0,
                                                        "category":  126,
                                                        "nameResourceKey":  "miracastWirelessProjectionName",
                                                        "descriptionResourceKey":  "empty",
                                                        "childSettings":  [

                                                                          ],
                                                        "options":  [

                                                                    ],
                                                        "entityKey":  "miracastBlocked",
                                                        "booleanActions":  3,
                                                        "defaultValue":  false,
                                                        "policyType":  87,
                                                        "enabled":  true
                                                    },
                                                    {
                                                        "dataType":  16,
                                                        "category":  126,
                                                        "nameResourceKey":  "miracastWirelessProjectionChannelName",
                                                        "descriptionResourceKey":  "miracastWirelessProjectionChannelDescription",
                                                        "childSettings":  [

                                                                          ],
                                                        "options":  [
                                                                        {
                                                                            "nameResourceKey":  "default",
                                                                            "value":  "userDefined",
                                                                            "enabled":  true
                                                                        },
                                                                        {
                                                                            "displayText":  "1",
                                                                            "value":  "one",
                                                                            "enabled":  true
                                                                        },
                                                                        {
                                                                            "displayText":  "2",
                                                                            "value":  "two",
                                                                            "enabled":  true
                                                                        },
                                                                        {
                                                                            "displayText":  "3",
                                                                            "value":  "three",
                                                                            "enabled":  true
                                                                        },
                                                                        {
                                                                            "displayText":  "4",
                                                                            "value":  "four",
                                                                            "enabled":  true
                                                                        },
                                                                        {
                                                                            "displayText":  "5",
                                                                            "value":  "five",
                                                                            "enabled":  true
                                                                        },
                                                                        {
                                                                            "displayText":  "6",
                                                                            "value":  "six",
                                                                            "enabled":  true
                                                                        },
                                                                        {
                                                                            "displayText":  "7",
                                                                            "value":  "seven",
                                                                            "enabled":  true
                                                                        },
                                                                        {
                                                                            "displayText":  "8",
                                                                            "value":  "eight",
                                                                            "enabled":  true
                                                                        },
                                                                        {
                                                                            "displayText":  "9",
                                                                            "value":  "nine",
                                                                            "enabled":  true
                                                                        },
                                                                        {
                                                                            "displayText":  "10",
                                                                            "value":  "ten",
                                                                            "enabled":  true
                                                                        },
                                                                        {
                                                                            "displayText":  "11",
                                                                            "value":  "eleven",
                                                                            "enabled":  true
                                                                        },
                                                                        {
                                                                            "displayText":  "36",
                                                                            "value":  "thirtySix",
                                                                            "enabled":  true
                                                                        },
                                                                        {
                                                                            "displayText":  "40",
                                                                            "value":  "forty",
                                                                            "enabled":  true
                                                                        },
                                                                        {
                                                                            "displayText":  "44",
                                                                            "value":  "fortyFour",
                                                                            "enabled":  true
                                                                        },
                                                                        {
                                                                            "displayText":  "48",
                                                                            "value":  "fortyEight",
                                                                            "enabled":  true
                                                                        },
                                                                        {
                                                                            "displayText":  "149",
                                                                            "value":  "oneHundredFortyNine",
                                                                            "enabled":  true
                                                                        },
                                                                        {
                                                                            "displayText":  "153",
                                                                            "value":  "oneHundredFiftyThree",
                                                                            "enabled":  true
                                                                        },
                                                                        {
                                                                            "displayText":  "157",
                                                                            "value":  "oneHundredFiftySeven",
                                                                            "enabled":  true
                                                                        },
                                                                        {
                                                                            "displayText":  "161",
                                                                            "value":  "oneHundredSixtyOne",
                                                                            "enabled":  true
                                                                        },
                                                                        {
                                                                            "displayText":  "165",
                                                                            "value":  "oneHundredSixtyFive",
                                                                            "enabled":  true
                                                                        }
                                                                    ],
                                                        "entityKey":  "miracastChannel",
                                                        "booleanActions":  0,
                                                        "defaultValue":  "userDefined",
                                                        "unconfiguredValue":  "userDefined",
                                                        "policyType":  87,
                                                        "enabled":  true
                                                    }
                                                ]
}
