﻿{
    "wireless_iosgeneral":  [
                                {
                                    "isSettingDescription":  false,
                                    "showAsSectionHeader":  true,
                                    "dataType":  8,
                                    "category":  125,
                                    "nameResourceKey":  "deviceEnrollmentAndAutomatedDeviceEnrollmentHeaderName",
                                    "descriptionResourceKey":  "deviceEnrollmentAndAutomatedDeviceEnrollmentHeaderDescription",
                                    "childSettings":  [
                                                          {
                                                              "dataType":  0,
                                                              "category":  125,
                                                              "nameResourceKey":  "iOSBlockDataRoamingName",
                                                              "descriptionResourceKey":  "blockDataRoamingDescription",
                                                              "childSettings":  [

                                                                                ],
                                                              "options":  [

                                                                          ],
                                                              "entityKey":  "cellularBlockDataRoaming",
                                                              "booleanActions":  9,
                                                              "defaultValue":  false,
                                                              "policyType":  46,
                                                              "enabled":  true
                                                          },
                                                          {
                                                              "dataType":  0,
                                                              "category":  125,
                                                              "nameResourceKey":  "blockGlobalBackgroundFetchWhileRoamingName",
                                                              "descriptionResourceKey":  "blockGlobalBackgroundFetchWhileRoamingDescription",
                                                              "childSettings":  [

                                                                                ],
                                                              "options":  [

                                                                          ],
                                                              "entityKey":  "cellularBlockGlobalBackgroundFetchWhileRoaming",
                                                              "booleanActions":  9,
                                                              "defaultValue":  false,
                                                              "policyType":  46,
                                                              "enabled":  true
                                                          },
                                                          {
                                                              "dataType":  0,
                                                              "category":  125,
                                                              "nameResourceKey":  "iOSBlockVoiceDialingName",
                                                              "childSettings":  [

                                                                                ],
                                                              "options":  [

                                                                          ],
                                                              "entityKey":  "voiceDialingBlocked",
                                                              "booleanActions":  9,
                                                              "defaultValue":  false,
                                                              "policyType":  46,
                                                              "enabled":  true
                                                          },
                                                          {
                                                              "dataType":  0,
                                                              "category":  125,
                                                              "nameResourceKey":  "iOSBlockVoiceRoamingName",
                                                              "descriptionResourceKey":  "blockVoiceRoamingDescription",
                                                              "childSettings":  [

                                                                                ],
                                                              "options":  [

                                                                          ],
                                                              "entityKey":  "cellularBlockVoiceRoaming",
                                                              "booleanActions":  9,
                                                              "defaultValue":  false,
                                                              "policyType":  46,
                                                              "enabled":  true
                                                          },
                                                          {
                                                              "dataType":  0,
                                                              "category":  125,
                                                              "nameResourceKey":  "blockPersonalHotspotName",
                                                              "descriptionResourceKey":  "blockPersonalHotspotDescription",
                                                              "childSettings":  [

                                                                                ],
                                                              "options":  [

                                                                          ],
                                                              "entityKey":  "cellularBlockPersonalHotspot",
                                                              "booleanActions":  9,
                                                              "defaultValue":  false,
                                                              "policyType":  46,
                                                              "enabled":  true
                                                          },
                                                          {
                                                              "isSettingDescription":  false,
                                                              "showAsSectionHeader":  false,
                                                              "dataType":  8,
                                                              "category":  125,
                                                              "nameResourceKey":  "networkUsageRulesHeaderName",
                                                              "descriptionResourceKey":  "networkUsageRulesHeaderNameDescription",
                                                              "childSettings":  [
                                                                                    {
                                                                                        "complexOptions":  [
                                                                                                               {
                                                                                                                   "isSettingDescription":  false,
                                                                                                                   "showAsSectionHeader":  false,
                                                                                                                   "dataType":  8,
                                                                                                                   "category":  125,
                                                                                                                   "nameResourceKey":  "networkUsageRulesBlockCellularHeaderName",
                                                                                                                   "childSettings":  [

                                                                                                                                     ],
                                                                                                                   "options":  [

                                                                                                                               ],
                                                                                                                   "booleanActions":  0,
                                                                                                                   "policyType":  46,
                                                                                                                   "enabled":  true
                                                                                                               },
                                                                                                               {
                                                                                                                   "dataType":  16,
                                                                                                                   "category":  125,
                                                                                                                   "nameResourceKey":  "networkUsageRulesBlockCellularName",
                                                                                                                   "childSettings":  [

                                                                                                                                     ],
                                                                                                                   "options":  [
                                                                                                                                   {
                                                                                                                                       "nameResourceKey":  "notConfigured",
                                                                                                                                       "value":  "none",
                                                                                                                                       "enabled":  true
                                                                                                                                   },
                                                                                                                                   {
                                                                                                                                       "nameResourceKey":  "allManagedApps",
                                                                                                                                       "value":  "all",
                                                                                                                                       "enabled":  true
                                                                                                                                   },
                                                                                                                                   {
                                                                                                                                       "nameResourceKey":  "chooseSpecificApps",
                                                                                                                                       "value":  "choose",
                                                                                                                                       "children":  [
                                                                                                                                                        {
                                                                                                                                                            "columns":  [
                                                                                                                                                                            {
                                                                                                                                                                                "metadata":  {
                                                                                                                                                                                                 "dataType":  20,
                                                                                                                                                                                                 "category":  125,
                                                                                                                                                                                                 "nameResourceKey":  "singleAppModeBundleIdsName",
                                                                                                                                                                                                 "descriptionResourceKey":  "singleAppModeBundleIdsDescription",
                                                                                                                                                                                                 "childSettings":  [

                                                                                                                                                                                                                   ],
                                                                                                                                                                                                 "options":  [

                                                                                                                                                                                                             ],
                                                                                                                                                                                                 "entityKey":  "appId",
                                                                                                                                                                                                 "booleanActions":  0,
                                                                                                                                                                                                 "policyType":  46,
                                                                                                                                                                                                 "enabled":  true
                                                                                                                                                                                             }
                                                                                                                                                                            },
                                                                                                                                                                            {
                                                                                                                                                                                "metadata":  {
                                                                                                                                                                                                 "dataType":  20,
                                                                                                                                                                                                 "category":  125,
                                                                                                                                                                                                 "nameResourceKey":  "singleAppModeAppNameName",
                                                                                                                                                                                                 "descriptionResourceKey":  "singleAppModeAppNameDescription",
                                                                                                                                                                                                 "childSettings":  [

                                                                                                                                                                                                                   ],
                                                                                                                                                                                                 "options":  [

                                                                                                                                                                                                             ],
                                                                                                                                                                                                 "entityKey":  "name",
                                                                                                                                                                                                 "booleanActions":  0,
                                                                                                                                                                                                 "policyType":  46,
                                                                                                                                                                                                 "enabled":  true
                                                                                                                                                                                             }
                                                                                                                                                                            },
                                                                                                                                                                            {
                                                                                                                                                                                "metadata":  {
                                                                                                                                                                                                 "dataType":  20,
                                                                                                                                                                                                 "category":  125,
                                                                                                                                                                                                 "nameResourceKey":  "AppPublisherName",
                                                                                                                                                                                                 "descriptionResourceKey":  "singleAppModeAppNameDescription",
                                                                                                                                                                                                 "childSettings":  [

                                                                                                                                                                                                                   ],
                                                                                                                                                                                                 "options":  [

                                                                                                                                                                                                             ],
                                                                                                                                                                                                 "entityKey":  "publisher",
                                                                                                                                                                                                 "booleanActions":  0,
                                                                                                                                                                                                 "policyType":  46,
                                                                                                                                                                                                 "enabled":  true
                                                                                                                                                                                             }
                                                                                                                                                                            }
                                                                                                                                                                        ],
                                                                                                                                                            "dataType":  21,
                                                                                                                                                            "category":  125,
                                                                                                                                                            "nameResourceKey":  "chooseSpecificApps",
                                                                                                                                                            "childSettings":  [

                                                                                                                                                                              ],
                                                                                                                                                            "options":  [

                                                                                                                                                                        ],
                                                                                                                                                            "entityKey":  "networkUsageRulesCellularDataList",
                                                                                                                                                            "booleanActions":  0,
                                                                                                                                                            "policyType":  46,
                                                                                                                                                            "enabled":  true
                                                                                                                                                        }
                                                                                                                                                    ],
                                                                                                                                       "enabled":  true
                                                                                                                                   }
                                                                                                                               ],
                                                                                                                   "entityKey":  "networkUsageRulesCellularDataBlockType",
                                                                                                                   "booleanActions":  0,
                                                                                                                   "defaultValue":  "none",
                                                                                                                   "unconfiguredValue":  "none",
                                                                                                                   "policyType":  46,
                                                                                                                   "enabled":  true
                                                                                                               }
                                                                                                           ],
                                                                                        "dataType":  5,
                                                                                        "category":  125,
                                                                                        "nameResourceKey":  "networkUsageRulesBlockCellularName",
                                                                                        "childSettings":  [

                                                                                                          ],
                                                                                        "options":  [

                                                                                                    ],
                                                                                        "booleanActions":  0,
                                                                                        "policyType":  46,
                                                                                        "enabled":  true
                                                                                    },
                                                                                    {
                                                                                        "complexOptions":  [
                                                                                                               {
                                                                                                                   "isSettingDescription":  false,
                                                                                                                   "showAsSectionHeader":  false,
                                                                                                                   "dataType":  8,
                                                                                                                   "category":  125,
                                                                                                                   "nameResourceKey":  "networkUsageRulesBlockCellularRoamingHeaderName",
                                                                                                                   "childSettings":  [

                                                                                                                                     ],
                                                                                                                   "options":  [

                                                                                                                               ],
                                                                                                                   "booleanActions":  0,
                                                                                                                   "policyType":  46,
                                                                                                                   "enabled":  true
                                                                                                               },
                                                                                                               {
                                                                                                                   "dataType":  16,
                                                                                                                   "category":  125,
                                                                                                                   "nameResourceKey":  "networkUsageRulesBlockCellularRoamingName",
                                                                                                                   "childSettings":  [

                                                                                                                                     ],
                                                                                                                   "options":  [
                                                                                                                                   {
                                                                                                                                       "nameResourceKey":  "notConfigured",
                                                                                                                                       "value":  "none",
                                                                                                                                       "enabled":  true
                                                                                                                                   },
                                                                                                                                   {
                                                                                                                                       "nameResourceKey":  "allManagedApps",
                                                                                                                                       "value":  "all",
                                                                                                                                       "enabled":  true
                                                                                                                                   },
                                                                                                                                   {
                                                                                                                                       "nameResourceKey":  "chooseSpecificApps",
                                                                                                                                       "value":  "choose",
                                                                                                                                       "children":  [
                                                                                                                                                        {
                                                                                                                                                            "columns":  [
                                                                                                                                                                            {
                                                                                                                                                                                "metadata":  {
                                                                                                                                                                                                 "dataType":  20,
                                                                                                                                                                                                 "category":  125,
                                                                                                                                                                                                 "nameResourceKey":  "singleAppModeBundleIdsName",
                                                                                                                                                                                                 "descriptionResourceKey":  "singleAppModeBundleIdsDescription",
                                                                                                                                                                                                 "childSettings":  [

                                                                                                                                                                                                                   ],
                                                                                                                                                                                                 "options":  [

                                                                                                                                                                                                             ],
                                                                                                                                                                                                 "entityKey":  "appId",
                                                                                                                                                                                                 "booleanActions":  0,
                                                                                                                                                                                                 "policyType":  46,
                                                                                                                                                                                                 "enabled":  true
                                                                                                                                                                                             }
                                                                                                                                                                            },
                                                                                                                                                                            {
                                                                                                                                                                                "metadata":  {
                                                                                                                                                                                                 "dataType":  20,
                                                                                                                                                                                                 "category":  125,
                                                                                                                                                                                                 "nameResourceKey":  "singleAppModeAppNameName",
                                                                                                                                                                                                 "descriptionResourceKey":  "singleAppModeAppNameDescription",
                                                                                                                                                                                                 "childSettings":  [

                                                                                                                                                                                                                   ],
                                                                                                                                                                                                 "options":  [

                                                                                                                                                                                                             ],
                                                                                                                                                                                                 "entityKey":  "name",
                                                                                                                                                                                                 "booleanActions":  0,
                                                                                                                                                                                                 "policyType":  46,
                                                                                                                                                                                                 "enabled":  true
                                                                                                                                                                                             }
                                                                                                                                                                            },
                                                                                                                                                                            {
                                                                                                                                                                                "metadata":  {
                                                                                                                                                                                                 "dataType":  20,
                                                                                                                                                                                                 "category":  125,
                                                                                                                                                                                                 "nameResourceKey":  "AppPublisherName",
                                                                                                                                                                                                 "descriptionResourceKey":  "singleAppModeAppNameDescription",
                                                                                                                                                                                                 "childSettings":  [

                                                                                                                                                                                                                   ],
                                                                                                                                                                                                 "options":  [

                                                                                                                                                                                                             ],
                                                                                                                                                                                                 "entityKey":  "publisher",
                                                                                                                                                                                                 "booleanActions":  0,
                                                                                                                                                                                                 "policyType":  46,
                                                                                                                                                                                                 "enabled":  true
                                                                                                                                                                                             }
                                                                                                                                                                            }
                                                                                                                                                                        ],
                                                                                                                                                            "dataType":  21,
                                                                                                                                                            "category":  125,
                                                                                                                                                            "nameResourceKey":  "chooseSpecificApps",
                                                                                                                                                            "childSettings":  [

                                                                                                                                                                              ],
                                                                                                                                                            "options":  [

                                                                                                                                                                        ],
                                                                                                                                                            "entityKey":  "networkUsageRulesCellularRoamingDataList",
                                                                                                                                                            "booleanActions":  0,
                                                                                                                                                            "policyType":  46,
                                                                                                                                                            "enabled":  true
                                                                                                                                                        }
                                                                                                                                                    ],
                                                                                                                                       "enabled":  true
                                                                                                                                   }
                                                                                                                               ],
                                                                                                                   "entityKey":  "networkUsageRulesCellularRoamingDataBlockType",
                                                                                                                   "booleanActions":  0,
                                                                                                                   "defaultValue":  "none",
                                                                                                                   "unconfiguredValue":  "none",
                                                                                                                   "policyType":  46,
                                                                                                                   "enabled":  true
                                                                                                               }
                                                                                                           ],
                                                                                        "dataType":  5,
                                                                                        "category":  125,
                                                                                        "nameResourceKey":  "networkUsageRulesBlockCellularRoamingName",
                                                                                        "childSettings":  [

                                                                                                          ],
                                                                                        "options":  [

                                                                                                    ],
                                                                                        "booleanActions":  0,
                                                                                        "policyType":  46,
                                                                                        "enabled":  true
                                                                                    }
                                                                                ],
                                                              "options":  [

                                                                          ],
                                                              "booleanActions":  0,
                                                              "policyType":  46,
                                                              "enabled":  true
                                                          }
                                                      ],
                                    "options":  [

                                                ],
                                    "booleanActions":  0,
                                    "policyType":  46,
                                    "enabled":  true
                                },
                                {
                                    "isSettingDescription":  false,
                                    "showAsSectionHeader":  true,
                                    "dataType":  8,
                                    "category":  125,
                                    "nameResourceKey":  "automatedDeviceEnrollmentHeaderName",
                                    "descriptionResourceKey":  "automatedDeviceEnrollmentHeaderDescription",
                                    "childSettings":  [
                                                          {
                                                              "dataType":  0,
                                                              "category":  125,
                                                              "nameResourceKey":  "blockCellularAppDataModificationName",
                                                              "descriptionResourceKey":  "blockCellularAppDataModificationDescription",
                                                              "childSettings":  [

                                                                                ],
                                                              "options":  [

                                                                          ],
                                                              "entityKey":  "cellularBlockPerAppDataModification",
                                                              "booleanActions":  9,
                                                              "defaultValue":  false,
                                                              "policyType":  46,
                                                              "enabled":  true
                                                          },
                                                          {
                                                              "dataType":  0,
                                                              "category":  125,
                                                              "nameResourceKey":  "blockCellularPlanModificationName",
                                                              "childSettings":  [

                                                                                ],
                                                              "options":  [

                                                                          ],
                                                              "entityKey":  "cellularBlockPlanModification",
                                                              "booleanActions":  9,
                                                              "defaultValue":  false,
                                                              "policyType":  46,
                                                              "enabled":  true
                                                          },
                                                          {
                                                              "dataType":  0,
                                                              "category":  125,
                                                              "nameResourceKey":  "blockPersonalHotspotModificationName",
                                                              "descriptionResourceKey":  "blockPersonalHotspotModificationDescription",
                                                              "childSettings":  [

                                                                                ],
                                                              "options":  [

                                                                          ],
                                                              "entityKey":  "cellularBlockPersonalHotspotModification",
                                                              "booleanActions":  9,
                                                              "defaultValue":  false,
                                                              "policyType":  46,
                                                              "enabled":  true
                                                          },
                                                          {
                                                              "dataType":  0,
                                                              "category":  125,
                                                              "nameResourceKey":  "wiFiForceOnlyConfiguredNetworksName",
                                                              "descriptionResourceKey":  "wiFiForceOnlyConfiguredNetworksDescription",
                                                              "childSettings":  [

                                                                                ],
                                                              "options":  [

                                                                          ],
                                                              "entityKey":  "wiFiConnectOnlyToConfiguredNetworks",
                                                              "booleanActions":  9,
                                                              "defaultValue":  false,
                                                              "policyType":  46,
                                                              "enabled":  true
                                                          },
                                                          {
                                                              "dataType":  0,
                                                              "category":  125,
                                                              "nameResourceKey":  "wifiPowerOnForcedName",
                                                              "descriptionResourceKey":  "wifiPowerOnForcedDescription",
                                                              "childSettings":  [

                                                                                ],
                                                              "options":  [

                                                                          ],
                                                              "entityKey":  "wifiPowerOnForced",
                                                              "booleanActions":  9,
                                                              "defaultValue":  false,
                                                              "policyType":  46,
                                                              "enabled":  true
                                                          },
                                                          {
                                                              "dataType":  0,
                                                              "category":  125,
                                                              "nameResourceKey":  "wiFiToAllowedNetworksOnlyForcedName",
                                                              "descriptionResourceKey":  "wiFiToAllowedNetworksOnlyForcedDescription",
                                                              "childSettings":  [

                                                                                ],
                                                              "options":  [

                                                                          ],
                                                              "entityKey":  "wiFiConnectToAllowedNetworksOnlyForced",
                                                              "booleanActions":  9,
                                                              "defaultValue":  false,
                                                              "policyType":  46,
                                                              "enabled":  true
                                                          }
                                                      ],
                                    "options":  [

                                                ],
                                    "booleanActions":  0,
                                    "policyType":  46,
                                    "enabled":  true
                                }
                            ]
}
