<?xml version="1.0" encoding="utf-8"?>
<helpItems schema="maml" xmlns="http://msh">
  <command:command xmlns:maml="http://schemas.microsoft.com/maml/2004/10" xmlns:command="http://schemas.microsoft.com/maml/dev/command/2004/10" xmlns:dev="http://schemas.microsoft.com/maml/dev/2004/10" xmlns:MSHelp="http://msdn.microsoft.com/mshelp">
    <command:details>
      <command:name>Connect-AzureAD</command:name>
      <command:verb>Connect</command:verb>
      <command:noun>AzureAD</command:noun>
      <maml:description>
        <maml:para>Stellt eine Verbindung mit einem authentifizierten Konto her, das für Azure Active Directory-Cmdletanforderungen verwendet werden soll.</maml:para>
      </maml:description>
    </command:details>
    <maml:description>
      <maml:para>Das Cmdlet "Connect-AzureAD" stellt eine Verbindung mit einem authentifizierten Konto her, das für Azure Active Directory-Cmdletanforderungen verwendet werden soll.</maml:para>
      <maml:para>Dieses authentifizierte Konto kann nur mit Azure Active Directory-Cmdlets verwendet werden.</maml:para>
    </maml:description>
    <command:syntax>
      <command:syntaxItem>
        <maml:name>Connect-AzureAD</maml:name>
        <command:parameter required="true" variableLength="true" globbing="false" pipelineInput="False" position="named" aliases="none">
          <maml:name>AadAccessToken</maml:name>
          <maml:Description>
            <maml:para>Gibt ein Zugriffstoken für Azure Active Directory Graph an.</maml:para>
          </maml:Description>
          <command:parameterValue required="true" variableLength="false">String</command:parameterValue>
          <dev:type>
            <maml:name>String</maml:name>
            <maml:uri/>
          </dev:type>
          <dev:defaultValue>None</dev:defaultValue>
        </command:parameter>
        <command:parameter required="true" variableLength="true" globbing="false" pipelineInput="False" position="named" aliases="none">
          <maml:name>AccountId</maml:name>
          <maml:Description>
            <maml:para>Gibt die ID eines Kontos an. Sie müssen den UPN des Benutzers bei der Authentifizierung mit einem Benutzerzugriffstoken angeben.</maml:para>
          </maml:Description>
          <command:parameterValue required="true" variableLength="false">String</command:parameterValue>
          <dev:type>
            <maml:name>String</maml:name>
            <maml:uri/>
          </dev:type>
          <dev:defaultValue>None</dev:defaultValue>
        </command:parameter>
        <command:parameter required="false" variableLength="true" globbing="false" pipelineInput="False" position="named" aliases="none">
          <maml:name>AzureEnvironmentName</maml:name>
          <maml:Description>
            <maml:para>Gibt den Namen der Azure-Umgebung an. Zulässige Werte für diesen Parameter: </maml:para>
            <maml:para>- AzureCloud</maml:para>
            <maml:para>- AzureChinaCloud</maml:para>
            <maml:para>- AzureUSGovernment</maml:para>
            <maml:para>- AzureGermanyCloud</maml:para>
            <maml:para></maml:para>
            <maml:para>Der Standardwert lautet "AzureCloud".</maml:para>
          </maml:Description>
          <command:parameterValue required="true" variableLength="false">EnvironmentName</command:parameterValue>
          <dev:type>
            <maml:name>EnvironmentName</maml:name>
            <maml:uri/>
          </dev:type>
          <dev:defaultValue>None</dev:defaultValue>
        </command:parameter>
        <command:parameter required="false" variableLength="true" globbing="false" pipelineInput="False" position="named" aliases="infa">
          <maml:name>InformationAction</maml:name>
          <maml:Description>
            <maml:para>Gibt an, wie dieses Cmdlet auf ein Informationsereignis reagiert. Zulässige Werte für diesen Parameter:</maml:para>
            <maml:para>- Continue</maml:para>
            <maml:para>- Ignore</maml:para>
            <maml:para>- Inquire</maml:para>
            <maml:para>- SilentlyContinue</maml:para>
            <maml:para>- Stop</maml:para>
            <maml:para>- Suspend</maml:para>
          </maml:Description>
          <command:parameterValue required="true" variableLength="false">ActionPreference</command:parameterValue>
          <dev:type>
            <maml:name>ActionPreference</maml:name>
            <maml:uri/>
          </dev:type>
          <dev:defaultValue>None</dev:defaultValue>
        </command:parameter>
        <command:parameter required="false" variableLength="true" globbing="false" pipelineInput="False" position="named" aliases="iv">
          <maml:name>InformationVariable</maml:name>
          <maml:Description>
            <maml:para>Gibt eine Variable an, in der eine Informationsereignismeldung gespeichert wird.</maml:para>
          </maml:Description>
          <command:parameterValue required="true" variableLength="false">String</command:parameterValue>
          <dev:type>
            <maml:name>String</maml:name>
            <maml:uri/>
          </dev:type>
          <dev:defaultValue>None</dev:defaultValue>
        </command:parameter>
        <command:parameter required="false" variableLength="true" globbing="false" pipelineInput="False" position="named" aliases="none">
          <maml:name>LogLevel</maml:name>
          <maml:Description>
            <maml:para>Gibt den Protokolliergrad an. Zulässige Werte für diesen Parameter: </maml:para>
            <maml:para>- Info</maml:para>
            <maml:para>- Error</maml:para>
            <maml:para>- Warning</maml:para>
            <maml:para>- None</maml:para>
            <maml:para></maml:para>
            <maml:para>Der Standardwert lautet "Info".</maml:para>
          </maml:Description>
          <command:parameterValue required="true" variableLength="false">LogLevel</command:parameterValue>
          <dev:type>
            <maml:name>LogLevel</maml:name>
            <maml:uri/>
          </dev:type>
          <dev:defaultValue>None</dev:defaultValue>
        </command:parameter>
        <command:parameter required="false" variableLength="true" globbing="false" pipelineInput="False" position="named" aliases="none">
          <maml:name>MsAccessToken</maml:name>
          <maml:Description>
            <maml:para>Gibt ein Microsoft Graph-Zugriffstoken an.</maml:para>
          </maml:Description>
          <command:parameterValue required="true" variableLength="false">String</command:parameterValue>
          <dev:type>
            <maml:name>String</maml:name>
            <maml:uri/>
          </dev:type>
          <dev:defaultValue>None</dev:defaultValue>
        </command:parameter>
        <command:parameter required="false" variableLength="true" globbing="false" pipelineInput="False" position="named" aliases="Domain, TenantDomain">
          <maml:name>TenantId</maml:name>
          <maml:Description>
            <maml:para>Gibt die ID eines Mandanten an.</maml:para>
            <maml:para>Wenn Sie diesen Parameter nicht angeben, wird das Konto beim Basismandanten authentifiziert.</maml:para>
            <maml:para>Zur Authentifizierung als Dienstprinzipal oder bei Verwendung des Microsoft-Kontos müssen Sie den TenantId-Parameter angeben.</maml:para>
          </maml:Description>
          <command:parameterValue required="true" variableLength="false">String</command:parameterValue>
          <dev:type>
            <maml:name>String</maml:name>
            <maml:uri/>
          </dev:type>
          <dev:defaultValue>None</dev:defaultValue>
        </command:parameter>
        <command:parameter required="false" variableLength="true" globbing="false" pipelineInput="False" position="named" aliases="cf">
          <maml:name>Confirm</maml:name>
          <maml:Description>
            <maml:para>Hiermit werden Sie vor der Ausführung des Cmdlets zur Bestätigung aufgefordert.</maml:para>
          </maml:Description>
          <dev:type>
            <maml:name>SwitchParameter</maml:name>
            <maml:uri/>
          </dev:type>
          <dev:defaultValue>False</dev:defaultValue>
        </command:parameter>
        <command:parameter required="false" variableLength="true" globbing="false" pipelineInput="False" position="named" aliases="wi">
          <maml:name>WhatIf</maml:name>
          <maml:Description>
            <maml:para>Zeigt, was geschieht, wenn das Cmdlet ausgeführt wird. Das Cmdlet wird nicht ausgeführt.</maml:para>
          </maml:Description>
          <dev:type>
            <maml:name>SwitchParameter</maml:name>
            <maml:uri/>
          </dev:type>
          <dev:defaultValue>False</dev:defaultValue>
        </command:parameter>
        <command:parameter required="false" variableLength="true" globbing="false" pipelineInput="False" position="named" aliases="none">
          <maml:name>LogFilePath</maml:name>
          <maml:Description>
            <maml:para>Der Pfad, in den die Protokolldatei für diese PowerShell-Sitzung geschrieben wird. Geben Sie hier einen Wert ein, wenn Sie nicht den Standardspeicherort für PowerShell-Protokolldateien verwenden möchten.</maml:para>
          </maml:Description>
          <command:parameterValue required="true" variableLength="false">String</command:parameterValue>
          <dev:type>
            <maml:name>String</maml:name>
            <maml:uri/>
          </dev:type>
          <dev:defaultValue>None</dev:defaultValue>
        </command:parameter>
      </command:syntaxItem>
      <command:syntaxItem>
        <maml:name>Connect-AzureAD</maml:name>
        <command:parameter required="false" variableLength="true" globbing="false" pipelineInput="False" position="named" aliases="none">
          <maml:name>AccountId</maml:name>
          <maml:Description>
            <maml:para>Gibt die ID eines Kontos an. Sie müssen den UPN des Benutzers bei der Authentifizierung mit einem Benutzerzugriffstoken angeben.</maml:para>
          </maml:Description>
          <command:parameterValue required="true" variableLength="false">String</command:parameterValue>
          <dev:type>
            <maml:name>String</maml:name>
            <maml:uri/>
          </dev:type>
          <dev:defaultValue>None</dev:defaultValue>
        </command:parameter>
        <command:parameter required="false" variableLength="true" globbing="false" pipelineInput="False" position="named" aliases="none">
          <maml:name>AzureEnvironmentName</maml:name>
          <maml:Description>
            <maml:para>Gibt den Namen der Azure-Umgebung an. Zulässige Werte für diesen Parameter: </maml:para>
            <maml:para>- AzureCloud</maml:para>
            <maml:para>- AzureChinaCloud</maml:para>
            <maml:para>- AzureUSGovernment</maml:para>
            <maml:para>- AzureGermanyCloud</maml:para>
            <maml:para></maml:para>
            <maml:para>Der Standardwert lautet "AzureCloud".</maml:para>
          </maml:Description>
          <command:parameterValue required="true" variableLength="false">EnvironmentName</command:parameterValue>
          <dev:type>
            <maml:name>EnvironmentName</maml:name>
            <maml:uri/>
          </dev:type>
          <dev:defaultValue>None</dev:defaultValue>
        </command:parameter>
        <command:parameter required="false" variableLength="true" globbing="false" pipelineInput="False" position="named" aliases="none">
          <maml:name>Credential</maml:name>
          <maml:Description>
            <maml:para>Gibt ein PSCredential-Objekt an. Um weitere Informationen über das PSCredential-Objekt zu erhalten, geben Sie "Get-Help Get-Credential" ein.</maml:para>
            <maml:para>Das PSCredential-Objekt stellt die Benutzer-ID und das Kennwort für die Anmeldeinformationen der Organisations-ID bereit.</maml:para>
          </maml:Description>
          <command:parameterValue required="true" variableLength="false">PSCredential</command:parameterValue>
          <dev:type>
            <maml:name>PSCredential</maml:name>
            <maml:uri/>
          </dev:type>
          <dev:defaultValue>None</dev:defaultValue>
        </command:parameter>
        <command:parameter required="false" variableLength="true" globbing="false" pipelineInput="False" position="named" aliases="infa">
          <maml:name>InformationAction</maml:name>
          <maml:Description>
            <maml:para>Gibt an, wie dieses Cmdlet auf ein Informationsereignis reagiert. Zulässige Werte für diesen Parameter:</maml:para>
            <maml:para>- Continue</maml:para>
            <maml:para>- Ignore</maml:para>
            <maml:para>- Inquire</maml:para>
            <maml:para>- SilentlyContinue</maml:para>
            <maml:para>- Stop</maml:para>
            <maml:para>- Suspend</maml:para>
          </maml:Description>
          <command:parameterValue required="true" variableLength="false">ActionPreference</command:parameterValue>
          <dev:type>
            <maml:name>ActionPreference</maml:name>
            <maml:uri/>
          </dev:type>
          <dev:defaultValue>None</dev:defaultValue>
        </command:parameter>
        <command:parameter required="false" variableLength="true" globbing="false" pipelineInput="False" position="named" aliases="iv">
          <maml:name>InformationVariable</maml:name>
          <maml:Description>
            <maml:para>Gibt eine Variable an, in der eine Informationsereignismeldung gespeichert wird.</maml:para>
          </maml:Description>
          <command:parameterValue required="true" variableLength="false">String</command:parameterValue>
          <dev:type>
            <maml:name>String</maml:name>
            <maml:uri/>
          </dev:type>
          <dev:defaultValue>None</dev:defaultValue>
        </command:parameter>
        <command:parameter required="false" variableLength="true" globbing="false" pipelineInput="False" position="named" aliases="none">
          <maml:name>LogLevel</maml:name>
          <maml:Description>
            <maml:para>Gibt den Protokolliergrad an. Zulässige Werte für diesen Parameter: </maml:para>
            <maml:para>- Info</maml:para>
            <maml:para>- Error</maml:para>
            <maml:para>- Warning</maml:para>
            <maml:para>- None</maml:para>
            <maml:para></maml:para>
            <maml:para>Der Standardwert lautet "Info".</maml:para>
          </maml:Description>
          <command:parameterValue required="true" variableLength="false">LogLevel</command:parameterValue>
          <dev:type>
            <maml:name>LogLevel</maml:name>
            <maml:uri/>
          </dev:type>
          <dev:defaultValue>None</dev:defaultValue>
        </command:parameter>
        <command:parameter required="false" variableLength="true" globbing="false" pipelineInput="False" position="named" aliases="Domain, TenantDomain">
          <maml:name>TenantId</maml:name>
          <maml:Description>
            <maml:para>Gibt die ID eines Mandanten an.</maml:para>
            <maml:para>Wenn Sie diesen Parameter nicht angeben, wird das Konto beim Basismandanten authentifiziert.</maml:para>
            <maml:para>Zur Authentifizierung als Dienstprinzipal oder bei Verwendung des Microsoft-Kontos müssen Sie den TenantId-Parameter angeben.</maml:para>
          </maml:Description>
          <command:parameterValue required="true" variableLength="false">String</command:parameterValue>
          <dev:type>
            <maml:name>String</maml:name>
            <maml:uri/>
          </dev:type>
          <dev:defaultValue>None</dev:defaultValue>
        </command:parameter>
        <command:parameter required="false" variableLength="true" globbing="false" pipelineInput="False" position="named" aliases="cf">
          <maml:name>Confirm</maml:name>
          <maml:Description>
            <maml:para>Hiermit werden Sie vor der Ausführung des Cmdlets zur Bestätigung aufgefordert.</maml:para>
          </maml:Description>
          <dev:type>
            <maml:name>SwitchParameter</maml:name>
            <maml:uri/>
          </dev:type>
          <dev:defaultValue>False</dev:defaultValue>
        </command:parameter>
        <command:parameter required="false" variableLength="true" globbing="false" pipelineInput="False" position="named" aliases="wi">
          <maml:name>WhatIf</maml:name>
          <maml:Description>
            <maml:para>Zeigt, was geschieht, wenn das Cmdlet ausgeführt wird. Das Cmdlet wird nicht ausgeführt.</maml:para>
          </maml:Description>
          <dev:type>
            <maml:name>SwitchParameter</maml:name>
            <maml:uri/>
          </dev:type>
          <dev:defaultValue>False</dev:defaultValue>
        </command:parameter>
        <command:parameter required="false" variableLength="true" globbing="false" pipelineInput="False" position="named" aliases="none">
          <maml:name>LogFilePath</maml:name>
          <maml:Description>
            <maml:para>Der Pfad, in den die Protokolldatei für diese PowerShell-Sitzung geschrieben wird. Geben Sie hier einen Wert ein, wenn Sie nicht den Standardspeicherort für PowerShell-Protokolldateien verwenden möchten.</maml:para>
          </maml:Description>
          <command:parameterValue required="true" variableLength="false">String</command:parameterValue>
          <dev:type>
            <maml:name>String</maml:name>
            <maml:uri/>
          </dev:type>
          <dev:defaultValue>None</dev:defaultValue>
        </command:parameter>
      </command:syntaxItem>
      <command:syntaxItem>
        <maml:name>Connect-AzureAD</maml:name>
        <command:parameter required="true" variableLength="true" globbing="false" pipelineInput="False" position="named" aliases="none">
          <maml:name>ApplicationId</maml:name>
          <maml:Description>
            <maml:para>Gibt die Anwendungs-ID des Dienstprinzipals an.</maml:para>
          </maml:Description>
          <command:parameterValue required="true" variableLength="false">String</command:parameterValue>
          <dev:type>
            <maml:name>String</maml:name>
            <maml:uri/>
          </dev:type>
          <dev:defaultValue>None</dev:defaultValue>
        </command:parameter>
        <command:parameter required="false" variableLength="true" globbing="false" pipelineInput="False" position="named" aliases="none">
          <maml:name>AzureEnvironmentName</maml:name>
          <maml:Description>
            <maml:para>Gibt den Namen der Azure-Umgebung an. Zulässige Werte für diesen Parameter: </maml:para>
            <maml:para>- AzureCloud</maml:para>
            <maml:para>- AzureChinaCloud</maml:para>
            <maml:para>- AzureUSGovernment</maml:para>
            <maml:para>- AzureGermanyCloud</maml:para>
            <maml:para></maml:para>
            <maml:para>Der Standardwert lautet "AzureCloud".</maml:para>
          </maml:Description>
          <command:parameterValue required="true" variableLength="false">EnvironmentName</command:parameterValue>
          <dev:type>
            <maml:name>EnvironmentName</maml:name>
            <maml:uri/>
          </dev:type>
          <dev:defaultValue>None</dev:defaultValue>
        </command:parameter>
        <command:parameter required="true" variableLength="true" globbing="false" pipelineInput="False" position="named" aliases="none">
          <maml:name>CertificateThumbprint</maml:name>
          <maml:Description>
            <maml:para>Gibt den Zertifikatfingerabdruck eines digitalen X.509-Zertifikats mit öffentlichem Schlüssel für ein Benutzerkonto an, das die Berechtigung zum Durchführen dieser Aktion besitzt.</maml:para>
          </maml:Description>
          <command:parameterValue required="true" variableLength="false">String</command:parameterValue>
          <dev:type>
            <maml:name>String</maml:name>
            <maml:uri/>
          </dev:type>
          <dev:defaultValue>None</dev:defaultValue>
        </command:parameter>
        <command:parameter required="false" variableLength="true" globbing="false" pipelineInput="False" position="named" aliases="infa">
          <maml:name>InformationAction</maml:name>
          <maml:Description>
            <maml:para>Gibt an, wie dieses Cmdlet auf ein Informationsereignis reagiert. Zulässige Werte für diesen Parameter:</maml:para>
            <maml:para>- Continue</maml:para>
            <maml:para>- Ignore</maml:para>
            <maml:para>- Inquire</maml:para>
            <maml:para>- SilentlyContinue</maml:para>
            <maml:para>- Stop</maml:para>
            <maml:para>- Suspend</maml:para>
          </maml:Description>
          <command:parameterValue required="true" variableLength="false">ActionPreference</command:parameterValue>
          <dev:type>
            <maml:name>ActionPreference</maml:name>
            <maml:uri/>
          </dev:type>
          <dev:defaultValue>None</dev:defaultValue>
        </command:parameter>
        <command:parameter required="false" variableLength="true" globbing="false" pipelineInput="False" position="named" aliases="iv">
          <maml:name>InformationVariable</maml:name>
          <maml:Description>
            <maml:para>Gibt eine Variable an, in der eine Informationsereignismeldung gespeichert wird.</maml:para>
          </maml:Description>
          <command:parameterValue required="true" variableLength="false">String</command:parameterValue>
          <dev:type>
            <maml:name>String</maml:name>
            <maml:uri/>
          </dev:type>
          <dev:defaultValue>None</dev:defaultValue>
        </command:parameter>
        <command:parameter required="false" variableLength="true" globbing="false" pipelineInput="False" position="named" aliases="none">
          <maml:name>LogLevel</maml:name>
          <maml:Description>
            <maml:para>Gibt den Protokolliergrad an. Zulässige Werte für diesen Parameter: </maml:para>
            <maml:para>- Info</maml:para>
            <maml:para>- Error</maml:para>
            <maml:para>- Warning</maml:para>
            <maml:para>- None</maml:para>
            <maml:para></maml:para>
            <maml:para>Der Standardwert lautet "Info".</maml:para>
          </maml:Description>
          <command:parameterValue required="true" variableLength="false">LogLevel</command:parameterValue>
          <dev:type>
            <maml:name>LogLevel</maml:name>
            <maml:uri/>
          </dev:type>
          <dev:defaultValue>None</dev:defaultValue>
        </command:parameter>
        <command:parameter required="true" variableLength="true" globbing="false" pipelineInput="False" position="named" aliases="Domain, TenantDomain">
          <maml:name>TenantId</maml:name>
          <maml:Description>
            <maml:para>Gibt die ID eines Mandanten an.</maml:para>
            <maml:para>Wenn Sie diesen Parameter nicht angeben, wird das Konto beim Basismandanten authentifiziert.</maml:para>
            <maml:para>Zur Authentifizierung als Dienstprinzipal oder bei Verwendung des Microsoft-Kontos müssen Sie den TenantId-Parameter angeben.</maml:para>
          </maml:Description>
          <command:parameterValue required="true" variableLength="false">String</command:parameterValue>
          <dev:type>
            <maml:name>String</maml:name>
            <maml:uri/>
          </dev:type>
          <dev:defaultValue>None</dev:defaultValue>
        </command:parameter>
        <command:parameter required="false" variableLength="true" globbing="false" pipelineInput="False" position="named" aliases="cf">
          <maml:name>Confirm</maml:name>
          <maml:Description>
            <maml:para>Hiermit werden Sie vor der Ausführung des Cmdlets zur Bestätigung aufgefordert.</maml:para>
          </maml:Description>
          <dev:type>
            <maml:name>SwitchParameter</maml:name>
            <maml:uri/>
          </dev:type>
          <dev:defaultValue>False</dev:defaultValue>
        </command:parameter>
        <command:parameter required="false" variableLength="true" globbing="false" pipelineInput="False" position="named" aliases="wi">
          <maml:name>WhatIf</maml:name>
          <maml:Description>
            <maml:para>Zeigt, was geschieht, wenn das Cmdlet ausgeführt wird. Das Cmdlet wird nicht ausgeführt.</maml:para>
          </maml:Description>
          <dev:type>
            <maml:name>SwitchParameter</maml:name>
            <maml:uri/>
          </dev:type>
          <dev:defaultValue>False</dev:defaultValue>
        </command:parameter>
        <command:parameter required="false" variableLength="true" globbing="false" pipelineInput="False" position="named" aliases="none">
          <maml:name>LogFilePath</maml:name>
          <maml:Description>
            <maml:para>Der Pfad, in den die Protokolldatei für diese PowerShell-Sitzung geschrieben wird. Geben Sie hier einen Wert ein, wenn Sie nicht den Standardspeicherort für PowerShell-Protokolldateien verwenden möchten.</maml:para>
          </maml:Description>
          <command:parameterValue required="true" variableLength="false">String</command:parameterValue>
          <dev:type>
            <maml:name>String</maml:name>
            <maml:uri/>
          </dev:type>
          <dev:defaultValue>None</dev:defaultValue>
        </command:parameter>
      </command:syntaxItem>
    </command:syntax>
    <command:parameters>
      <command:parameter required="true" variableLength="true" globbing="false" pipelineInput="False" position="named" aliases="none">
        <maml:name>AadAccessToken</maml:name>
        <maml:Description>
          <maml:para>Gibt ein Zugriffstoken für Azure Active Directory Graph an.</maml:para>
        </maml:Description>
        <command:parameterValue required="true" variableLength="false">String</command:parameterValue>
        <dev:type>
          <maml:name>String</maml:name>
          <maml:uri/>
        </dev:type>
        <dev:defaultValue>None</dev:defaultValue>
      </command:parameter>
      <command:parameter required="false" variableLength="true" globbing="false" pipelineInput="False" position="named" aliases="none">
        <maml:name>AccountId</maml:name>
        <maml:Description>
          <maml:para>Gibt die ID eines Kontos an. Sie müssen den UPN des Benutzers bei der Authentifizierung mit einem Benutzerzugriffstoken angeben.</maml:para>
        </maml:Description>
        <command:parameterValue required="true" variableLength="false">String</command:parameterValue>
        <dev:type>
          <maml:name>String</maml:name>
          <maml:uri/>
        </dev:type>
        <dev:defaultValue>None</dev:defaultValue>
      </command:parameter>
      <command:parameter required="true" variableLength="true" globbing="false" pipelineInput="False" position="named" aliases="none">
        <maml:name>ApplicationId</maml:name>
        <maml:Description>
          <maml:para>Gibt die Anwendungs-ID des Dienstprinzipals an.</maml:para>
        </maml:Description>
        <command:parameterValue required="true" variableLength="false">String</command:parameterValue>
        <dev:type>
          <maml:name>String</maml:name>
          <maml:uri/>
        </dev:type>
        <dev:defaultValue>None</dev:defaultValue>
      </command:parameter>
      <command:parameter required="false" variableLength="true" globbing="false" pipelineInput="False" position="named" aliases="none">
        <maml:name>AzureEnvironmentName</maml:name>
        <maml:Description>
          <maml:para>Gibt den Namen der Azure-Umgebung an. Zulässige Werte für diesen Parameter: </maml:para>
          <maml:para>- AzureCloud</maml:para>
          <maml:para>- AzureChinaCloud</maml:para>
          <maml:para>- AzureUSGovernment</maml:para>
          <maml:para>- AzureGermanyCloud</maml:para>
          <maml:para></maml:para>
          <maml:para>Der Standardwert lautet "AzureCloud".</maml:para>
        </maml:Description>
        <command:parameterValue required="true" variableLength="false">EnvironmentName</command:parameterValue>
        <dev:type>
          <maml:name>EnvironmentName</maml:name>
          <maml:uri/>
        </dev:type>
        <dev:defaultValue>None</dev:defaultValue>
      </command:parameter>
      <command:parameter required="true" variableLength="true" globbing="false" pipelineInput="False" position="named" aliases="none">
        <maml:name>CertificateThumbprint</maml:name>
        <maml:Description>
          <maml:para>Gibt den Zertifikatfingerabdruck eines digitalen X.509-Zertifikats mit öffentlichem Schlüssel für ein Benutzerkonto an, das die Berechtigung zum Durchführen dieser Aktion besitzt.</maml:para>
        </maml:Description>
        <command:parameterValue required="true" variableLength="false">String</command:parameterValue>
        <dev:type>
          <maml:name>String</maml:name>
          <maml:uri/>
        </dev:type>
        <dev:defaultValue>None</dev:defaultValue>
      </command:parameter>
      <command:parameter required="false" variableLength="true" globbing="false" pipelineInput="False" position="named" aliases="none">
        <maml:name>Credential</maml:name>
        <maml:Description>
          <maml:para>Gibt ein PSCredential-Objekt an. Um weitere Informationen über das PSCredential-Objekt zu erhalten, geben Sie "Get-Help Get-Credential" ein.</maml:para>
          <maml:para>Das PSCredential-Objekt stellt die Benutzer-ID und das Kennwort für die Anmeldeinformationen der Organisations-ID bereit.</maml:para>
        </maml:Description>
        <command:parameterValue required="true" variableLength="false">PSCredential</command:parameterValue>
        <dev:type>
          <maml:name>PSCredential</maml:name>
          <maml:uri/>
        </dev:type>
        <dev:defaultValue>None</dev:defaultValue>
      </command:parameter>
      <command:parameter required="false" variableLength="true" globbing="false" pipelineInput="False" position="named" aliases="infa">
        <maml:name>InformationAction</maml:name>
        <maml:Description>
          <maml:para>Gibt an, wie dieses Cmdlet auf ein Informationsereignis reagiert. Zulässige Werte für diesen Parameter:</maml:para>
          <maml:para>- Continue</maml:para>
          <maml:para>- Ignore</maml:para>
          <maml:para>- Inquire</maml:para>
          <maml:para>- SilentlyContinue</maml:para>
          <maml:para>- Stop</maml:para>
          <maml:para>- Suspend</maml:para>
        </maml:Description>
        <command:parameterValue required="true" variableLength="false">ActionPreference</command:parameterValue>
        <dev:type>
          <maml:name>ActionPreference</maml:name>
          <maml:uri/>
        </dev:type>
        <dev:defaultValue>None</dev:defaultValue>
      </command:parameter>
      <command:parameter required="false" variableLength="true" globbing="false" pipelineInput="False" position="named" aliases="iv">
        <maml:name>InformationVariable</maml:name>
        <maml:Description>
          <maml:para>Gibt eine Variable an, in der eine Informationsereignismeldung gespeichert wird.</maml:para>
        </maml:Description>
        <command:parameterValue required="true" variableLength="false">String</command:parameterValue>
        <dev:type>
          <maml:name>String</maml:name>
          <maml:uri/>
        </dev:type>
        <dev:defaultValue>None</dev:defaultValue>
      </command:parameter>
      <command:parameter required="false" variableLength="true" globbing="false" pipelineInput="False" position="named" aliases="none">
        <maml:name>LogLevel</maml:name>
        <maml:Description>
          <maml:para>Gibt den Protokolliergrad an. Zulässige Werte für diesen Parameter: </maml:para>
          <maml:para>- Info</maml:para>
          <maml:para>- Error</maml:para>
          <maml:para>- Warning</maml:para>
          <maml:para>- None</maml:para>
          <maml:para></maml:para>
          <maml:para>Der Standardwert lautet "Info".</maml:para>
        </maml:Description>
        <command:parameterValue required="true" variableLength="false">LogLevel</command:parameterValue>
        <dev:type>
          <maml:name>LogLevel</maml:name>
          <maml:uri/>
        </dev:type>
        <dev:defaultValue>None</dev:defaultValue>
      </command:parameter>
      <command:parameter required="false" variableLength="true" globbing="false" pipelineInput="False" position="named" aliases="none">
        <maml:name>MsAccessToken</maml:name>
        <maml:Description>
          <maml:para>Gibt ein Microsoft Graph-Zugriffstoken an.</maml:para>
        </maml:Description>
        <command:parameterValue required="true" variableLength="false">String</command:parameterValue>
        <dev:type>
          <maml:name>String</maml:name>
          <maml:uri/>
        </dev:type>
        <dev:defaultValue>None</dev:defaultValue>
      </command:parameter>
      <command:parameter required="false" variableLength="true" globbing="false" pipelineInput="False" position="named" aliases="Domain, TenantDomain">
        <maml:name>TenantId</maml:name>
        <maml:Description>
          <maml:para>Gibt die ID eines Mandanten an.</maml:para>
          <maml:para>Wenn Sie diesen Parameter nicht angeben, wird das Konto beim Basismandanten authentifiziert.</maml:para>
          <maml:para>Zur Authentifizierung als Dienstprinzipal oder bei Verwendung des Microsoft-Kontos müssen Sie den TenantId-Parameter angeben.</maml:para>
        </maml:Description>
        <command:parameterValue required="true" variableLength="false">String</command:parameterValue>
        <dev:type>
          <maml:name>String</maml:name>
          <maml:uri/>
        </dev:type>
        <dev:defaultValue>None</dev:defaultValue>
      </command:parameter>
      <command:parameter required="false" variableLength="true" globbing="false" pipelineInput="False" position="named" aliases="cf">
        <maml:name>Confirm</maml:name>
        <maml:Description>
          <maml:para>Hiermit werden Sie vor der Ausführung des Cmdlets zur Bestätigung aufgefordert.</maml:para>
        </maml:Description>
        <command:parameterValue required="false" variableLength="false">SwitchParameter</command:parameterValue>
        <dev:type>
          <maml:name>SwitchParameter</maml:name>
          <maml:uri/>
        </dev:type>
        <dev:defaultValue>False</dev:defaultValue>
      </command:parameter>
      <command:parameter required="false" variableLength="true" globbing="false" pipelineInput="False" position="named" aliases="wi">
        <maml:name>WhatIf</maml:name>
        <maml:Description>
          <maml:para>Zeigt, was geschieht, wenn das Cmdlet ausgeführt wird. Das Cmdlet wird nicht ausgeführt.</maml:para>
        </maml:Description>
        <command:parameterValue required="false" variableLength="false">SwitchParameter</command:parameterValue>
        <dev:type>
          <maml:name>SwitchParameter</maml:name>
          <maml:uri/>
        </dev:type>
        <dev:defaultValue>False</dev:defaultValue>
      </command:parameter>
      <command:parameter required="false" variableLength="true" globbing="false" pipelineInput="False" position="named" aliases="none">
        <maml:name>LogFilePath</maml:name>
        <maml:Description>
          <maml:para>Der Pfad, in den die Protokolldatei für diese PowerShell-Sitzung geschrieben wird. Geben Sie hier einen Wert ein, wenn Sie nicht den Standardspeicherort für PowerShell-Protokolldateien verwenden möchten.</maml:para>
        </maml:Description>
        <command:parameterValue required="true" variableLength="false">String</command:parameterValue>
        <dev:type>
          <maml:name>String</maml:name>
          <maml:uri/>
        </dev:type>
        <dev:defaultValue>None</dev:defaultValue>
      </command:parameter>
    </command:parameters>
    <command:inputTypes/>
    <command:returnValues/>
    <maml:alertSet>
      <maml:alert>
        <maml:para></maml:para>
      </maml:alert>
    </maml:alertSet>
    <command:examples>
      <command:example>
        <maml:title>Beispiel 1: Verbinden einer PowerShell-Sitzung mit einem Mandanten</maml:title>
        <dev:code>PS C:\&gt; Connect-AzureAD -Confirm</dev:code>
        <dev:remarks>
          <maml:para>Mit diesem Befehl wird die aktuelle PowerShell-Sitzung mit einem Azure Active Directory-Mandanten verbunden. Der Befehl fordert Sie zur Eingabe eines Benutzernamens und eines Kennworts für den Mandanten auf, mit dem die Verbindung hergestellt werden soll. Aufgrund des Parameters "Confirm" müssen Sie den Vorgang bestätigen. </maml:para>
          <maml:para>Wenn die Multi-Faktor-Authentifizierung für Ihre Anmeldeinformationen aktiviert ist, müssen Sie sich über die interaktive Option oder die Dienstprinzipalauthentifizierung anmelden.</maml:para>
        </dev:remarks>
      </command:example>
      <command:example>
        <maml:title>Beispiel 2: Verbinden einer Sitzung mithilfe einer Variablen</maml:title>
        <dev:code>PS C:\&gt; $Credential = Get-Credential
PS C:\&gt; Connect-AzureAD -Credential $Credential</dev:code>
        <dev:remarks>
          <maml:para>Mit dem ersten Befehl werden die Benutzeranmeldeinformationen abgerufen und anschließend in der Variablen $Credential gespeichert.</maml:para>
          <maml:para>Mit dem zweiten Befehl wird die aktuelle PowerShell-Sitzung anhand der Anmeldeinformationen in $Credential verbunden.</maml:para>
          <maml:para>Dieses Konto authentifiziert sich bei Azure Active Directory über die Organisation-ID-Anmeldeinformationen. Sie können keine Multi-Faktor-Authentifizierung oder Microsoft-Kontoanmeldeinformationen verwenden, um Azure Active Directory-Cmdlets mit diesem Konto auszuführen.</maml:para>
        </dev:remarks>
      </command:example>
      <command:example>
        <maml:title>Beispiel 3: Verbinden einer Sitzung als Dienstprinzipal</maml:title>
        <dev:code># Login to Azure AD PowerShell With Admin Account
Connect-AzureAD 

# Create the self signed cert
$currentDate = Get-Date
$endDate = $currentDate.AddYears(1)
$notAfter = $endDate.AddYears(1)
$pwd = "&lt;password&gt;"
$thumb = (New-SelfSignedCertificate -CertStoreLocation cert:\localmachine\my -DnsName com.foo.bar -KeyExportPolicy Exportable -Provider "Microsoft Enhanced RSA and AES Cryptographic Provider" -NotAfter $notAfter).Thumbprint
$pwd = ConvertTo-SecureString -String $pwd -Force -AsPlainText
Export-PfxCertificate -cert "cert:\localmachine\my\$thumb" -FilePath c:\temp\examplecert.pfx -Password $pwd

# Load the certificate
$cert = New-Object System.Security.Cryptography.X509Certificates.X509Certificate("C:\temp\examplecert.pfx", $pwd)
$keyValue = [System.Convert]::ToBase64String($cert.GetRawCertData())


# Create the Azure Active Directory Application
$application = New-AzureADApplication -DisplayName "test123" -IdentifierUris "https://test123"
New-AzureADApplicationKeyCredential -ObjectId $application.ObjectId -CustomKeyIdentifier "Test123" -StartDate $currentDate -EndDate $endDate -Type AsymmetricX509Cert -Usage Verify -Value $keyValue

# Create the Service Principal and connect it to the Application
$sp=New-AzureADServicePrincipal -AppId $application.AppId

# Give the Service Principal Reader access to the current tenant (Get-AzureADDirectoryRole)
Add-AzureADDirectoryRoleMember -ObjectId 5997d714-c3b5-4d5b-9973-ec2f38fd49d5 -RefObjectId $sp.ObjectId

# Get Tenant Detail
$tenant=Get-AzureADTenantDetail
# Now you can login to Azure PowerShell with your Service Principal and Certificate
Connect-AzureAD -TenantId $tenant.ObjectId -ApplicationId  $sp.AppId -CertificateThumbprint $thumb</dev:code>
        <dev:remarks>
          <maml:para>Mit diesem Befehl wird der Benutzer bei Azure Active Directory als Dienstprinzipal authentifiziert.</maml:para>
        </dev:remarks>
      </command:example>
    </command:examples>
    <command:relatedLinks>
      <maml:navigationLink>
        <maml:linkText>Disconnet-AzureAD</maml:linkText>
        <maml:uri></maml:uri>
      </maml:navigationLink>
    </command:relatedLinks>
  </command:command>
  <command:command xmlns:maml="http://schemas.microsoft.com/maml/2004/10" xmlns:command="http://schemas.microsoft.com/maml/dev/command/2004/10" xmlns:dev="http://schemas.microsoft.com/maml/dev/2004/10" xmlns:MSHelp="http://msdn.microsoft.com/mshelp">
    <command:details>
      <command:name>Disconnect-AzureAD</command:name>
      <command:verb>Disconnect</command:verb>
      <command:noun>AzureAD</command:noun>
      <maml:description>
        <maml:para>Trennt die aktuelle Sitzung von einem Azure Active Directory-Mandanten.</maml:para>
      </maml:description>
    </command:details>
    <maml:description>
      <maml:para>Mit dem Cmdlet "Disconnect-AzureAD" wird die aktuelle Sitzung von einem Azure Active Directory-Mandanten getrennt.</maml:para>
    </maml:description>
    <command:syntax>
      <command:syntaxItem>
        <maml:name>Disconnect-AzureAD</maml:name>
        <command:parameter required="false" variableLength="true" globbing="false" pipelineInput="False" position="named" aliases="infa">
          <maml:name>InformationAction</maml:name>
          <maml:Description>
            <maml:para>Gibt an, wie dieses Cmdlet auf ein Informationsereignis reagiert. Zulässige Werte für diesen Parameter:</maml:para>
            <maml:para>- Continue</maml:para>
            <maml:para>- Ignore</maml:para>
            <maml:para>- Inquire</maml:para>
            <maml:para>- SilentlyContinue</maml:para>
            <maml:para>- Stop</maml:para>
            <maml:para>- Suspend</maml:para>
          </maml:Description>
          <command:parameterValue required="true" variableLength="false">ActionPreference</command:parameterValue>
          <dev:type>
            <maml:name>ActionPreference</maml:name>
            <maml:uri/>
          </dev:type>
          <dev:defaultValue>None</dev:defaultValue>
        </command:parameter>
        <command:parameter required="false" variableLength="true" globbing="false" pipelineInput="False" position="named" aliases="iv">
          <maml:name>InformationVariable</maml:name>
          <maml:Description>
            <maml:para>Gibt eine Variable an, in der eine Informationsereignismeldung gespeichert wird.</maml:para>
          </maml:Description>
          <command:parameterValue required="true" variableLength="false">String</command:parameterValue>
          <dev:type>
            <maml:name>String</maml:name>
            <maml:uri/>
          </dev:type>
          <dev:defaultValue>None</dev:defaultValue>
        </command:parameter>
        <command:parameter required="false" variableLength="true" globbing="false" pipelineInput="False" position="named" aliases="cf">
          <maml:name>Confirm</maml:name>
          <maml:Description>
            <maml:para>Fordert vor dem Ausführen des Cmdlets Ihre Bestätigung an.</maml:para>
          </maml:Description>
          <dev:type>
            <maml:name>SwitchParameter</maml:name>
            <maml:uri/>
          </dev:type>
          <dev:defaultValue>False</dev:defaultValue>
        </command:parameter>
        <command:parameter required="false" variableLength="true" globbing="false" pipelineInput="False" position="named" aliases="wi">
          <maml:name>WhatIf</maml:name>
          <maml:Description>
            <maml:para>Zeigt, was geschieht, wenn das Cmdlet ausgeführt wird. Das Cmdlet wird nicht ausgeführt.</maml:para>
          </maml:Description>
          <dev:type>
            <maml:name>SwitchParameter</maml:name>
            <maml:uri/>
          </dev:type>
          <dev:defaultValue>False</dev:defaultValue>
        </command:parameter>
      </command:syntaxItem>
    </command:syntax>
    <command:parameters>
      <command:parameter required="false" variableLength="true" globbing="false" pipelineInput="False" position="named" aliases="infa">
        <maml:name>InformationAction</maml:name>
        <maml:Description>
          <maml:para>Gibt an, wie dieses Cmdlet auf ein Informationsereignis reagiert. Zulässige Werte für diesen Parameter:</maml:para>
          <maml:para>- Continue</maml:para>
          <maml:para>- Ignore</maml:para>
          <maml:para>- Inquire</maml:para>
          <maml:para>- SilentlyContinue</maml:para>
          <maml:para>- Stop</maml:para>
          <maml:para>- Suspend</maml:para>
        </maml:Description>
        <command:parameterValue required="true" variableLength="false">ActionPreference</command:parameterValue>
        <dev:type>
          <maml:name>ActionPreference</maml:name>
          <maml:uri/>
        </dev:type>
        <dev:defaultValue>None</dev:defaultValue>
      </command:parameter>
      <command:parameter required="false" variableLength="true" globbing="false" pipelineInput="False" position="named" aliases="iv">
        <maml:name>InformationVariable</maml:name>
        <maml:Description>
          <maml:para>Gibt eine Variable an, in der eine Informationsereignismeldung gespeichert wird.</maml:para>
        </maml:Description>
        <command:parameterValue required="true" variableLength="false">String</command:parameterValue>
        <dev:type>
          <maml:name>String</maml:name>
          <maml:uri/>
        </dev:type>
        <dev:defaultValue>None</dev:defaultValue>
      </command:parameter>
      <command:parameter required="false" variableLength="true" globbing="false" pipelineInput="False" position="named" aliases="cf">
        <maml:name>Confirm</maml:name>
        <maml:Description>
          <maml:para>Fordert vor dem Ausführen des Cmdlets Ihre Bestätigung an.</maml:para>
        </maml:Description>
        <command:parameterValue required="false" variableLength="false">SwitchParameter</command:parameterValue>
        <dev:type>
          <maml:name>SwitchParameter</maml:name>
          <maml:uri/>
        </dev:type>
        <dev:defaultValue>False</dev:defaultValue>
      </command:parameter>
      <command:parameter required="false" variableLength="true" globbing="false" pipelineInput="False" position="named" aliases="wi">
        <maml:name>WhatIf</maml:name>
        <maml:Description>
          <maml:para>Zeigt, was geschieht, wenn das Cmdlet ausgeführt wird. Das Cmdlet wird nicht ausgeführt.</maml:para>
        </maml:Description>
        <command:parameterValue required="false" variableLength="false">SwitchParameter</command:parameterValue>
        <dev:type>
          <maml:name>SwitchParameter</maml:name>
          <maml:uri/>
        </dev:type>
        <dev:defaultValue>False</dev:defaultValue>
      </command:parameter>
    </command:parameters>
    <command:inputTypes/>
    <command:returnValues/>
    <maml:alertSet>
      <maml:alert>
        <maml:para></maml:para>
      </maml:alert>
    </maml:alertSet>
    <command:examples>
      <command:example>
        <maml:title>Beispiel 1: Trennen Ihrer Sitzung von einem Mandanten</maml:title>
        <dev:code>PS C:\&gt; Disconnect-AzureAD</dev:code>
        <dev:remarks>
          <maml:para>Mit diesem Befehl wird Ihre Sitzung von einem Mandanten getrennt.</maml:para>
        </dev:remarks>
      </command:example>
    </command:examples>
    <command:relatedLinks>
      <maml:navigationLink>
        <maml:linkText>Connect-AzureAD</maml:linkText>
        <maml:uri></maml:uri>
      </maml:navigationLink>
    </command:relatedLinks>
  </command:command>
  <command:command xmlns:maml="http://schemas.microsoft.com/maml/2004/10" xmlns:command="http://schemas.microsoft.com/maml/dev/command/2004/10" xmlns:dev="http://schemas.microsoft.com/maml/dev/2004/10" xmlns:MSHelp="http://msdn.microsoft.com/mshelp">
    <command:details>
      <command:name>Get-AzureADCurrentSessionInfo</command:name>
      <command:verb>Get</command:verb>
      <command:noun>AzureADCurrentSessionInfo</command:noun>
      <maml:description>
        <maml:para>Dieses Cmdlet gibt den aktuellen Sitzungsstatus zurück.</maml:para>
      </maml:description>
    </command:details>
    <maml:description>
      <maml:para>Dieses Cmdlet gibt den aktuellen Sitzungsstatus zurück.</maml:para>
    </maml:description>
    <command:syntax>
      <command:syntaxItem>
        <maml:name>Get-AzureADCurrentSessionInfo</maml:name>
        <command:parameter required="false" variableLength="true" globbing="false" pipelineInput="False" position="named" aliases="cf">
          <maml:name>Confirm</maml:name>
          <maml:Description>
            <maml:para>Hiermit werden Sie vor der Ausführung des Cmdlets zur Bestätigung aufgefordert.</maml:para>
          </maml:Description>
          <dev:type>
            <maml:name>SwitchParameter</maml:name>
            <maml:uri/>
          </dev:type>
          <dev:defaultValue>False</dev:defaultValue>
        </command:parameter>
        <command:parameter required="false" variableLength="true" globbing="false" pipelineInput="False" position="named" aliases="wi">
          <maml:name>WhatIf</maml:name>
          <maml:Description>
            <maml:para>Zeigt, was geschieht, wenn das Cmdlet ausgeführt wird. Das Cmdlet wird nicht ausgeführt.</maml:para>
          </maml:Description>
          <dev:type>
            <maml:name>SwitchParameter</maml:name>
            <maml:uri/>
          </dev:type>
          <dev:defaultValue>False</dev:defaultValue>
        </command:parameter>
      </command:syntaxItem>
    </command:syntax>
    <command:parameters>
      <command:parameter required="false" variableLength="true" globbing="false" pipelineInput="False" position="named" aliases="cf">
        <maml:name>Confirm</maml:name>
        <maml:Description>
          <maml:para>Hiermit werden Sie vor der Ausführung des Cmdlets zur Bestätigung aufgefordert.</maml:para>
        </maml:Description>
        <command:parameterValue required="false" variableLength="false">SwitchParameter</command:parameterValue>
        <dev:type>
          <maml:name>SwitchParameter</maml:name>
          <maml:uri/>
        </dev:type>
        <dev:defaultValue>False</dev:defaultValue>
      </command:parameter>
      <command:parameter required="false" variableLength="true" globbing="false" pipelineInput="False" position="named" aliases="wi">
        <maml:name>WhatIf</maml:name>
        <maml:Description>
          <maml:para>Zeigt, was geschieht, wenn das Cmdlet ausgeführt wird. Das Cmdlet wird nicht ausgeführt.</maml:para>
        </maml:Description>
        <command:parameterValue required="false" variableLength="false">SwitchParameter</command:parameterValue>
        <dev:type>
          <maml:name>SwitchParameter</maml:name>
          <maml:uri/>
        </dev:type>
        <dev:defaultValue>False</dev:defaultValue>
      </command:parameter>
    </command:parameters>
    <command:inputTypes>
      <command:inputType>
        <dev:type>
          <maml:name>None</maml:name>
        </dev:type>
        <maml:description>
          <maml:para></maml:para>
        </maml:description>
      </command:inputType>
    </command:inputTypes>
    <command:returnValues>
      <command:returnValue>
        <dev:type>
          <maml:name>System.Object</maml:name>
        </dev:type>
        <maml:description>
          <maml:para></maml:para>
        </maml:description>
      </command:returnValue>
    </command:returnValues>
    <maml:alertSet>
      <maml:alert>
        <maml:para></maml:para>
      </maml:alert>
    </maml:alertSet>
    <command:examples>
      <command:example>
        <maml:title>Beispiel 1</maml:title>
        <dev:code>Get-AzureADCurrentSessionInfo

Account                       Environment TenantId
-------                       ----------- --------
Karen@drumkit.onmicrosoft.com AzureCloud  85b5ff1e-0402-400c-9e3c-0f9e965325d1</dev:code>
        <dev:remarks>
          <maml:para></maml:para>
        </dev:remarks>
      </command:example>
    </command:examples>
    <command:relatedLinks/>
  </command:command>
</helpItems>
